/* generated by tools/make_logo_header.py from docs/logo.png — do not edit */
#define LOGO_TEX_W 512
#define LOGO_TEX_H 128
#define LOGO_W 384
#define LOGO_H 102
static const unsigned short logo_px[LOGO_TEX_W * LOGO_TEX_H] = {
  0xF75B,0xF75B,0xF75B,0xF75B,0xF75B,0xF75B,0xF75B,0xF75B,0xF75B,0xF35A,0xF35A,0xF75B,0xFB7C,0xFB9C,0xFF9D,0xFF9D,
  0xFF9D,0xFF9D,0xFF9D,0xFF9D,0xFB9D,0xFB7C,0xF75B,0xF35B,0xF35A,0xF75B,0xF75B,0xF75B,0xF75B,0xF75B,0xF75B,0xF75B,
  0xF75B,0xF75B,0xF75B,0xF75B,0xF75B,0xF75B,0xF75B,0xF75B,0xF75B,0xF75B,0xF75B,0xF75B,0xF75B,0xF75B,0xF75B,0xF75B,
  0xF75B,0xF75B,0xF75B,0xF75B,0xF75B,0xF75B,0xF75B,0xF75B,0xF75B,0xF35B,0xF77C,0xE2D7,0xC1EF,0xCA31,0xCA52,0xCA52,
  0xCA52,0xCA52,0xCA52,0xCA52,0xCA52,0xCA52,0xCA52,0xCA52,0xCA52,0xCA52,0xCA52,0xCA52,0xCA52,0xCA52,0xCA52,0xCA52,
  0xCA52,0xCE73,0xD294,0xD6B5,0xDAD6,0xE318,0xE739,0xEF7B,0xF39C,0xF7BD,0xF7BD,0xF39C,0xEF7B,0xEF7B,0xEF7B,0xEF7B,
  0xEF7B,0xEF7B,0xEF7B,0xEF7B,0xEF7B,0xEF7B,0xEF7B,0xEF7B,0xEF7B,0xEF7B,0xEF7B,0xEF7B,0xEF7B,0xEF7B,0xEF7B,0xEF7B,
  0xEF7B,0xEF7B,0xEF7B,0xEF7B,0xEF7B,0xEF7B,0xF39B,0xF39C,0xF39C,0xF39C,0xF39C,0xF39C,0xF39C,0xF39C,0xF39C,0xF39C,
  0xF39C,0xF39C,0xF39C,0xF39C,0xF39C,0xF39C,0xF39C,0xF39C,0xF39C,0xF39C,0xF39C,0xF39C,0xF39C,0xF39C,0xF39C,0xF39C,
  0xF39C,0xF39C,0xF39C,0xF39C,0xF39C,0xF39C,0xF39C,0xF39C,0xF39C,0xF39C,0xF39C,0xF39C,0xF39C,0xF39C,0xF39C,0xF39C,
  0xF39C,0xF39C,0xF39C,0xF39C,0xF39C,0xF39C,0xF39C,0xF39C,0xF39C,0xF39C,0xF39C,0xF39C,0xF39C,0xF39C,0xF39C,0xF39C,
  0xF39C,0xF39C,0xF39C,0xF39C,0xF39C,0xF39C,0xF39C,0xF39C,0xF39C,0xF39C,0xF39C,0xF39C,0xF39C,0xF39C,0xF39C,0xF39C,
  0xF39C,0xF39C,0xF39C,0xF39C,0xF39C,0xF39C,0xF39C,0xF7BD,0xF7BD,0xF7BD,0xF7BD,0xF7BD,0xF7BD,0xF7BD,0xF7BD,0xF7BD,
  0xF7BD,0xF7BD,0xF7BD,0xF7BD,0xF7BD,0xF7BD,0xF7BD,0xF7BD,0xF7BD,0xF7BD,0xF7BD,0xF7BD,0xF7BD,0xF7BD,0xF7BD,0xF7BD,
  0xF7BD,0xF7BD,0xF7BD,0xF7BD,0xF7BD,0xF7BD,0xF7BD,0xF7BD,0xF7BD,0xF7BD,0xF7BD,0xF7BD,0xF7BD,0xF7BD,0xF7BD,0xF7BD,
  0xF7BD,0xF7BD,0xF7BD,0xF7BD,0xF7BD,0xF7BD,0xF7BD,0xF7BD,0xF7BD,0xF7BD,0xF7BD,0xF7BD,0xF7BD,0xF7BD,0xF7BD,0xF7BD,
  0xF7BD,0xF7BD,0xF7BD,0xF7BD,0xF7BD,0xF7BD,0xF7BD,0xF7BD,0xF7BD,0xF7BD,0xF7BD,0xF7BD,0xF7BD,0xF7BD,0xF7BD,0xF7BD,
  0xF7BD,0xF7BD,0xF7BD,0xF7BD,0xF7BD,0xF7BD,0xF7DD,0xFBDE,0xFBDE,0xFBDE,0xFBDE,0xFBDE,0xFBDE,0xFBDE,0xFBDE,0xFBDE,
  0xFBDE,0xFBDE,0xFBDE,0xFBDE,0xFBDE,0xFBDE,0xFBDE,0xFBDE,0xFBDE,0xFBDE,0xFBDE,0xFBDE,0xFBDE,0xFBDE,0xFBDE,0xFBDE,
  0xFBDE,0xFBDE,0xFBDE,0xFBDE,0xFBDE,0xFBDE,0xFBDE,0xFBDE,0xFBDE,0xFBDE,0xFBDE,0xFBDE,0xFBDE,0xFBDE,0xFBDE,0xFBDE,
  0xFBDE,0xFBDE,0xFBDE,0xFBDE,0xFBDE,0xFBDE,0xFBDE,0xFBDE,0xFBDE,0xFBDE,0xFBDE,0xFBDE,0xFBDE,0xFBDE,0xFBDE,0xFBDE,
  0xFBDE,0xFBDE,0xFBDE,0xFBDE,0xFBDE,0xFBDE,0xFBDE,0xFBDE,0xFBDE,0xFBDE,0xFBDE,0xFBDE,0xFBDE,0xFBDE,0xFBDE,0xFBDE,
  0xFBDE,0xFBDE,0xFBDE,0xFBDE,0xFBDE,0xFBDE,0xFBDE,0xFBDE,0xFBDE,0xFBDE,0xFFFF,0xFFFF,0xFFFF,0xFFFF,0xFFFF,0xFFFF,
  0xFFFF,0xFFFF,0xFFFF,0xFFFF,0xFFFF,0xFFFF,0xFFFF,0xFFFF,0xFFFF,0xFFFF,0xFFFF,0xFFFF,0xFFFF,0xFFFF,0xFFFF,0xFFFF,
  0x0000,0x0000,0x0000,0x0000,0x0000,0x0000,0x0000,0x0000,0x0000,0x0000,0x0000,0x0000,0x0000,0x0000,0x0000,0x0000,
  0x0000,0x0000,0x0000,0x0000,0x0000,0x0000,0x0000,0x0000,0x0000,0x0000,0x0000,0x0000,0x0000,0x0000,0x0000,0x0000,
  0x0000,0x0000,0x0000,0x0000,0x0000,0x0000,0x0000,0x0000,0x0000,0x0000,0x0000,0x0000,0x0000,0x0000,0x0000,0x0000,
  0x0000,0x0000,0x0000,0x0000,0x0000,0x0000,0x0000,0x0000,0x0000,0x0000,0x0000,0x0000,0x0000,0x0000,0x0000,0x0000,
  0x0000,0x0000,0x0000,0x0000,0x0000,0x0000,0x0000,0x0000,0x0000,0x0000,0x0000,0x0000,0x0000,0x0000,0x0000,0x0000,
  0x0000,0x0000,0x0000,0x0000,0x0000,0x0000,0x0000,0x0000,0x0000,0x0000,0x0000,0x0000,0x0000,0x0000,0x0000,0x0000,
  0x0000,0x0000,0x0000,0x0000,0x0000,0x0000,0x0000,0x0000,0x0000,0x0000,0x0000,0x0000,0x0000,0x0000,0x0000,0x0000,
  0x0000,0x0000,0x0000,0x0000,0x0000,0x0000,0x0000,0x0000,0x0000,0x0000,0x0000,0x0000,0x0000,0x0000,0x0000,0x0000,
  0xF35A,0xF75B,0xF75B,0xF75B,0xF75B,0xF75B,0xF35B,0xF35A,0xF75B,0xFB7C,0xFB7C,0xF35A,0xE6F7,0xD674,0xCA11,0xC1CF,
  0xBDAE,0xB9AD,0xBDAE,0xC5F0,0xD252,0xE2B6,0xF33A,0xFB7C,0xFB7C,0xF75B,0xF35A,0xF75B,0xF75B,0xF75B,0xF75B,0xF75B,
  0xF75B,0xF75B,0xF75B,0xF75B,0xF75B,0xF75B,0xF75B,0xF75B,0xF75B,0xF75B,0xF75B,0xF75B,0xF75B,0xF75B,0xF75B,0xF75B,
  0xF75B,0xF75B,0xF75B,0xF75B,0xF75B,0xF75B,0xF75B,0xF75B,0xF75B,0xF33A,0xFF9C,0xC5F0,0x8000,0x8000,0x8000,0x8000,
  0x8000,0x8000,0x8000,0x8000,0x8000,0x8000,0x8000,0x8000,0x8000,0x8000,0x8000,0x8000,0x8000,0x8000,0x8000,0x8000,
  0x8000,0x8000,0x8000,0x8000,0x8000,0x8000,0x8421,0x8C63,0x94A5,0xA529,0xB5AD,0xC631,0xD6B4,0xDAD6,0xDAD6,0xD6B5,
  0xD2B4,0xD6B5,0xD6B5,0xD6B5,0xD6B5,0xD6B5,0xD6B5,0xD6B5,0xD6B5,0xD6B5,0xD6B5,0xD6B5,0xD6B5,0xD6B5,0xD6B5,0xD6B5,
  0xD6B5,0xD6B5,0xD6B5,0xD6B5,0xD6B5,0xD6B5,0xDAD6,0xDAD6,0xDAD6,0xDAD6,0xDAD6,0xDAD6,0xDAD6,0xDAD6,0xDAD6,0xDAD6,
  0xDAD6,0xDAD6,0xDAD6,0xDAD6,0xDAD6,0xDAD6,0xDAD6,0xDAD6,0xDAD6,0xDAD6,0xDAD6,0xDAD6,0xDAD6,0xDAD6,0xDAD6,0xDAD6,
  0xDAD6,0xDAD6,0xDAD6,0xDAD6,0xDEF6,0xDEF7,0xDEF7,0xDEF7,0xDEF7,0xDEF7,0xDEF7,0xDEF7,0xDEF7,0xDEF7,0xDEF7,0xDEF7,
  0xDEF7,0xDEF7,0xDEF7,0xDEF7,0xDEF7,0xDEF7,0xDEF7,0xDEF7,0xDEF7,0xDEF7,0xDEF7,0xDEF7,0xDEF7,0xDEF7,0xDEF7,0xDEF7,
  0xDEF7,0xDEF7,0xDEF7,0xDEF7,0xDEF7,0xDF17,0xE318,0xE318,0xE318,0xE318,0xE318,0xE318,0xE318,0xE318,0xE318,0xE318,
  0xE318,0xE318,0xE318,0xE318,0xE318,0xE318,0xE318,0xE318,0xE318,0xE318,0xE318,0xE318,0xE318,0xE318,0xE318,0xE318,
  0xE318,0xE318,0xE318,0xE318,0xE318,0xE318,0xE718,0xE739,0xE739,0xE739,0xE739,0xE739,0xE739,0xE739,0xE739,0xE739,
  0xE739,0xE739,0xE739,0xE739,0xE739,0xE739,0xE739,0xE739,0xE739,0xE739,0xE739,0xE739,0xE739,0xE739,0xE739,0xE739,
  0xE739,0xE739,0xE739,0xE739,0xE739,0xEB59,0xEB5A,0xEB5A,0xEB5A,0xEB5A,0xEB5A,0xEB5A,0xEB5A,0xEB5A,0xEB5A,0xEB5A,
  0xEB5A,0xEB5A,0xEB5A,0xEB5A,0xEB5A,0xEB5A,0xEB5A,0xEB5A,0xEB5A,0xEB5A,0xEB5A,0xEB5A,0xEB5A,0xEB5A,0xEB5A,0xEB5A,
  0xEB5A,0xEB5A,0xEB5A,0xEB5A,0xEB5A,0xEB5A,0xEF7B,0xEF7B,0xEF7B,0xEF7B,0xEF7B,0xEF7B,0xEF7B,0xEF7B,0xEF7B,0xEF7B,
  0xEF7B,0xEF7B,0xEF7B,0xEF7B,0xEF7B,0xEF7B,0xEF7B,0xEF7B,0xEF7B,0xEF7B,0xEF7B,0xEF7B,0xEF7B,0xEF7B,0xEF7B,0xEF7B,
  0xEF7B,0xEF7B,0xEF7B,0xEF7B,0xEF7B,0xEF7B,0xEF7C,0xF39B,0xF39C,0xF39C,0xF39C,0xF39C,0xF39C,0xF39C,0xF39C,0xF39C,
  0xF39C,0xF39C,0xF39C,0xF39C,0xF39C,0xF39C,0xF39C,0xF39C,0xF39C,0xF39C,0xF39C,0xF39C,0xF39C,0xF39C,0xF39C,0xF39C,
  0xF39C,0xF39C,0xF39C,0xF39C,0xF39C,0xF39C,0xF7BC,0xF7BD,0xF7BD,0xF7BD,0xF7BD,0xF7BD,0xF7BD,0xF7BD,0xF7BD,0xF7BD,
  0xF7BD,0xF7BD,0xF7BD,0xF7BD,0xF7BD,0xF7BD,0xF7BD,0xF7BD,0xF7BD,0xF7BD,0xF7BD,0xF7BD,0xF7BD,0xF7BD,0xF7BD,0xF7BD,
  0xF7BD,0xF7BD,0xF7BD,0xF7BD,0xF7BD,0xF7BD,0xF7BD,0xFBDE,0xFBDE,0xFBDE,0xFBDE,0xFBDE,0xFBDE,0xFBDE,0xFFFF,0xFFFF,
  0x0000,0x0000,0x0000,0x0000,0x0000,0x0000,0x0000,0x0000,0x0000,0x0000,0x0000,0x0000,0x0000,0x0000,0x0000,0x0000,
  0x0000,0x0000,0x0000,0x0000,0x0000,0x0000,0x0000,0x0000,0x0000,0x0000,0x0000,0x0000,0x0000,0x0000,0x0000,0x0000,
  0x0000,0x0000,0x0000,0x0000,0x0000,0x0000,0x0000,0x0000,0x0000,0x0000,0x0000,0x0000,0x0000,0x0000,0x0000,0x0000,
  0x0000,0x0000,0x0000,0x0000,0x0000,0x0000,0x0000,0x0000,0x0000,0x0000,0x0000,0x0000,0x0000,0x0000,0x0000,0x0000,
  0x0000,0x0000,0x0000,0x0000,0x0000,0x0000,0x0000,0x0000,0x0000,0x0000,0x0000,0x0000,0x0000,0x0000,0x0000,0x0000,
  0x0000,0x0000,0x0000,0x0000,0x0000,0x0000,0x0000,0x0000,0x0000,0x0000,0x0000,0x0000,0x0000,0x0000,0x0000,0x0000,
  0x0000,0x0000,0x0000,0x0000,0x0000,0x0000,0x0000,0x0000,0x0000,0x0000,0x0000,0x0000,0x0000,0x0000,0x0000,0x0000,
  0x0000,0x0000,0x0000,0x0000,0x0000,0x0000,0x0000,0x0000,0x0000,0x0000,0x0000,0x0000,0x0000,0x0000,0x0000,0x0000,
  0xF35B,0xF75B,0xF75B,0xF75B,0xF75B,0xF35A,0xF75B,0xFF9C,0xEF3A,0xCE32,0xA92A,0x9084,0x8000,0x8000,0x8000,0x8000,
  0x8000,0x8000,0x8000,0x8000,0x8000,0x8000,0x8C63,0xA929,0xCE52,0xF35A,0xFB9C,0xF35A,0xF35A,0xF75B,0xF75B,0xF75B,
  0xF75B,0xF75B,0xF75B,0xF75B,0xF75B,0xF75B,0xF75B,0xF75B,0xF75B,0xF75B,0xF75B,0xF75B,0xF75B,0xF75B,0xF75B,0xF75B,
  0xF75B,0xF75B,0xF75B,0xF75B,0xF75B,0xF75B,0xF75B,0xF75B,0xF75B,0xF35A,0xFF9C,0xCA10,0x8000,0x8000,0x8000,0x8000,
  0x8000,0x8000,0x8000,0x8000,0x8000,0x8000,0x8000,0x8000,0x8000,0x8000,0x8000,0x8000,0x8000,0x8000,0x8000,0x8000,
  0x8000,0x8000,0x8000,0x8000,0x8000,0x8000,0x8000,0x8000,0x8000,0x8000,0x8000,0x8000,0x8C63,0xA529,0xBDEF,0xD6B5,
  0xDEF7,0xDAD6,0xD6B5,0xD6B5,0xDAD6,0xDAD6,0xDAD6,0xDAD6,0xDAD6,0xDAD6,0xDAD6,0xDAD6,0xDAD6,0xDAD6,0xDAD6,0xDAD6,
  0xDAD6,0xDAD6,0xDAD6,0xDAD6,0xDAD6,0xDAD6,0xDAD6,0xDAD6,0xDAD6,0xDAD6,0xDAD6,0xDAD6,0xDAD6,0xDAD6,0xDAD6,0xDAD6,
  0xDAD6,0xDAD6,0xDAD6,0xDEF7,0xDEF7,0xDEF7,0xDEF7,0xDEF7,0xDEF7,0xDEF7,0xDEF7,0xDEF7,0xDEF7,0xDEF7,0xDEF7,0xDEF7,
  0xDEF7,0xDEF7,0xDEF7,0xDEF7,0xDEF7,0xDEF7,0xDEF7,0xDEF7,0xDEF7,0xDEF7,0xDEF7,0xDEF7,0xDEF7,0xDEF7,0xDEF7,0xDEF7,
  0xDEF7,0xDEF7,0xDEF7,0xDEF7,0xDEF7,0xE318,0xE318,0xE318,0xE318,0xE318,0xE318,0xE318,0xE318,0xE318,0xE318,0xE318,
  0xE318,0xE318,0xE318,0xE318,0xE318,0xE318,0xE318,0xE318,0xE318,0xE318,0xE318,0xE318,0xE318,0xE318,0xE318,0xE318,
  0xE318,0xE318,0xE318,0xE318,0xE318,0xE318,0xE318,0xE739,0xE739,0xE739,0xE739,0xE739,0xE739,0xE739,0xE739,0xE739,
  0xE739,0xE739,0xE739,0xE739,0xE739,0xE739,0xE739,0xE739,0xE739,0xE739,0xE739,0xE739,0xE739,0xE739,0xE739,0xE739,
  0xE739,0xE739,0xE739,0xE739,0xE739,0xE739,0xE739,0xE739,0xE739,0xEB5A,0xEB5A,0xEB5A,0xEB5A,0xEB5A,0xEB5A,0xEB5A,
  0xEB5A,0xEB5A,0xEB5A,0xEB5A,0xEB5A,0xEB5A,0xEB5A,0xEB5A,0xEB5A,0xEB5A,0xEB5A,0xEB5A,0xEB5A,0xEB5A,0xEB5A,0xEB5A,
  0xEB5A,0xEB5A,0xEB5A,0xEB5A,0xEB5A,0xEB5A,0xEB5A,0xEB5A,0xEB5A,0xEB5A,0xEB5A,0xEB5A,0xEB5A,0xEF7B,0xEF7B,0xEF7B,
  0xEF7B,0xEF7B,0xEF7B,0xEF7B,0xEF7B,0xEF7B,0xEF7B,0xEF7B,0xEF7B,0xEF7B,0xEF7B,0xEF7B,0xEF7B,0xEF7B,0xEF7B,0xEF7B,
  0xEF7B,0xEF7B,0xEF7B,0xEF7B,0xEF7B,0xEF7B,0xEF7B,0xEF7B,0xEF7B,0xEF7B,0xEF7B,0xEF7B,0xEF7B,0xEF7B,0xEF7B,0xF37C,
  0xF39C,0xF39C,0xF39C,0xF39C,0xF39C,0xF39C,0xF39C,0xF39C,0xF39C,0xF39C,0xF39C,0xF39C,0xF39C,0xF39C,0xF39C,0xF39C,
  0xF39C,0xF39C,0xF39C,0xF39C,0xF39C,0xF39C,0xF39C,0xF39C,0xF39C,0xF39C,0xF39C,0xF39C,0xF39C,0xF39C,0xF39C,0xF39C,
  0xF39C,0xF7BD,0xF7BD,0xF7BD,0xF7BD,0xF7BD,0xF7BD,0xF7BD,0xF7BD,0xF7BD,0xF7BD,0xF7BD,0xF7BD,0xF7BD,0xF7BD,0xF7BD,
  0xF7BD,0xF7BD,0xF7BD,0xF7BD,0xF7BD,0xF7BD,0xF7BD,0xF7BD,0xF7BD,0xF7BD,0xF7BD,0xF7BD,0xF7BD,0xF7BD,0xF7BD,0xF7BD,
  0xF7BD,0xF7BD,0xF7BD,0xFBDE,0xFBDE,0xFBDE,0xFBDE,0xFBDE,0xFBDE,0xFBDE,0xFBDE,0xFBDE,0xFBDE,0xFBDE,0xFFFF,0xFFFF,
  0x0000,0x0000,0x0000,0x0000,0x0000,0x0000,0x0000,0x0000,0x0000,0x0000,0x0000,0x0000,0x0000,0x0000,0x0000,0x0000,
  0x0000,0x0000,0x0000,0x0000,0x0000,0x0000,0x0000,0x0000,0x0000,0x0000,0x0000,0x0000,0x0000,0x0000,0x0000,0x0000,
  0x0000,0x0000,0x0000,0x0000,0x0000,0x0000,0x0000,0x0000,0x0000,0x0000,0x0000,0x0000,0x0000,0x0000,0x0000,0x0000,
  0x0000,0x0000,0x0000,0x0000,0x0000,0x0000,0x0000,0x0000,0x0000,0x0000,0x0000,0x0000,0x0000,0x0000,0x0000,0x0000,
  0x0000,0x0000,0x0000,0x0000,0x0000,0x0000,0x0000,0x0000,0x0000,0x0000,0x0000,0x0000,0x0000,0x0000,0x0000,0x0000,
  0x0000,0x0000,0x0000,0x0000,0x0000,0x0000,0x0000,0x0000,0x0000,0x0000,0x0000,0x0000,0x0000,0x0000,0x0000,0x0000,
  0x0000,0x0000,0x0000,0x0000,0x0000,0x0000,0x0000,0x0000,0x0000,0x0000,0x0000,0x0000,0x0000,0x0000,0x0000,0x0000,
  0x0000,0x0000,0x0000,0x0000,0x0000,0x0000,0x0000,0x0000,0x0000,0x0000,0x0000,0x0000,0x0000,0x0000,0x0000,0x0000,
  0xF35B,0xF75B,0xF75A,0xF75B,0xF33A,0xFB7C,0xF33A,0xBDCE,0x8C63,0x8000,0x8000,0x8000,0x8000,0x8000,0x8000,0x8000,
  0x8000,0x8000,0x8000,0x8000,0x8000,0x8000,0x8000,0x8000,0x8000,0x9484,0xCA31,0xFB7C,0xF75B,0xF33A,0xF75B,0xF75B,
  0xF75B,0xF75B,0xF75B,0xF75A,0xF75B,0xF75B,0xF75B,0xF75B,0xF75B,0xF75A,0xF75B,0xF75B,0xF75B,0xF75B,0xF75B,0xF75B,
  0xF75A,0xF75B,0xF75B,0xF75B,0xF75B,0xF75B,0xF75A,0xF75B,0xF75B,0xF33A,0xFB9C,0xCA10,0x8000,0x8000,0x8000,0x8000,
  0x8000,0x8000,0x8000,0x8000,0x8000,0x8000,0x8000,0x8000,0x8000,0x8000,0x8000,0x8000,0x8000,0x8000,0x8000,0x8000,
  0x8000,0x8000,0x8000,0x8000,0x8000,0x8000,0x8000,0x8000,0x8000,0x8000,0x8000,0x8000,0x8000,0x8000,0x8000,0x8C63,
  0xAD6B,0xD294,0xDEF7,0xDAD6,0xD6B5,0xDAD6,0xDAD6,0xDAD6,0xDAD6,0xDAD6,0xDAD6,0xDAD6,0xDAD6,0xDAD6,0xDAD6,0xDAD6,
  0xDAD6,0xDAD6,0xDAD6,0xDAD6,0xDAD6,0xDAD6,0xDAD6,0xDAD6,0xDAD6,0xDAD6,0xDAD6,0xDAD6,0xDAD6,0xDAD6,0xDAD6,0xDAD6,
  0xDAD6,0xDAD6,0xDAD6,0xDAD6,0xDAD6,0xDAD6,0xDED6,0xDEF7,0xDEF7,0xDEF7,0xDEF7,0xDEF7,0xDEF7,0xDEF7,0xDEF7,0xDEF7,
  0xDEF7,0xDEF7,0xDEF7,0xDEF7,0xDEF7,0xDEF7,0xDEF7,0xDEF7,0xDEF7,0xDEF7,0xDEF7,0xDEF7,0xDEF7,0xDEF7,0xDEF7,0xDEF7,
  0xDEF7,0xDEF7,0xDEF7,0xDEF7,0xDEF7,0xDEF7,0xDEF7,0xDEF7,0xDEF7,0xE318,0xE318,0xE318,0xE318,0xE318,0xE318,0xE318,
  0xE318,0xE318,0xE318,0xE318,0xE318,0xE318,0xE318,0xE318,0xE318,0xE318,0xE318,0xE318,0xE318,0xE318,0xE318,0xE318,
  0xE318,0xE318,0xE318,0xE318,0xE318,0xE318,0xE318,0xE318,0xE318,0xE318,0xE338,0xE739,0xE739,0xE739,0xE739,0xE739,
  0xE739,0xE739,0xE739,0xE739,0xE739,0xE739,0xE739,0xE739,0xE739,0xE739,0xE739,0xE739,0xE739,0xE739,0xE739,0xE739,
  0xE739,0xE739,0xE739,0xE739,0xE739,0xE739,0xE739,0xE739,0xE739,0xE739,0xE739,0xE739,0xE75A,0xEB5A,0xEB5A,0xEB5A,
  0xEB5A,0xEB5A,0xEB5A,0xEB5A,0xEB5A,0xEB5A,0xEB5A,0xEB5A,0xEB5A,0xEB5A,0xEB5A,0xEB5A,0xEB5A,0xEB5A,0xEB5A,0xEB5A,
  0xEB5A,0xEB5A,0xEB5A,0xEB5A,0xEB5A,0xEB5A,0xEB5A,0xEB5A,0xEB5A,0xEB5A,0xEB5A,0xEB5A,0xEB5A,0xEB5A,0xEF7B,0xEF7B,
  0xEF7B,0xEF7B,0xEF7B,0xEF7B,0xEF7B,0xEF7B,0xEF7B,0xEF7B,0xEF7B,0xEF7B,0xEF7B,0xEF7B,0xEF7B,0xEF7B,0xEF7B,0xEF7B,
  0xEF7B,0xEF7B,0xEF7B,0xEF7B,0xEF7B,0xEF7B,0xEF7B,0xEF7B,0xEF7B,0xEF7B,0xEF7B,0xEF7B,0xEF7B,0xEF7B,0xEF7B,0xEF7B,
  0xF39C,0xF39C,0xF39C,0xF39C,0xF39C,0xF39C,0xF39C,0xF39C,0xF39C,0xF39C,0xF39C,0xF39C,0xF39C,0xF39C,0xF39C,0xF39C,
  0xF39C,0xF39C,0xF39C,0xF39C,0xF39C,0xF39C,0xF39C,0xF39C,0xF39C,0xF39C,0xF39C,0xF39C,0xF39C,0xF39C,0xF39C,0xF39C,
  0xF39C,0xF39C,0xF7BD,0xF7BD,0xF7BD,0xF7BD,0xF7BD,0xF7BD,0xF7BD,0xF7BD,0xF7BD,0xF7BD,0xF7BD,0xF7BD,0xF7BD,0xF7BD,
  0xF7BD,0xF7BD,0xF7BD,0xF7BD,0xF7BD,0xF7BD,0xF7BD,0xF7BD,0xF7BD,0xF7BD,0xF7BD,0xF7BD,0xF7BD,0xF7BD,0xF7BD,0xF7BD,
  0xF7BD,0xF7BD,0xF7BD,0xFBBD,0xFBDE,0xFBDE,0xFBDE,0xFBDE,0xFBDE,0xFBDE,0xFBDE,0xFBDE,0xFBDE,0xFBDE,0xFFFF,0xFFFF,
  0x0000,0x0000,0x0000,0x0000,0x0000,0x0000,0x0000,0x0000,0x0000,0x0000,0x0000,0x0000,0x0000,0x0000,0x0000,0x0000,
  0x0000,0x0000,0x0000,0x0000,0x0000,0x0000,0x0000,0x0000,0x0000,0x0000,0x0000,0x0000,0x0000,0x0000,0x0000,0x0000,
  0x0000,0x0000,0x0000,0x0000,0x0000,0x0000,0x0000,0x0000,0x0000,0x0000,0x0000,0x0000,0x0000,0x0000,0x0000,0x0000,
  0x0000,0x0000,0x0000,0x0000,0x0000,0x0000,0x0000,0x0000,0x0000,0x0000,0x0000,0x0000,0x0000,0x0000,0x0000,0x0000,
  0x0000,0x0000,0x0000,0x0000,0x0000,0x0000,0x0000,0x0000,0x0000,0x0000,0x0000,0x0000,0x0000,0x0000,0x0000,0x0000,
  0x0000,0x0000,0x0000,0x0000,0x0000,0x0000,0x0000,0x0000,0x0000,0x0000,0x0000,0x0000,0x0000,0x0000,0x0000,0x0000,
  0x0000,0x0000,0x0000,0x0000,0x0000,0x0000,0x0000,0x0000,0x0000,0x0000,0x0000,0x0000,0x0000,0x0000,0x0000,0x0000,
  0x0000,0x0000,0x0000,0x0000,0x0000,0x0000,0x0000,0x0000,0x0000,0x0000,0x0000,0x0000,0x0000,0x0000,0x0000,0x0000,
  0xF35B,0xF35A,0xF35A,0xF33A,0xFB7C,0xDEB6,0x9484,0x8000,0x8000,0x8000,0x8000,0x8000,0x8000,0x8000,0x8000,0x8000,
  0x8000,0x8000,0x8000,0x8000,0x8000,0x8000,0x8000,0x8000,0x8000,0x8000,0x8000,0xA508,0xEF39,0xF75B,0xF33A,0xF75A,
  0xF35A,0xF35A,0xF35A,0xF35A,0xF35A,0xF35A,0xF35A,0xF35A,0xF35A,0xF35A,0xF35A,0xF35A,0xF35A,0xF35A,0xF35A,0xF35A,
  0xF35A,0xF35A,0xF35A,0xF35A,0xF35A,0xF35A,0xF35A,0xF35A,0xF35A,0xF33A,0xFB7C,0xC610,0x8000,0x8000,0x8000,0x8000,
  0x8000,0x8000,0x8000,0x8000,0x8000,0x8000,0x8000,0x8000,0x8000,0x8000,0x8000,0x8000,0x8000,0x8000,0x8000,0x8000,
  0x8000,0x8000,0x8000,0x8000,0x8000,0x8000,0x8000,0x8000,0x8000,0x8000,0x8000,0x8000,0x8000,0x8000,0x8000,0x8000,
  0x8000,0x8421,0xAD6B,0xD6B5,0xDAD6,0xD6B5,0xDAD6,0xDAD6,0xDAD6,0xDAD6,0xDAD6,0xDAD6,0xDAD6,0xDAD6,0xDAD6,0xDAD6,
  0xDAD6,0xDAD6,0xDAD6,0xDAD6,0xDAD6,0xDAD6,0xDAD6,0xDAD6,0xDAD6,0xDAD6,0xDAD6,0xDAD6,0xDAD6,0xDAD6,0xDAD6,0xDAD6,
  0xDAD6,0xDAD6,0xDAD6,0xDAD6,0xDAD6,0xDAD6,0xDAD6,0xDEF7,0xDEF7,0xDEF7,0xDEF7,0xDEF7,0xDEF7,0xDEF7,0xDEF7,0xDEF7,
  0xDEF7,0xDEF7,0xDEF7,0xDEF7,0xDEF7,0xDEF7,0xDEF7,0xDEF7,0xDEF7,0xDEF7,0xDEF7,0xDEF7,0xDEF7,0xDEF7,0xDEF7,0xDEF7,
  0xDEF7,0xDEF7,0xDEF7,0xDEF7,0xDEF7,0xDEF7,0xDEF7,0xDEF7,0xDEF7,0xE318,0xE318,0xE318,0xE318,0xE318,0xE318,0xE318,
  0xE318,0xE318,0xE318,0xE318,0xE318,0xE318,0xE318,0xE318,0xE318,0xE318,0xE318,0xE318,0xE318,0xE318,0xE318,0xE318,
  0xE318,0xE318,0xE318,0xE318,0xE318,0xE318,0xE318,0xE318,0xE318,0xE318,0xE338,0xE739,0xE739,0xE739,0xE739,0xE739,
  0xE739,0xE739,0xE739,0xE739,0xE739,0xE739,0xE739,0xE739,0xE739,0xE739,0xE739,0xE739,0xE739,0xE739,0xE739,0xE739,
  0xE739,0xE739,0xE739,0xE739,0xE739,0xE739,0xE739,0xE739,0xE739,0xE739,0xE739,0xE73A,0xEB5A,0xEB5A,0xEB5A,0xEB5A,
  0xEB5A,0xEB5A,0xEB5A,0xEB5A,0xEB5A,0xEB5A,0xEB5A,0xEB5A,0xEB5A,0xEB5A,0xEB5A,0xEB5A,0xEB5A,0xEB5A,0xEB5A,0xEB5A,
  0xEB5A,0xEB5A,0xEB5A,0xEB5A,0xEB5A,0xEB5A,0xEB5A,0xEB5A,0xEB5A,0xEB5A,0xEB5A,0xEB5A,0xEB5A,0xEB5A,0xEF7B,0xEF7B,
  0xEF7B,0xEF7B,0xEF7B,0xEF7B,0xEF7B,0xEF7B,0xEF7B,0xEF7B,0xEF7B,0xEF7B,0xEF7B,0xEF7B,0xEF7B,0xEF7B,0xEF7B,0xEF7B,
  0xEF7B,0xEF7B,0xEF7B,0xEF7B,0xEF7B,0xEF7B,0xEF7B,0xEF7B,0xEF7B,0xEF7B,0xEF7B,0xEF7B,0xEF7B,0xEF7B,0xEF7B,0xEF7B,
  0xF39C,0xF39C,0xF39C,0xF39C,0xF39C,0xF39C,0xF39C,0xF39C,0xF39C,0xF39C,0xF39C,0xF39C,0xF39C,0xF39C,0xF39C,0xF39C,
  0xF39C,0xF39C,0xF39C,0xF39C,0xF39C,0xF39C,0xF39C,0xF39C,0xF39C,0xF39C,0xF39C,0xF39C,0xF39C,0xF39C,0xF39C,0xF39C,
  0xF39C,0xF39C,0xF7BD,0xF7BD,0xF7BD,0xF7BD,0xF7BD,0xF7BD,0xF7BD,0xF7BD,0xF7BD,0xF7BD,0xF7BD,0xF7BD,0xF7BD,0xF7BD,
  0xF7BD,0xF7BD,0xF7BD,0xF7BD,0xF7BD,0xF7BD,0xF7BD,0xF7BD,0xF7BD,0xF7BD,0xF7BD,0xF7BD,0xF7BD,0xF7BD,0xF7BD,0xF7BD,
  0xF7BD,0xF7BD,0xF7BD,0xFBDE,0xFBDE,0xFBDE,0xFBDE,0xFBDE,0xFBDE,0xFBDE,0xFBDE,0xFBDE,0xFBDE,0xFBDE,0xFFFF,0xFFFF,
  0x0000,0x0000,0x0000,0x0000,0x0000,0x0000,0x0000,0x0000,0x0000,0x0000,0x0000,0x0000,0x0000,0x0000,0x0000,0x0000,
  0x0000,0x0000,0x0000,0x0000,0x0000,0x0000,0x0000,0x0000,0x0000,0x0000,0x0000,0x0000,0x0000,0x0000,0x0000,0x0000,
  0x0000,0x0000,0x0000,0x0000,0x0000,0x0000,0x0000,0x0000,0x0000,0x0000,0x0000,0x0000,0x0000,0x0000,0x0000,0x0000,
  0x0000,0x0000,0x0000,0x0000,0x0000,0x0000,0x0000,0x0000,0x0000,0x0000,0x0000,0x0000,0x0000,0x0000,0x0000,0x0000,
  0x0000,0x0000,0x0000,0x0000,0x0000,0x0000,0x0000,0x0000,0x0000,0x0000,0x0000,0x0000,0x0000,0x0000,0x0000,0x0000,
  0x0000,0x0000,0x0000,0x0000,0x0000,0x0000,0x0000,0x0000,0x0000,0x0000,0x0000,0x0000,0x0000,0x0000,0x0000,0x0000,
  0x0000,0x0000,0x0000,0x0000,0x0000,0x0000,0x0000,0x0000,0x0000,0x0000,0x0000,0x0000,0x0000,0x0000,0x0000,0x0000,
  0x0000,0x0000,0x0000,0x0000,0x0000,0x0000,0x0000,0x0000,0x0000,0x0000,0x0000,0x0000,0x0000,0x0000,0x0000,0x0000,
  0xF35B,0xF35A,0xF33A,0xFB7C,0xDA94,0x8421,0x8000,0x8000,0x8000,0x8000,0x8000,0x8000,0x8000,0x8000,0x8000,0x8000,
  0x8000,0x8000,0x8000,0x8000,0x8000,0x8000,0x8000,0x8000,0x8000,0x8000,0x8000,0x8000,0x94A5,0xEF19,0xF75B,0xF33A,
  0xF35A,0xF35A,0xF35A,0xF35A,0xF35A,0xF35A,0xF35A,0xF35A,0xF35A,0xF35A,0xF35A,0xF35A,0xF35A,0xF35A,0xF35A,0xF35A,
  0xF35A,0xF35A,0xF35A,0xF35A,0xF35A,0xF35A,0xF35A,0xF35A,0xF35A,0xF33A,0xFB7C,0xC610,0x8000,0x8000,0x8000,0x8000,
  0x8000,0x8000,0x8000,0x8000,0x8000,0x8000,0x8000,0x8000,0x8000,0x8000,0x8000,0x8000,0x8000,0x8000,0x8000,0x8000,
  0x8000,0x8000,0x8000,0x8000,0x8000,0x8000,0x8000,0x8000,0x8000,0x8000,0x8000,0x8000,0x8000,0x8000,0x8000,0x8000,
  0x8000,0x8000,0x8000,0x9084,0xC631,0xDEF7,0xD6B5,0xDAD6,0xDAD6,0xDAD6,0xDAD6,0xDAD6,0xDAD6,0xDAD6,0xDAD6,0xDAD6,
  0xDAD6,0xDAD6,0xDAD6,0xDAD6,0xDAD6,0xDAD6,0xDAD6,0xDAD6,0xDAD6,0xDAD6,0xDAD6,0xDAD6,0xDAD6,0xDAD6,0xDAD6,0xDAD6,
  0xDAD6,0xDAD6,0xDAD6,0xDAD6,0xDAD6,0xDAD6,0xDAD6,0xDEF7,0xDEF7,0xDEF7,0xDEF7,0xDEF7,0xDEF7,0xDEF7,0xDEF7,0xDEF7,
  0xDEF7,0xDEF7,0xDEF7,0xDEF7,0xDEF7,0xDEF7,0xDEF7,0xDEF7,0xDEF7,0xDEF7,0xDEF7,0xDEF7,0xDEF7,0xDEF7,0xDEF7,0xDEF7,
  0xDEF7,0xDEF7,0xDEF7,0xDEF7,0xDEF7,0xDEF7,0xDEF7,0xDEF7,0xDEF7,0xE318,0xE318,0xE318,0xE318,0xE318,0xE318,0xE318,
  0xE318,0xE318,0xE318,0xE318,0xE318,0xE318,0xE318,0xE318,0xE318,0xE318,0xE318,0xE318,0xE318,0xE318,0xE318,0xE318,
  0xE318,0xE318,0xE318,0xE318,0xE318,0xE318,0xE318,0xE318,0xE318,0xE318,0xE738,0xE739,0xE739,0xE739,0xE739,0xE739,
  0xE739,0xE739,0xE739,0xE739,0xE739,0xE739,0xE739,0xE739,0xE739,0xE739,0xE739,0xE739,0xE739,0xE739,0xE739,0xE739,
  0xE739,0xE739,0xE739,0xE739,0xE739,0xE739,0xE739,0xE739,0xE739,0xE739,0xE739,0xE739,0xEB5A,0xEB5A,0xEB5A,0xEB5A,
  0xEB5A,0xEB5A,0xEB5A,0xEB5A,0xEB5A,0xEB5A,0xEB5A,0xEB5A,0xEB5A,0xEB5A,0xEB5A,0xEB5A,0xEB5A,0xEB5A,0xEB5A,0xEB5A,
  0xEB5A,0xEB5A,0xEB5A,0xEB5A,0xEB5A,0xEB5A,0xEB5A,0xEB5A,0xEB5A,0xEB5A,0xEB5A,0xEB5A,0xEB5A,0xEB5A,0xEF7B,0xEF7B,
  0xEF7B,0xEF7B,0xEF7B,0xEF7B,0xEF7B,0xEF7B,0xEF7B,0xEF7B,0xEF7B,0xEF7B,0xEF7B,0xEF7B,0xEF7B,0xEF7B,0xEF7B,0xEF7B,
  0xEF7B,0xEF7B,0xEF7B,0xEF7B,0xEF7B,0xEF7B,0xEF7B,0xEF7B,0xEF7B,0xEF7B,0xEF7B,0xEF7B,0xEF7B,0xEF7B,0xEF7B,0xEF7B,
  0xF39C,0xF39C,0xF39C,0xF39C,0xF39C,0xF39C,0xF39C,0xF39C,0xF39C,0xF39C,0xF39C,0xF39C,0xF39C,0xF39C,0xF39C,0xF39C,
  0xF39C,0xF39C,0xF39C,0xF39C,0xF39C,0xF39C,0xF39C,0xF39C,0xF39C,0xF39C,0xF39C,0xF39C,0xF39C,0xF39C,0xF39C,0xF39C,
  0xF39C,0xF39C,0xF7BD,0xF7BD,0xF7BD,0xF7BD,0xF7BD,0xF7BD,0xF7BD,0xF7BD,0xF7BD,0xF7BD,0xF7BD,0xF7BD,0xF7BD,0xF7BD,
  0xF7BD,0xF7BD,0xF7BD,0xF7BD,0xF7BD,0xF7BD,0xF7BD,0xF7BD,0xF7BD,0xF7BD,0xF7BD,0xF7BD,0xF7BD,0xF7BD,0xF7BD,0xF7BD,
  0xF7BD,0xF7BD,0xF7BD,0xFBDE,0xFBDE,0xFBDE,0xFBDE,0xFBDE,0xFBDE,0xFBDE,0xFBDE,0xFBDE,0xFBDE,0xFBDE,0xFFFF,0xFFFF,
  0x0000,0x0000,0x0000,0x0000,0x0000,0x0000,0x0000,0x0000,0x0000,0x0000,0x0000,0x0000,0x0000,0x0000,0x0000,0x0000,
  0x0000,0x0000,0x0000,0x0000,0x0000,0x0000,0x0000,0x0000,0x0000,0x0000,0x0000,0x0000,0x0000,0x0000,0x0000,0x0000,
  0x0000,0x0000,0x0000,0x0000,0x0000,0x0000,0x0000,0x0000,0x0000,0x0000,0x0000,0x0000,0x0000,0x0000,0x0000,0x0000,
  0x0000,0x0000,0x0000,0x0000,0x0000,0x0000,0x0000,0x0000,0x0000,0x0000,0x0000,0x0000,0x0000,0x0000,0x0000,0x0000,
  0x0000,0x0000,0x0000,0x0000,0x0000,0x0000,0x0000,0x0000,0x0000,0x0000,0x0000,0x0000,0x0000,0x0000,0x0000,0x0000,
  0x0000,0x0000,0x0000,0x0000,0x0000,0x0000,0x0000,0x0000,0x0000,0x0000,0x0000,0x0000,0x0000,0x0000,0x0000,0x0000,
  0x0000,0x0000,0x0000,0x0000,0x0000,0x0000,0x0000,0x0000,0x0000,0x0000,0x0000,0x0000,0x0000,0x0000,0x0000,0x0000,
  0x0000,0x0000,0x0000,0x0000,0x0000,0x0000,0x0000,0x0000,0x0000,0x0000,0x0000,0x0000,0x0000,0x0000,0x0000,0x0000,
  0xF35B,0xF33A,0xF75B,0xE6D7,0x8421,0x8000,0x8000,0x8000,0x8000,0x8000,0x8000,0x8000,0x8000,0x8000,0x8000,0x8000,
  0x8000,0x8000,0x8000,0x8000,0x8000,0x8000,0x8000,0x8000,0x8000,0x8000,0x8000,0x8000,0x8000,0x98C6,0xF75B,0xF35A,
  0xF33A,0xF33A,0xF33A,0xF33A,0xF33A,0xF33A,0xF33A,0xF33A,0xF33A,0xF33A,0xF35A,0xF33A,0xF35A,0xF33A,0xF33A,0xF33A,
  0xF33A,0xF33A,0xF33A,0xF33A,0xF33A,0xF33A,0xF33A,0xF35A,0xF33A,0xF33A,0xFB7C,0xC610,0x8000,0x8000,0x8000,0x8000,
  0x8000,0x8000,0x8000,0x8000,0x8000,0x8000,0x8000,0x8000,0x8000,0x8000,0x8000,0x8000,0x8000,0x8000,0x8000,0x8000,
  0x8000,0x8000,0x8000,0x8000,0x8000,0x8000,0x8000,0x8000,0x8000,0x8000,0x8000,0x8000,0x8000,0x8000,0x8000,0x8000,
  0x8000,0x8000,0x8000,0x8000,0x8000,0xB9CE,0xDEF7,0xD6B5,0xDAD6,0xDAD6,0xDAD6,0xDAD6,0xDAD6,0xDAD6,0xDAD6,0xDAD6,
  0xDAD6,0xDAD6,0xDAD6,0xDAD6,0xDAD6,0xDAD6,0xDAD6,0xDAD6,0xDAD6,0xDAD6,0xDAD6,0xDAD6,0xDAD6,0xDAD6,0xDAD6,0xDAD6,
  0xDAD6,0xDAD6,0xDAD6,0xDAD6,0xDAD6,0xDAD6,0xDAD6,0xDEF7,0xDEF7,0xDEF7,0xDEF7,0xDEF7,0xDEF7,0xDEF7,0xDEF7,0xDEF7,
  0xDEF7,0xDEF7,0xDEF7,0xDEF7,0xDEF7,0xDEF7,0xDEF7,0xDEF7,0xDEF7,0xDEF7,0xDEF7,0xDEF7,0xDEF7,0xDEF7,0xDEF7,0xDEF7,
  0xDEF7,0xDEF7,0xDEF7,0xDEF7,0xDEF7,0xDEF7,0xDEF7,0xDEF7,0xDEF7,0xE318,0xE318,0xE318,0xE318,0xE318,0xE318,0xE318,
  0xE318,0xE318,0xE318,0xE318,0xE318,0xE318,0xE318,0xE318,0xE318,0xE318,0xE318,0xE318,0xE318,0xE318,0xE318,0xE318,
  0xE318,0xE318,0xE318,0xE318,0xE318,0xE318,0xE318,0xE318,0xE318,0xE318,0xE739,0xE739,0xE739,0xE739,0xE739,0xE739,
  0xE739,0xE739,0xE739,0xE739,0xE739,0xE739,0xE739,0xE739,0xE739,0xE739,0xE739,0xE739,0xE739,0xE739,0xE739,0xE739,
  0xE739,0xE739,0xE739,0xE739,0xE739,0xE739,0xE739,0xE739,0xE739,0xE739,0xE739,0xE739,0xEB5A,0xEB5A,0xEB5A,0xEB5A,
  0xEB5A,0xEB5A,0xEB5A,0xEB5A,0xEB5A,0xEB5A,0xEB5A,0xEB5A,0xEB5A,0xEB5A,0xEB5A,0xEB5A,0xEB5A,0xEB5A,0xEB5A,0xEB5A,
  0xEB5A,0xEB5A,0xEB5A,0xEB5A,0xEB5A,0xEB5A,0xEB5A,0xEB5A,0xEB5A,0xEB5A,0xEB5A,0xEB5A,0xEB5A,0xEB5A,0xEF5B,0xEF7B,
  0xEF7B,0xEB5A,0xEB5A,0xEB5A,0xEB5A,0xEB5A,0xEB5A,0xEB5A,0xEB5A,0xEB5A,0xEB7A,0xEF7B,0xEF7B,0xEF7B,0xEF7B,0xEF7B,
  0xEF7B,0xEF7B,0xEF7B,0xEF7B,0xEF7B,0xEF7B,0xEF7B,0xEF7B,0xEF7B,0xEF7B,0xEF7B,0xEF7B,0xEF7B,0xEF7B,0xEF7B,0xF37B,
  0xF39C,0xF39C,0xF39C,0xF39C,0xF39C,0xF39C,0xF39C,0xEF7B,0xEF7B,0xEF7B,0xEF7B,0xEF7B,0xF39C,0xF39C,0xF39C,0xF39C,
  0xF39C,0xF39C,0xF39C,0xF39C,0xF39C,0xF39C,0xF39C,0xF39C,0xF39C,0xF39C,0xF39C,0xF39C,0xF39C,0xF39C,0xF39C,0xF39C,
  0xF39C,0xF3BD,0xF7BD,0xF7BD,0xF7BD,0xF7BD,0xF7BD,0xF7BD,0xF7BD,0xF7BD,0xF7BD,0xF7BD,0xF7BD,0xF7BD,0xF7BD,0xF7BD,
  0xF7BD,0xF7BD,0xF7BD,0xF7BD,0xF7BD,0xF7BD,0xF7BD,0xF7BD,0xF7BD,0xF7BD,0xF7BD,0xF7BD,0xF7BD,0xF7BD,0xF7BD,0xF7BD,
  0xF7BD,0xF7BD,0xF7BD,0xFBDE,0xFBDE,0xFBDE,0xFBDE,0xFBDE,0xFBDE,0xFBDE,0xFBDE,0xFBDE,0xFBDE,0xFBDE,0xFFFF,0xFFFF,
  0x0000,0x0000,0x0000,0x0000,0x0000,0x0000,0x0000,0x0000,0x0000,0x0000,0x0000,0x0000,0x0000,0x0000,0x0000,0x0000,
  0x0000,0x0000,0x0000,0x0000,0x0000,0x0000,0x0000,0x0000,0x0000,0x0000,0x0000,0x0000,0x0000,0x0000,0x0000,0x0000,
  0x0000,0x0000,0x0000,0x0000,0x0000,0x0000,0x0000,0x0000,0x0000,0x0000,0x0000,0x0000,0x0000,0x0000,0x0000,0x0000,
  0x0000,0x0000,0x0000,0x0000,0x0000,0x0000,0x0000,0x0000,0x0000,0x0000,0x0000,0x0000,0x0000,0x0000,0x0000,0x0000,
  0x0000,0x0000,0x0000,0x0000,0x0000,0x0000,0x0000,0x0000,0x0000,0x0000,0x0000,0x0000,0x0000,0x0000,0x0000,0x0000,
  0x0000,0x0000,0x0000,0x0000,0x0000,0x0000,0x0000,0x0000,0x0000,0x0000,0x0000,0x0000,0x0000,0x0000,0x0000,0x0000,
  0x0000,0x0000,0x0000,0x0000,0x0000,0x0000,0x0000,0x0000,0x0000,0x0000,0x0000,0x0000,0x0000,0x0000,0x0000,0x0000,
  0x0000,0x0000,0x0000,0x0000,0x0000,0x0000,0x0000,0x0000,0x0000,0x0000,0x0000,0x0000,0x0000,0x0000,0x0000,0x0000,
  0xF35B,0xF33A,0xF75B,0x9CC6,0x8000,0x8000,0x8000,0x8000,0x8000,0x8000,0x8000,0x8000,0x8000,0x8000,0x8000,0x8000,
  0x8000,0x8000,0x8000,0x8000,0x8000,0x8000,0x8000,0x8000,0x8000,0x8000,0x8000,0x8000,0x8000,0x8000,0xB98D,0xFB7C,
  0xF33A,0xF33A,0xF33A,0xF33A,0xF33A,0xF33A,0xF33A,0xF33A,0xF33A,0xF33A,0xF33A,0xF33A,0xF33A,0xF33A,0xF33A,0xF33A,
  0xF33A,0xF33A,0xF33A,0xF33A,0xF33A,0xF33A,0xF33A,0xF33A,0xF33A,0xF33A,0xFB7C,0xC610,0x8000,0x8000,0x8000,0x8000,
  0x8000,0x8000,0x8000,0x8000,0x8000,0x8000,0x8000,0x8000,0x8000,0x8000,0x8000,0x8000,0x8000,0x8000,0x8000,0x8000,
  0x8000,0x8000,0x8000,0x8000,0x8000,0x8000,0x8000,0x8000,0x8000,0x8000,0x8000,0x8000,0x8000,0x8000,0x8000,0x8000,
  0x8000,0x8000,0x8000,0x8000,0x8000,0x8000,0xB5AD,0xDEF7,0xD6B5,0xDAD6,0xDAD6,0xDAD6,0xDAD6,0xDAD6,0xDAD6,0xDAD6,
  0xDAD6,0xDAD6,0xDAD6,0xDAD6,0xDAD6,0xDAD6,0xDAD6,0xDAD6,0xDAD6,0xDAD6,0xDAD6,0xDAD6,0xDAD6,0xDAD6,0xDAD6,0xDAD6,
  0xDAD6,0xDAD6,0xDAD6,0xDAD6,0xDAD6,0xDAD6,0xDED6,0xDEF7,0xDEF7,0xDEF7,0xDEF7,0xDEF7,0xDEF7,0xDEF7,0xDEF7,0xDEF7,
  0xDEF7,0xDEF7,0xDEF7,0xDEF7,0xDEF7,0xDEF7,0xDEF7,0xDEF7,0xDEF7,0xDEF7,0xDEF7,0xDEF7,0xDEF7,0xDEF7,0xDEF7,0xDEF7,
  0xDEF7,0xDEF7,0xDEF7,0xDEF7,0xDEF7,0xDEF7,0xDEF7,0xDEF7,0xDEF8,0xE318,0xE318,0xE318,0xE318,0xE318,0xE318,0xE318,
  0xE318,0xE318,0xE318,0xE318,0xE318,0xE318,0xE318,0xE318,0xE318,0xE318,0xE318,0xE318,0xE318,0xE318,0xE318,0xE318,
  0xE318,0xE318,0xE318,0xE318,0xE318,0xE318,0xE318,0xE318,0xE318,0xE318,0xE339,0xE739,0xE739,0xE739,0xE739,0xE739,
  0xE739,0xE739,0xE739,0xE739,0xE739,0xE739,0xE739,0xE739,0xE739,0xE739,0xE739,0xE739,0xE739,0xE739,0xE739,0xE739,
  0xE739,0xE739,0xE739,0xE739,0xE739,0xE739,0xE739,0xE739,0xE739,0xE739,0xE739,0xE739,0xEB5A,0xEB5A,0xEB5A,0xEB5A,
  0xEB5A,0xEB5A,0xEB5A,0xEB5A,0xEB5A,0xEB5A,0xEB5A,0xEB5A,0xEB5A,0xEB5A,0xEB5A,0xEB5A,0xEB5A,0xEB5A,0xEB5A,0xEB5A,
  0xEB5A,0xEB5A,0xEB5A,0xEB5A,0xEB5A,0xEB5A,0xEB5A,0xEB5A,0xEB5A,0xEB5A,0xEB5A,0xEB5A,0xEB5A,0xEB5A,0xEF7B,0xEF7B,
  0xEB5A,0xF39C,0xF39C,0xF39C,0xF39C,0xF39C,0xF39C,0xF39C,0xF39C,0xF3BC,0xF7BD,0xF7BD,0xF7BD,0xF7BD,0xF39C,0xEF7B,
  0xEF7B,0xEF7B,0xEF7B,0xEF7B,0xEF7B,0xEF7B,0xEF7B,0xEF7B,0xEF7B,0xEF7B,0xEF7B,0xEF7B,0xEF7B,0xEF7B,0xEF7B,0xEF7B,
  0xF39C,0xF39C,0xF39C,0xF39C,0xF39C,0xF39C,0xF39C,0xF7BD,0xF7BD,0xFBDE,0xFBDE,0xFBDE,0xFBDE,0xFBDE,0xFBDE,0xFBDE,
  0xFBDE,0xFBDE,0xFBDE,0xFBDE,0xF39C,0xF39C,0xF39C,0xF39C,0xF39C,0xF39C,0xF39C,0xF39C,0xF39C,0xF39C,0xF39C,0xF39C,
  0xF39C,0xF3BC,0xF7BD,0xF7BD,0xF7BD,0xF7BD,0xF7BD,0xF7BD,0xF7BD,0xF7BD,0xF7BD,0xF7BD,0xF7BD,0xF7BD,0xF7BD,0xF7BD,
  0xF7BD,0xF7BD,0xF7BD,0xF7BD,0xF7BD,0xF7BD,0xF7BD,0xF7BD,0xF7BD,0xF7BD,0xF7BD,0xF7BD,0xF7BD,0xF7BD,0xF7BD,0xF7BD,
  0xF7BD,0xF7BD,0xF7BD,0xFBDD,0xFBDE,0xFBDE,0xFBDE,0xFBDE,0xFBDE,0xFBDE,0xFBDE,0xFBDE,0xFBDE,0xFBDE,0xFFFF,0xFFFF,
  0x0000,0x0000,0x0000,0x0000,0x0000,0x0000,0x0000,0x0000,0x0000,0x0000,0x0000,0x0000,0x0000,0x0000,0x0000,0x0000,
  0x0000,0x0000,0x0000,0x0000,0x0000,0x0000,0x0000,0x0000,0x0000,0x0000,0x0000,0x0000,0x0000,0x0000,0x0000,0x0000,
  0x0000,0x0000,0x0000,0x0000,0x0000,0x0000,0x0000,0x0000,0x0000,0x0000,0x0000,0x0000,0x0000,0x0000,0x0000,0x0000,
  0x0000,0x0000,0x0000,0x0000,0x0000,0x0000,0x0000,0x0000,0x0000,0x0000,0x0000,0x0000,0x0000,0x0000,0x0000,0x0000,
  0x0000,0x0000,0x0000,0x0000,0x0000,0x0000,0x0000,0x0000,0x0000,0x0000,0x0000,0x0000,0x0000,0x0000,0x0000,0x0000,
  0x0000,0x0000,0x0000,0x0000,0x0000,0x0000,0x0000,0x0000,0x0000,0x0000,0x0000,0x0000,0x0000,0x0000,0x0000,0x0000,
  0x0000,0x0000,0x0000,0x0000,0x0000,0x0000,0x0000,0x0000,0x0000,0x0000,0x0000,0x0000,0x0000,0x0000,0x0000,0x0000,
  0x0000,0x0000,0x0000,0x0000,0x0000,0x0000,0x0000,0x0000,0x0000,0x0000,0x0000,0x0000,0x0000,0x0000,0x0000,0x0000,
  0xF33A,0xFB7C,0xCE32,0x8000,0x8000,0x8000,0x8000,0x8000,0x8000,0x8000,0x8000,0x8000,0x8000,0x8000,0x8000,0x8000,
  0x8000,0x8000,0x8000,0x8000,0x8000,0x8000,0x8000,0x8000,0x8000,0x8000,0x8000,0x8000,0x8000,0x8000,0x8000,0xE6D7,
  0xF75B,0xF33A,0xF33A,0xF33A,0xF33A,0xF33A,0xF33A,0xF33A,0xF33A,0xF33A,0xF33A,0xF33A,0xF33A,0xF33A,0xF33A,0xF33A,
  0xF33A,0xF33A,0xF33A,0xF33A,0xF33A,0xF33A,0xF33A,0xF33A,0xF33A,0xF33A,0xFB7C,0xC5F0,0x8000,0x8000,0x8000,0x8000,
  0x8000,0x8000,0x8000,0x8000,0x8000,0x8000,0x8000,0x8000,0x8000,0x8000,0x8000,0x8000,0x8000,0x8000,0x8000,0x8000,
  0x8000,0x8000,0x8000,0x8000,0x8000,0x8000,0x8000,0x8000,0x8000,0x8000,0x8000,0x8000,0x8000,0x8000,0x8000,0x8000,
  0x8000,0x8000,0x8000,0x8000,0x8000,0x8000,0x8000,0xBDEF,0xDEF7,0xD6B5,0xDAD6,0xDAD6,0xDAD6,0xDAD6,0xDAD6,0xDAD6,
  0xDAD6,0xDAD6,0xDAD6,0xDAD6,0xDAD6,0xDAD6,0xDAD6,0xDAD6,0xDAD6,0xDAD6,0xDAD6,0xDAD6,0xDAD6,0xDAD6,0xDAD6,0xDAD6,
  0xDAD6,0xDAD6,0xDAD6,0xDAD6,0xDAD6,0xDAD6,0xDAF6,0xDEF7,0xDEF7,0xDEF7,0xDEF7,0xDEF7,0xDEF7,0xDEF7,0xDEF7,0xDEF7,
  0xDEF7,0xDEF7,0xDEF7,0xDEF7,0xDEF7,0xDEF7,0xDEF7,0xDEF7,0xDEF7,0xDEF7,0xDEF7,0xDEF7,0xDEF7,0xDEF7,0xDEF7,0xDEF7,
  0xDEF7,0xDEF7,0xDEF7,0xDEF7,0xDEF7,0xDEF7,0xDEF7,0xDEF7,0xDEF7,0xE318,0xE318,0xE318,0xE318,0xE318,0xE318,0xE318,
  0xE318,0xE318,0xE318,0xE318,0xE318,0xE318,0xE318,0xE318,0xE318,0xE318,0xE318,0xE318,0xE318,0xE318,0xE318,0xE318,
  0xE318,0xE318,0xE318,0xE318,0xE318,0xE318,0xE318,0xE318,0xE318,0xE318,0xE738,0xE739,0xE739,0xE739,0xE739,0xE739,
  0xE739,0xE739,0xE739,0xE739,0xE739,0xE739,0xE739,0xE739,0xE739,0xE739,0xE739,0xE739,0xE739,0xE739,0xE739,0xE739,
  0xE739,0xE739,0xE739,0xE739,0xE739,0xE739,0xE739,0xE739,0xE739,0xE739,0xE739,0xE739,0xEB39,0xEB5A,0xEB5A,0xEB5A,
  0xEB5A,0xEB5A,0xEB5A,0xEB5A,0xEB5A,0xEB5A,0xEB5A,0xEB5A,0xEB5A,0xEB5A,0xEB5A,0xEB5A,0xEB5A,0xEB5A,0xEB5A,0xEB5A,
  0xEB5A,0xEB5A,0xEB5A,0xEB5A,0xEB5A,0xEB5A,0xEB5A,0xEB5A,0xEB5A,0xEB5A,0xEB5A,0xEB5A,0xEB5A,0xEB5A,0xEF7B,0xEB5A,
  0xF39C,0xBDEF,0xA529,0xA529,0xA529,0xA529,0xA529,0xA529,0xA529,0xA529,0xA529,0xA529,0xA529,0xA529,0xCE73,0xF39C,
  0xEF7B,0xEF7B,0xEF7B,0xEF7B,0xEF7B,0xEF7B,0xEF7B,0xEF7B,0xEF7B,0xEF7B,0xEF7B,0xEF7B,0xEF7B,0xEF7B,0xEF7B,0xEF7B,
  0xF39C,0xF39C,0xF39C,0xF39C,0xF39C,0xF39C,0xEB5A,0xA94A,0xA529,0xA529,0xA529,0xA529,0xA529,0xA529,0xA529,0xA529,
  0xA529,0xA529,0xA529,0xA94A,0xEB5A,0xF7BD,0xF39C,0xF39C,0xF39C,0xF39C,0xF39C,0xF39C,0xF39C,0xF39C,0xF39C,0xF39C,
  0xF39C,0xF39C,0xF7BD,0xF7BD,0xF7BD,0xF7BD,0xF7BD,0xF7BD,0xF7BD,0xF7BD,0xF7BD,0xF7BD,0xF7BD,0xF7BD,0xF7BD,0xF7BD,
  0xF7BD,0xF7BD,0xF7BD,0xF7BD,0xF7BD,0xF7BD,0xF7BD,0xF7BD,0xF7BD,0xF7BD,0xF7BD,0xF7BD,0xF7BD,0xF7BD,0xF7BD,0xF7BD,
  0xF7BD,0xF7BD,0xF7BD,0xF7DE,0xFBDE,0xFBDE,0xFBDE,0xFBDE,0xFBDE,0xFBDE,0xFBDE,0xFBDE,0xFBDE,0xFBDE,0xFFFF,0xFFFF,
  0x0000,0x0000,0x0000,0x0000,0x0000,0x0000,0x0000,0x0000,0x0000,0x0000,0x0000,0x0000,0x0000,0x0000,0x0000,0x0000,
  0x0000,0x0000,0x0000,0x0000,0x0000,0x0000,0x0000,0x0000,0x0000,0x0000,0x0000,0x0000,0x0000,0x0000,0x0000,0x0000,
  0x0000,0x0000,0x0000,0x0000,0x0000,0x0000,0x0000,0x0000,0x0000,0x0000,0x0000,0x0000,0x0000,0x0000,0x0000,0x0000,
  0x0000,0x0000,0x0000,0x0000,0x0000,0x0000,0x0000,0x0000,0x0000,0x0000,0x0000,0x0000,0x0000,0x0000,0x0000,0x0000,
  0x0000,0x0000,0x0000,0x0000,0x0000,0x0000,0x0000,0x0000,0x0000,0x0000,0x0000,0x0000,0x0000,0x0000,0x0000,0x0000,
  0x0000,0x0000,0x0000,0x0000,0x0000,0x0000,0x0000,0x0000,0x0000,0x0000,0x0000,0x0000,0x0000,0x0000,0x0000,0x0000,
  0x0000,0x0000,0x0000,0x0000,0x0000,0x0000,0x0000,0x0000,0x0000,0x0000,0x0000,0x0000,0x0000,0x0000,0x0000,0x0000,
  0x0000,0x0000,0x0000,0x0000,0x0000,0x0000,0x0000,0x0000,0x0000,0x0000,0x0000,0x0000,0x0000,0x0000,0x0000,0x0000,
  0xF35A,0xF75B,0x9CC7,0x8000,0x8000,0x8000,0x8000,0x8000,0x8000,0x8000,0x8000,0x94A5,0xAD2A,0xB9AD,0xC5F0,0xCA11,
  0xCE32,0xD232,0xCE32,0xCA10,0xBDAE,0xA929,0x9063,0x8000,0x8000,0x8000,0x8000,0x8000,0x8000,0x8000,0x8000,0xB56C,
  0xFB7C,0xF33A,0xF33A,0xF33A,0xF33A,0xF33A,0xF33A,0xF33A,0xF33A,0xF33A,0xF33A,0xF33A,0xF33A,0xF33A,0xF33A,0xF33A,
  0xF33A,0xF33A,0xF33A,0xF33A,0xF33A,0xF33A,0xF33A,0xF33A,0xF33A,0xF33A,0xFB7C,0xC5F0,0x8000,0x8000,0x8000,0x8000,
  0x8000,0x8000,0x8000,0x8000,0x8000,0x8000,0x8000,0x8000,0x8000,0x8000,0x8000,0x8000,0x8000,0x8000,0x8000,0x8000,
  0x8000,0x8000,0x8000,0x8000,0x8000,0x8000,0x8000,0x8000,0x8000,0x8000,0x8000,0x8000,0x8000,0x8000,0x8000,0x8000,
  0x8000,0x8000,0x8000,0x8000,0x8000,0x8000,0x8000,0x8421,0xCE73,0xDAD6,0xD6B5,0xDAD6,0xDAD6,0xDAD6,0xDAD6,0xDAD6,
  0xDAD6,0xDAD6,0xDAD6,0xDAD6,0xDAD6,0xDAD6,0xDAD6,0xDAD6,0xDAD6,0xDAD6,0xDAD6,0xDAD6,0xDAD6,0xDAD6,0xDAD6,0xDAD6,
  0xDAD6,0xDAD6,0xDAD6,0xDAD6,0xDAD6,0xDAD6,0xDAD6,0xDEF7,0xDEF7,0xDEF7,0xDEF7,0xDEF7,0xDEF7,0xDEF7,0xDEF7,0xDEF7,
  0xDEF7,0xDEF7,0xDEF7,0xDEF7,0xDEF7,0xDEF7,0xDEF7,0xDEF7,0xDEF7,0xDEF7,0xDEF7,0xDEF7,0xDEF7,0xDEF7,0xDEF7,0xDEF7,
  0xDEF7,0xDEF7,0xDEF7,0xDEF7,0xDEF7,0xDEF7,0xDEF7,0xDEF7,0xE2F7,0xE318,0xE318,0xE318,0xE318,0xE318,0xE318,0xE318,
  0xE318,0xE318,0xE318,0xE318,0xE318,0xE318,0xE318,0xE318,0xE318,0xE318,0xE318,0xE318,0xE318,0xE318,0xE318,0xE318,
  0xE318,0xE318,0xE318,0xE318,0xE318,0xE318,0xE318,0xE318,0xE318,0xE318,0xE738,0xE739,0xE739,0xE739,0xE739,0xE739,
  0xE739,0xE739,0xE739,0xE739,0xE739,0xE739,0xE739,0xE739,0xE739,0xE739,0xE739,0xE739,0xE739,0xE739,0xE739,0xE739,
  0xE739,0xE739,0xE739,0xE739,0xE739,0xE739,0xE739,0xE739,0xE739,0xE739,0xE739,0xE739,0xE75A,0xEB5A,0xEB5A,0xEB5A,
  0xEB5A,0xEB5A,0xEB5A,0xEB5A,0xEB5A,0xEB5A,0xEB5A,0xEB5A,0xEB5A,0xEB5A,0xEB5A,0xEB5A,0xEB5A,0xEB5A,0xEB5A,0xEB5A,
  0xEB5A,0xEB5A,0xEB5A,0xEB5A,0xEB5A,0xEB5A,0xEB5A,0xEB5A,0xEB5A,0xEB5A,0xEB5A,0xEB5A,0xEB5A,0xEB5A,0xEF7B,0xEB5A,
  0xF39C,0xA108,0x8000,0x8000,0x8000,0x8000,0x8000,0x8000,0x8000,0x8000,0x8000,0x8000,0x8000,0x8000,0xB9CE,0xF7BD,
  0xEF7B,0xEF7B,0xEF7B,0xEF7B,0xEF7B,0xEF7B,0xEF7B,0xEF7B,0xEF7B,0xEF7B,0xEF7B,0xEF7B,0xEF7B,0xEF7B,0xEF7B,0xEF7B,
  0xF39C,0xF39C,0xF39C,0xF39C,0xEF7B,0xF39C,0xE739,0x8000,0x8000,0x8000,0x8000,0x8000,0x8000,0x8000,0x8000,0x8000,
  0x8000,0x8000,0x8000,0x8000,0xE739,0xF7BD,0xF39C,0xF39C,0xF39C,0xF39C,0xF39C,0xF39C,0xF39C,0xF39C,0xF39C,0xF39C,
  0xF39C,0xF79C,0xF7BD,0xF7BD,0xF7BD,0xF7BD,0xF7BD,0xF7BD,0xF7BD,0xF7BD,0xF7BD,0xF7BD,0xF7BD,0xF7BD,0xF7BD,0xF7BD,
  0xF7BD,0xF7BD,0xF7BD,0xF7BD,0xF7BD,0xF7BD,0xF7BD,0xF7BD,0xF7BD,0xF7BD,0xF7BD,0xF7BD,0xF7BD,0xF7BD,0xF7BD,0xF7BD,
  0xF7BD,0xF7BD,0xF7BD,0xFBBD,0xFBDE,0xFBDE,0xFBDE,0xFBDE,0xFBDE,0xFBDE,0xFBDE,0xFBDE,0xFBDE,0xFBDE,0xFFFF,0xFFFF,
  0x0000,0x0000,0x0000,0x0000,0x0000,0x0000,0x0000,0x0000,0x0000,0x0000,0x0000,0x0000,0x0000,0x0000,0x0000,0x0000,
  0x0000,0x0000,0x0000,0x0000,0x0000,0x0000,0x0000,0x0000,0x0000,0x0000,0x0000,0x0000,0x0000,0x0000,0x0000,0x0000,
  0x0000,0x0000,0x0000,0x0000,0x0000,0x0000,0x0000,0x0000,0x0000,0x0000,0x0000,0x0000,0x0000,0x0000,0x0000,0x0000,
  0x0000,0x0000,0x0000,0x0000,0x0000,0x0000,0x0000,0x0000,0x0000,0x0000,0x0000,0x0000,0x0000,0x0000,0x0000,0x0000,
  0x0000,0x0000,0x0000,0x0000,0x0000,0x0000,0x0000,0x0000,0x0000,0x0000,0x0000,0x0000,0x0000,0x0000,0x0000,0x0000,
  0x0000,0x0000,0x0000,0x0000,0x0000,0x0000,0x0000,0x0000,0x0000,0x0000,0x0000,0x0000,0x0000,0x0000,0x0000,0x0000,
  0x0000,0x0000,0x0000,0x0000,0x0000,0x0000,0x0000,0x0000,0x0000,0x0000,0x0000,0x0000,0x0000,0x0000,0x0000,0x0000,
  0x0000,0x0000,0x0000,0x0000,0x0000,0x0000,0x0000,0x0000,0x0000,0x0000,0x0000,0x0000,0x0000,0x0000,0x0000,0x0000,
  0xF77B,0xE6D7,0x8400,0x8000,0x8000,0x8000,0x8000,0x8000,0x8000,0xA508,0xE2B6,0xF75A,0xFB7C,0xFB7C,0xFB7C,0xFB7C,
  0xFB7B,0xFB7B,0xFB7B,0xFB7C,0xFB7C,0xFB7B,0xF33A,0xCE31,0x8C63,0x8000,0x8000,0x8000,0x8000,0x8000,0x8000,0x8C63,
  0xF339,0xF33A,0xF33A,0xF33A,0xF33A,0xF33A,0xF33A,0xF33A,0xF33A,0xF33A,0xF33A,0xF33A,0xF33A,0xF33A,0xF33A,0xF33A,
  0xF33A,0xF33A,0xF33A,0xF33A,0xF33A,0xF33A,0xF33A,0xF33A,0xF33A,0xF339,0xFB7C,0xC5F0,0x8000,0x8000,0x8000,0x8000,
  0x8000,0x8000,0x8000,0x8000,0x8000,0x8000,0x8000,0x8000,0x8000,0x94A5,0xA94A,0xA529,0xA529,0xA529,0xA529,0xA529,
  0xA529,0xA108,0x9CE7,0x94A5,0x8C63,0x8000,0x8000,0x8000,0x8000,0x8000,0x8000,0x8000,0x8000,0x8000,0x8000,0x8000,
  0x8000,0x8000,0x8000,0x8000,0x8000,0x8000,0x8000,0x8000,0x94A5,0xDAD6,0xDAD6,0xDAD6,0xDAD6,0xDAD6,0xDAD6,0xDAD6,
  0xDAD6,0xDAD6,0xDAD6,0xDAD6,0xDAD6,0xDAD6,0xDAD6,0xDAD6,0xDAD6,0xDAD6,0xDAD6,0xDAD6,0xDAD6,0xDAD6,0xDAD6,0xDAD6,
  0xDAD6,0xDAD6,0xDAD6,0xDAD6,0xDAD6,0xDAD6,0xDED6,0xDEF7,0xDEF7,0xDEF7,0xDEF7,0xDEF7,0xDEF7,0xDEF7,0xDEF7,0xDEF7,
  0xDEF7,0xDEF7,0xDEF7,0xDEF7,0xDEF7,0xDEF7,0xDEF7,0xDEF7,0xDEF7,0xDEF7,0xDEF7,0xDEF7,0xDEF7,0xDEF7,0xDEF7,0xDEF7,
  0xDEF7,0xDEF7,0xDEF7,0xDEF7,0xDEF7,0xDEF7,0xDEF7,0xDEF7,0xDEF7,0xE318,0xE318,0xE318,0xE318,0xE318,0xE318,0xE318,
  0xE318,0xE318,0xE318,0xE318,0xE318,0xE318,0xE318,0xE318,0xE318,0xE318,0xE318,0xE318,0xE318,0xE318,0xE318,0xE318,
  0xE318,0xE318,0xE318,0xE318,0xE318,0xE318,0xE318,0xE318,0xE318,0xE318,0xE338,0xE739,0xE739,0xE739,0xE739,0xE739,
  0xE739,0xE739,0xE739,0xE739,0xE739,0xE739,0xE739,0xE739,0xE739,0xE739,0xE739,0xE739,0xE739,0xE739,0xE739,0xE739,
  0xE739,0xE739,0xE739,0xE739,0xE739,0xE739,0xE739,0xE739,0xE739,0xE739,0xE739,0xE739,0xEB5A,0xEB5A,0xEB5A,0xEB5A,
  0xEB5A,0xEB5A,0xEB5A,0xEB5A,0xEB5A,0xEB5A,0xEB5A,0xEB5A,0xEB5A,0xEB5A,0xEB5A,0xEB5A,0xEB5A,0xEB5A,0xEB5A,0xEB5A,
  0xEB5A,0xEB5A,0xEB5A,0xEB5A,0xEB5A,0xEB5A,0xEB5A,0xEB5A,0xEB5A,0xEB5A,0xEB5A,0xEB5A,0xEB5A,0xEB5A,0xEF7B,0xEB5A,
  0xF39C,0xA94A,0x8000,0x8000,0x8000,0x8000,0x8000,0x8000,0x8000,0x8000,0x8000,0x8000,0x8000,0x8000,0xBDEF,0xF7BD,
  0xEF7B,0xEF7B,0xEF7B,0xEF7B,0xEF7B,0xEF7B,0xEF7B,0xEF7B,0xEF7B,0xEF7B,0xEF7B,0xEF7B,0xEF7B,0xEF7B,0xEF7B,0xEF7B,
  0xF39C,0xF39C,0xF39C,0xF39C,0xF37C,0xF39C,0xEB5A,0x8842,0x8000,0x8000,0x8000,0x8000,0x8000,0x8000,0x8000,0x8000,
  0x8000,0x8000,0x8000,0x8421,0xE739,0xF7BD,0xF39C,0xF39C,0xF39C,0xF39C,0xF39C,0xF39C,0xF39C,0xF39C,0xF39C,0xF39C,
  0xF39C,0xF39C,0xF7BD,0xF7BD,0xF7BD,0xF7BD,0xF7BD,0xF7BD,0xF7BD,0xF7BD,0xF7BD,0xF7BD,0xF7BD,0xF7BD,0xF7BD,0xF7BD,
  0xF7BD,0xF7BD,0xF7BD,0xF7BD,0xF7BD,0xF7BD,0xF7BD,0xF7BD,0xF7BD,0xF7BD,0xF7BD,0xF7BD,0xF7BD,0xF7BD,0xF7BD,0xF7BD,
  0xF7BD,0xF7BD,0xF7BD,0xFBDD,0xFBDE,0xFBDE,0xFBDE,0xFBDE,0xFBDE,0xFBDE,0xFBDE,0xFBDE,0xFBDE,0xFBDE,0xFFFF,0xFFFF,
  0x0000,0x0000,0x0000,0x0000,0x0000,0x0000,0x0000,0x0000,0x0000,0x0000,0x0000,0x0000,0x0000,0x0000,0x0000,0x0000,
  0x0000,0x0000,0x0000,0x0000,0x0000,0x0000,0x0000,0x0000,0x0000,0x0000,0x0000,0x0000,0x0000,0x0000,0x0000,0x0000,
  0x0000,0x0000,0x0000,0x0000,0x0000,0x0000,0x0000,0x0000,0x0000,0x0000,0x0000,0x0000,0x0000,0x0000,0x0000,0x0000,
  0x0000,0x0000,0x0000,0x0000,0x0000,0x0000,0x0000,0x0000,0x0000,0x0000,0x0000,0x0000,0x0000,0x0000,0x0000,0x0000,
  0x0000,0x0000,0x0000,0x0000,0x0000,0x0000,0x0000,0x0000,0x0000,0x0000,0x0000,0x0000,0x0000,0x0000,0x0000,0x0000,
  0x0000,0x0000,0x0000,0x0000,0x0000,0x0000,0x0000,0x0000,0x0000,0x0000,0x0000,0x0000,0x0000,0x0000,0x0000,0x0000,
  0x0000,0x0000,0x0000,0x0000,0x0000,0x0000,0x0000,0x0000,0x0000,0x0000,0x0000,0x0000,0x0000,0x0000,0x0000,0x0000,
  0x0000,0x0000,0x0000,0x0000,0x0000,0x0000,0x0000,0x0000,0x0000,0x0000,0x0000,0x0000,0x0000,0x0000,0x0000,0x0000,
  0xFB7C,0xCE32,0x8000,0x8000,0x8000,0x8000,0x8000,0x8000,0xA929,0xFB7C,0xF75B,0xF33A,0xF339,0xF339,0xF339,0xF339,
  0xF339,0xF339,0xF339,0xF339,0xF339,0xF339,0xF33A,0xFB7C,0xE6F7,0x8C63,0x8000,0x8000,0x8000,0x8000,0x8000,0x8000,
  0xDA95,0xF75B,0xF339,0xF33A,0xF33A,0xF33A,0xF33A,0xF33A,0xF33A,0xF33A,0xF33A,0xF33A,0xF33A,0xF33A,0xF33A,0xF33A,
  0xF33A,0xF33A,0xF33A,0xF33A,0xF33A,0xF33A,0xF33A,0xF33A,0xF33A,0xF339,0xFB7B,0xC5F0,0x8000,0x8000,0x8000,0x8000,
  0x8000,0x8000,0x8000,0x8000,0x8000,0x8000,0x8000,0x8000,0x8000,0xB5AD,0xE318,0xDAD6,0xDAD6,0xDAD6,0xDAD6,0xDAD6,
  0xDAD6,0xDAD6,0xDAD6,0xDAD6,0xD6B5,0xCE73,0xBDEF,0xA529,0x8842,0x8000,0x8000,0x8000,0x8000,0x8000,0x8000,0x8000,
  0x8000,0x8000,0x8000,0x8000,0x8000,0x8000,0x8000,0x8000,0x8000,0xB9CE,0xDEF7,0xD6B5,0xDAD6,0xDAD6,0xDAD6,0xDAD6,
  0xDAD6,0xDAD6,0xDAD6,0xDAD6,0xDAD6,0xDAD6,0xDAD6,0xDAD6,0xDAD6,0xDAD6,0xDAD6,0xDAD6,0xDAD6,0xDAD6,0xDAD6,0xDAD6,
  0xDAD6,0xDAD6,0xDAD6,0xDAD6,0xDAD6,0xDAD6,0xDAD6,0xDEF7,0xDEF7,0xDEF7,0xDEF7,0xDEF7,0xDEF7,0xDEF7,0xDEF7,0xDEF7,
  0xDEF7,0xDEF7,0xDEF7,0xDEF7,0xDEF7,0xDEF7,0xDEF7,0xDEF7,0xDEF7,0xDEF7,0xDEF7,0xDEF7,0xDEF7,0xDEF7,0xDEF7,0xDEF7,
  0xDEF7,0xDEF7,0xDEF7,0xDEF7,0xDEF7,0xDEF7,0xDEF7,0xDEF7,0xDEF7,0xE318,0xE318,0xE318,0xE318,0xE318,0xE318,0xE318,
  0xE318,0xE318,0xE318,0xE318,0xE318,0xE318,0xE318,0xE318,0xE318,0xE318,0xE318,0xE318,0xE318,0xE318,0xE318,0xE318,
  0xE318,0xE318,0xE318,0xE318,0xE318,0xE318,0xE318,0xE318,0xE318,0xE318,0xE339,0xE739,0xE739,0xE739,0xE739,0xE739,
  0xE739,0xE739,0xE739,0xE739,0xE739,0xE739,0xE739,0xE739,0xE739,0xE739,0xE739,0xE739,0xE739,0xE739,0xE739,0xE739,
  0xE739,0xE739,0xE739,0xE739,0xE739,0xE739,0xE739,0xE739,0xE739,0xE739,0xE739,0xE73A,0xEB5A,0xEB5A,0xEB5A,0xEB5A,
  0xEB5A,0xEB5A,0xEB5A,0xEB5A,0xEB5A,0xEB5A,0xEB5A,0xEB5A,0xEB5A,0xEB5A,0xEB5A,0xEB5A,0xEB5A,0xEB5A,0xEB5A,0xEB5A,
  0xEB5A,0xEB5A,0xEB5A,0xEB5A,0xEB5A,0xEB5A,0xEB5A,0xEB5A,0xEB5A,0xEB5A,0xEB5A,0xEB5A,0xEB5A,0xEB5A,0xEF7B,0xEB5A,
  0xF39C,0xA94A,0x8000,0x8000,0x8000,0x8000,0x8000,0x8000,0x8000,0x8000,0x8000,0x8000,0x8000,0x8000,0xBDEF,0xF7BD,
  0xEF7B,0xEF7B,0xEF7B,0xEF7B,0xEF7B,0xEF7B,0xEF7B,0xEF7B,0xEF7B,0xEF7B,0xEF7B,0xEF7B,0xEF7B,0xEF7B,0xEF7B,0xEF7B,
  0xF39C,0xF39C,0xF39C,0xF39C,0xEF7C,0xF39C,0xEB5A,0x8421,0x8000,0x8000,0x8000,0x8000,0x8000,0x8000,0x8000,0x8000,
  0x8000,0x8000,0x8000,0x8421,0xE739,0xF7BD,0xF39C,0xF39C,0xF39C,0xF39C,0xF39C,0xF39C,0xF39C,0xF39C,0xF39C,0xF39C,
  0xF39C,0xF39C,0xF7BD,0xF7BD,0xF7BD,0xF7BD,0xF7BD,0xF7BD,0xF7BD,0xF7BD,0xF7BD,0xF7BD,0xF7BD,0xF7BD,0xF7BD,0xF7BD,
  0xF7BD,0xF7BD,0xF7BD,0xF7BD,0xF7BD,0xF7BD,0xF7BD,0xF7BD,0xF7BD,0xF7BD,0xF7BD,0xF7BD,0xF7BD,0xF7BD,0xF7BD,0xF7BD,
  0xF7BD,0xF7BD,0xF7BD,0xF7DE,0xFBDE,0xFBDE,0xFBDE,0xFBDE,0xFBDE,0xFBDE,0xFBDE,0xFBDE,0xFBDE,0xFBDE,0xFFFF,0xFFFF,
  0x0000,0x0000,0x0000,0x0000,0x0000,0x0000,0x0000,0x0000,0x0000,0x0000,0x0000,0x0000,0x0000,0x0000,0x0000,0x0000,
  0x0000,0x0000,0x0000,0x0000,0x0000,0x0000,0x0000,0x0000,0x0000,0x0000,0x0000,0x0000,0x0000,0x0000,0x0000,0x0000,
  0x0000,0x0000,0x0000,0x0000,0x0000,0x0000,0x0000,0x0000,0x0000,0x0000,0x0000,0x0000,0x0000,0x0000,0x0000,0x0000,
  0x0000,0x0000,0x0000,0x0000,0x0000,0x0000,0x0000,0x0000,0x0000,0x0000,0x0000,0x0000,0x0000,0x0000,0x0000,0x0000,
  0x0000,0x0000,0x0000,0x0000,0x0000,0x0000,0x0000,0x0000,0x0000,0x0000,0x0000,0x0000,0x0000,0x0000,0x0000,0x0000,
  0x0000,0x0000,0x0000,0x0000,0x0000,0x0000,0x0000,0x0000,0x0000,0x0000,0x0000,0x0000,0x0000,0x0000,0x0000,0x0000,
  0x0000,0x0000,0x0000,0x0000,0x0000,0x0000,0x0000,0x0000,0x0000,0x0000,0x0000,0x0000,0x0000,0x0000,0x0000,0x0000,
  0x0000,0x0000,0x0000,0x0000,0x0000,0x0000,0x0000,0x0000,0x0000,0x0000,0x0000,0x0000,0x0000,0x0000,0x0000,0x0000,
  0xFF9D,0xB9AD,0x8000,0x8000,0x8000,0x8000,0x8000,0x8821,0xEAF8,0xF73A,0xEF19,0xF33A,0xF33A,0xF33A,0xF33A,0xF33A,
  0xF33A,0xF33A,0xF33A,0xF33A,0xF33A,0xF33A,0xF33A,0xEF19,0xFB7C,0xD232,0x8000,0x8000,0x8000,0x8000,0x8000,0x8000,
  0xC5F0,0xFB7B,0xF319,0xF33A,0xF33A,0xF33A,0xF33A,0xF33A,0xF33A,0xF33A,0xF33A,0xF33A,0xF33A,0xF33A,0xF33A,0xF33A,
  0xF33A,0xF33A,0xF33A,0xF33A,0xF33A,0xF33A,0xF33A,0xF33A,0xF33A,0xF319,0xFB7B,0xC5F0,0x8000,0x8000,0x8000,0x8000,
  0x8000,0x8000,0x8000,0x8000,0x8000,0x8000,0x8000,0x8000,0x8000,0xAD8B,0xDAD6,0xD294,0xD294,0xD294,0xD294,0xD2B5,
  0xD6B5,0xD6B5,0xD6B5,0xD6B5,0xD6B5,0xDAD6,0xDAD6,0xDEF7,0xD6B5,0xB5AD,0x8842,0x8000,0x8000,0x8000,0x8000,0x8000,
  0x8000,0x8000,0x8000,0x8000,0x8000,0x8000,0x8000,0x8000,0x8000,0x8C63,0xDAD6,0xDAD6,0xDAD6,0xDAD6,0xDAD6,0xDAD6,
  0xDAD6,0xDAD6,0xDAD6,0xDAD6,0xDAD6,0xDAD6,0xDAD6,0xDAD6,0xDAD6,0xDAD6,0xDAD6,0xDAD6,0xDAD6,0xDAD6,0xDAD6,0xDAD6,
  0xDAD6,0xDAD6,0xDAD6,0xDAD6,0xDAD6,0xDAD6,0xDAD6,0xDEF7,0xDEF7,0xDEF7,0xDEF7,0xDEF7,0xDEF7,0xDEF7,0xDEF7,0xDEF7,
  0xDEF7,0xDEF7,0xDEF7,0xDEF7,0xDEF7,0xDEF7,0xDEF7,0xDEF7,0xDEF7,0xDEF7,0xDEF7,0xDEF7,0xDEF7,0xDEF7,0xDEF7,0xDEF7,
  0xDEF7,0xDEF7,0xDEF7,0xDEF7,0xDEF7,0xDEF7,0xDEF7,0xDEF7,0xDEF7,0xE318,0xE318,0xE318,0xE318,0xE318,0xE318,0xE318,
  0xE318,0xE318,0xE318,0xE318,0xE318,0xE318,0xE318,0xE318,0xE318,0xE318,0xE318,0xE318,0xE318,0xE318,0xE318,0xE318,
  0xE318,0xE318,0xE318,0xE318,0xE318,0xE318,0xE318,0xE318,0xE318,0xE318,0xE738,0xE739,0xE739,0xE739,0xE739,0xE739,
  0xE739,0xE739,0xE739,0xE739,0xE739,0xE739,0xE739,0xE739,0xE739,0xE739,0xE739,0xE739,0xE739,0xE739,0xE739,0xE739,
  0xE739,0xE739,0xE739,0xE739,0xE739,0xE739,0xE739,0xE739,0xE739,0xE739,0xE739,0xE739,0xEB5A,0xEB5A,0xEB5A,0xEB5A,
  0xEB5A,0xEB5A,0xEB5A,0xEB5A,0xEB5A,0xEB5A,0xEB5A,0xEB5A,0xEB5A,0xEB5A,0xEB5A,0xEB5A,0xEB5A,0xEB5A,0xEB5A,0xEB5A,
  0xEB5A,0xEB5A,0xEB5A,0xEB5A,0xEB5A,0xEB5A,0xEB5A,0xEB5A,0xEB5A,0xEB5A,0xEB5A,0xEB5A,0xEB5A,0xEB5A,0xEF7A,0xEB5A,
  0xF39C,0xA94A,0x8000,0x8000,0x8000,0x8000,0x8000,0x8000,0x8000,0x8000,0x8000,0x8000,0x8000,0x8000,0xBDEF,0xF7BD,
  0xEF7B,0xEF7B,0xEF7B,0xEF7B,0xEF7B,0xEF7B,0xEF7B,0xEF7B,0xEF7B,0xEF7B,0xEF7B,0xEF7B,0xEF7B,0xEF7B,0xEF7B,0xEF7B,
  0xF39C,0xF39C,0xF39C,0xF39C,0xF37C,0xF39C,0xEB5A,0x8421,0x8000,0x8000,0x8000,0x8000,0x8000,0x8000,0x8000,0x8000,
  0x8000,0x8000,0x8000,0x8421,0xE739,0xF7BD,0xF39C,0xF39C,0xF39C,0xF39C,0xF39C,0xF39C,0xF39C,0xF39C,0xF39C,0xF39C,
  0xF39C,0xF39C,0xF7BD,0xF7BD,0xF7BD,0xF7BD,0xF7BD,0xF7BD,0xF7BD,0xF7BD,0xF7BD,0xF7BD,0xF7BD,0xF7BD,0xF7BD,0xF7BD,
  0xF7BD,0xF7BD,0xF7BD,0xF7BD,0xF7BD,0xF7BD,0xF7BD,0xF7BD,0xF7BD,0xF7BD,0xF7BD,0xF7BD,0xF7BD,0xF7BD,0xF7BD,0xF7BD,
  0xF7BD,0xF7BD,0xF7BD,0xFBBE,0xFBDE,0xFBDE,0xFBDE,0xFBDE,0xFBDE,0xFBDE,0xFBDE,0xFBDE,0xFBDE,0xFBDE,0xFFFF,0xFFFF,
  0x0000,0x0000,0x0000,0x0000,0x0000,0x0000,0x0000,0x0000,0x0000,0x0000,0x0000,0x0000,0x0000,0x0000,0x0000,0x0000,
  0x0000,0x0000,0x0000,0x0000,0x0000,0x0000,0x0000,0x0000,0x0000,0x0000,0x0000,0x0000,0x0000,0x0000,0x0000,0x0000,
  0x0000,0x0000,0x0000,0x0000,0x0000,0x0000,0x0000,0x0000,0x0000,0x0000,0x0000,0x0000,0x0000,0x0000,0x0000,0x0000,
  0x0000,0x0000,0x0000,0x0000,0x0000,0x0000,0x0000,0x0000,0x0000,0x0000,0x0000,0x0000,0x0000,0x0000,0x0000,0x0000,
  0x0000,0x0000,0x0000,0x0000,0x0000,0x0000,0x0000,0x0000,0x0000,0x0000,0x0000,0x0000,0x0000,0x0000,0x0000,0x0000,
  0x0000,0x0000,0x0000,0x0000,0x0000,0x0000,0x0000,0x0000,0x0000,0x0000,0x0000,0x0000,0x0000,0x0000,0x0000,0x0000,
  0x0000,0x0000,0x0000,0x0000,0x0000,0x0000,0x0000,0x0000,0x0000,0x0000,0x0000,0x0000,0x0000,0x0000,0x0000,0x0000,
  0x0000,0x0000,0x0000,0x0000,0x0000,0x0000,0x0000,0x0000,0x0000,0x0000,0x0000,0x0000,0x0000,0x0000,0x0000,0x0000,
  0xFB9C,0xAD4A,0x8000,0x8000,0x8000,0x8000,0x8000,0xA509,0xFB5B,0xEF19,0xF33A,0xF33A,0xF33A,0xF33A,0xF33A,0xF33A,
  0xF33A,0xF33A,0xF33A,0xF33A,0xF33A,0xF33A,0xF33A,0xF339,0xF339,0xF33A,0x9084,0x8000,0x8000,0x8000,0x8000,0x8000,
  0xB58C,0xFB7B,0xEF19,0xF33A,0xF33A,0xF33A,0xF33A,0xF33A,0xF33A,0xF33A,0xF33A,0xF33A,0xF33A,0xF33A,0xF33A,0xF33A,
  0xF33A,0xF33A,0xF33A,0xF33A,0xF33A,0xF33A,0xF33A,0xF33A,0xF33A,0xEF19,0xFB5B,0xC5F0,0x8000,0x8000,0x8000,0x8000,
  0x8000,0x8000,0x8000,0x8000,0x8000,0x8000,0x8000,0x8000,0x8000,0xB18C,0xDAD6,0xD294,0xD6B5,0xD6B5,0xD6B5,0xD6B5,
  0xD6B5,0xD6B5,0xD6B5,0xD6B5,0xD6B5,0xD6B5,0xD6B5,0xD6B5,0xD6B5,0xDEF7,0xD294,0x94A5,0x8000,0x8000,0x8000,0x8000,
  0x8000,0x8000,0x8000,0x8000,0x8000,0x8000,0x8000,0x8000,0x8000,0x8000,0xB9CE,0xDEF7,0xD6B5,0xDAD6,0xDAD6,0xDAD6,
  0xDAD6,0xDAD6,0xDAD6,0xDAD6,0xDAD6,0xDAD6,0xDAD6,0xDAD6,0xDAD6,0xDAD6,0xDAD6,0xDAD6,0xDAD6,0xDAD6,0xDAD6,0xDAD6,
  0xDAD6,0xDAD6,0xDAD6,0xDAD6,0xDAD6,0xDAD6,0xDEF6,0xDEF7,0xDEF7,0xDEF7,0xDEF7,0xDEF7,0xDEF7,0xDEF7,0xDEF7,0xDEF7,
  0xDEF7,0xDEF7,0xDEF7,0xDEF7,0xDEF7,0xDEF7,0xDEF7,0xDEF7,0xDEF7,0xDEF7,0xDEF7,0xDEF7,0xDEF7,0xDEF7,0xDEF7,0xDEF7,
  0xDEF7,0xDEF7,0xDEF7,0xDEF7,0xDEF7,0xDEF7,0xDEF7,0xDEF7,0xDEF7,0xE318,0xE318,0xE318,0xE318,0xE318,0xE318,0xE318,
  0xE318,0xE318,0xE318,0xE318,0xE318,0xE318,0xE318,0xE318,0xE318,0xE318,0xE318,0xE318,0xE318,0xE318,0xE318,0xE318,
  0xE318,0xE318,0xE318,0xE318,0xE318,0xE318,0xE318,0xE318,0xE318,0xE318,0xE339,0xE739,0xE739,0xE739,0xE739,0xE739,
  0xE739,0xE739,0xE739,0xE739,0xE739,0xE739,0xE739,0xE739,0xE739,0xE739,0xE739,0xE739,0xE739,0xE739,0xE739,0xE739,
  0xE739,0xE739,0xE739,0xE739,0xE739,0xE739,0xE739,0xE739,0xE739,0xE739,0xE739,0xE739,0xEB5A,0xEB5A,0xEB5A,0xEB5A,
  0xEB5A,0xEB5A,0xEB5A,0xEB5A,0xEB5A,0xEB5A,0xEB5A,0xEB5A,0xEB5A,0xEB5A,0xEB5A,0xEB5A,0xEB5A,0xEB5A,0xEB5A,0xEB5A,
  0xEB5A,0xEB5A,0xEB5A,0xEB5A,0xEB5A,0xEB5A,0xEB5A,0xEB5A,0xEB5A,0xEB5A,0xEB5A,0xEB5A,0xEB5A,0xEB5A,0xEF7B,0xEB5A,
  0xF39C,0xA94A,0x8000,0x8000,0x8000,0x8000,0x8000,0x8000,0x8000,0x8000,0x8000,0x8000,0x8000,0x8000,0xBDEF,0xF7BD,
  0xEF7B,0xEF7B,0xEF7B,0xEF7B,0xEF7B,0xEF7B,0xEF7B,0xEF7B,0xEF7B,0xEF7B,0xEF7B,0xEF7B,0xEF7B,0xEF7B,0xEF7B,0xF37B,
  0xF39C,0xF39C,0xF39C,0xF39C,0xEF7B,0xF39C,0xEB5A,0x8421,0x8000,0x8000,0x8000,0x8000,0x8000,0x8000,0x8000,0x8000,
  0x8000,0x8000,0x8000,0x8421,0xE739,0xF7BD,0xF39C,0xF39C,0xF39C,0xF39C,0xF39C,0xF39C,0xF39C,0xF39C,0xF39C,0xF39C,
  0xF39C,0xF3BD,0xF7BD,0xF7BD,0xF7BD,0xF7BD,0xF7BD,0xF7BD,0xF7BD,0xF7BD,0xF7BD,0xF7BD,0xF7BD,0xF7BD,0xF7BD,0xF7BD,
  0xF7BD,0xF7BD,0xF7BD,0xF7BD,0xF7BD,0xF7BD,0xF7BD,0xF7BD,0xF7BD,0xF7BD,0xF7BD,0xF7BD,0xF7BD,0xF7BD,0xF7BD,0xF7BD,
  0xF7BD,0xF7BD,0xF7BD,0xF7DE,0xFBDE,0xFBDE,0xFBDE,0xFBDE,0xFBDE,0xFBDE,0xFBDE,0xFBDE,0xFBDE,0xFBDE,0xFFFF,0xFFFF,
  0x0000,0x0000,0x0000,0x0000,0x0000,0x0000,0x0000,0x0000,0x0000,0x0000,0x0000,0x0000,0x0000,0x0000,0x0000,0x0000,
  0x0000,0x0000,0x0000,0x0000,0x0000,0x0000,0x0000,0x0000,0x0000,0x0000,0x0000,0x0000,0x0000,0x0000,0x0000,0x0000,
  0x0000,0x0000,0x0000,0x0000,0x0000,0x0000,0x0000,0x0000,0x0000,0x0000,0x0000,0x0000,0x0000,0x0000,0x0000,0x0000,
  0x0000,0x0000,0x0000,0x0000,0x0000,0x0000,0x0000,0x0000,0x0000,0x0000,0x0000,0x0000,0x0000,0x0000,0x0000,0x0000,
  0x0000,0x0000,0x0000,0x0000,0x0000,0x0000,0x0000,0x0000,0x0000,0x0000,0x0000,0x0000,0x0000,0x0000,0x0000,0x0000,
  0x0000,0x0000,0x0000,0x0000,0x0000,0x0000,0x0000,0x0000,0x0000,0x0000,0x0000,0x0000,0x0000,0x0000,0x0000,0x0000,
  0x0000,0x0000,0x0000,0x0000,0x0000,0x0000,0x0000,0x0000,0x0000,0x0000,0x0000,0x0000,0x0000,0x0000,0x0000,0x0000,
  0x0000,0x0000,0x0000,0x0000,0x0000,0x0000,0x0000,0x0000,0x0000,0x0000,0x0000,0x0000,0x0000,0x0000,0x0000,0x0000,
  0xFB7C,0xA508,0x8000,0x8000,0x8000,0x8000,0x8000,0xC1CE,0xFB5B,0xEF19,0xF339,0xF339,0xF339,0xF339,0xF339,0xF339,
  0xF339,0xF339,0xF339,0xF339,0xF339,0xF339,0xF339,0xF339,0xEF19,0xFB5B,0xAD4A,0x8000,0x8000,0x8000,0x8000,0x8000,
  0xAD2A,0xFB5B,0xEF19,0xF339,0xF339,0xF339,0xF339,0xF339,0xF339,0xF339,0xF339,0xF339,0xF339,0xF339,0xF339,0xF339,
  0xF339,0xF339,0xF339,0xF339,0xF339,0xF339,0xF339,0xF339,0xF339,0xEF19,0xFB5B,0xC5F0,0x8000,0x8000,0x8000,0x8000,
  0x8000,0x8000,0x8000,0x8000,0x8000,0x8000,0x8000,0x8000,0x8000,0xB18C,0xDAD6,0xD294,0xD6B5,0xD6B5,0xD6B5,0xD6B5,
  0xD6B5,0xD6B5,0xD6B5,0xD6B5,0xD6B5,0xD6B5,0xD6B5,0xD6B5,0xD6B5,0xD6B5,0xDAD6,0xD6B5,0x9084,0x8000,0x8000,0x8000,
  0x8000,0x8000,0x8000,0x8000,0x8000,0x8000,0x8000,0x8000,0x8000,0x8000,0x98C6,0xDEF7,0xD6D6,0xDAD6,0xDAD6,0xDAD6,
  0xDAD6,0xDAD6,0xDAD6,0xDAD6,0xDAD6,0xDAD6,0xDAD6,0xDAD6,0xDAD6,0xDAD6,0xDAD6,0xDAD6,0xDAD6,0xDAD6,0xDAD6,0xDAD6,
  0xDAD6,0xDAD6,0xDAD6,0xDAD6,0xDAD6,0xDAD6,0xDAD6,0xDEF7,0xDEF7,0xDEF7,0xDEF7,0xDEF7,0xDEF7,0xDEF7,0xDEF7,0xDEF7,
  0xDEF7,0xDEF7,0xDEF7,0xDEF7,0xDEF7,0xDEF7,0xDEF7,0xDEF7,0xDEF7,0xDEF7,0xDEF7,0xDEF7,0xDEF7,0xDEF7,0xDEF7,0xDEF7,
  0xDEF7,0xDEF7,0xDEF7,0xDEF7,0xDEF7,0xDEF7,0xDEF7,0xDEF7,0xDEF7,0xE318,0xE318,0xE318,0xE318,0xE318,0xE318,0xE318,
  0xE318,0xE318,0xE318,0xE318,0xE318,0xE318,0xE318,0xE318,0xE318,0xE318,0xE318,0xE318,0xE318,0xE318,0xE318,0xE318,
  0xE318,0xE318,0xE318,0xE318,0xE318,0xE318,0xE318,0xE318,0xE318,0xE318,0xE738,0xE739,0xE739,0xE739,0xE739,0xE739,
  0xE739,0xE739,0xE739,0xE739,0xE739,0xE739,0xE739,0xE739,0xE739,0xE739,0xE739,0xE739,0xE739,0xE739,0xE739,0xE739,
  0xE739,0xE739,0xE739,0xE739,0xE739,0xE739,0xE739,0xE739,0xE739,0xE739,0xE739,0xE739,0xEB5A,0xEB5A,0xEB5A,0xEB5A,
  0xEB5A,0xEB5A,0xEB5A,0xEB5A,0xEB5A,0xEB5A,0xEB5A,0xEB5A,0xEB5A,0xEB5A,0xEB5A,0xEB5A,0xEB5A,0xEB5A,0xEB5A,0xEB5A,
  0xEB5A,0xEB5A,0xEB5A,0xEB5A,0xEB5A,0xEB5A,0xEB5A,0xEB5A,0xEB5A,0xEB5A,0xEB5A,0xEB5A,0xEB5A,0xEB5A,0xEF7B,0xEB5A,
  0xF39C,0xA94A,0x8000,0x8000,0x8000,0x8000,0x8000,0x8000,0x8000,0x8000,0x8000,0x8000,0x8000,0x8000,0xBDEF,0xF7BD,
  0xEF7B,0xEF7B,0xEF7B,0xEF7B,0xEF7B,0xEF7B,0xEF7B,0xEF7B,0xEF7B,0xEF7B,0xEF7B,0xEF7B,0xEF7B,0xEF7B,0xEF7B,0xEF7B,
  0xF39C,0xF39C,0xF39C,0xF39C,0xF37B,0xF39C,0xEB5A,0x8421,0x8000,0x8000,0x8000,0x8000,0x8000,0x8000,0x8000,0x8000,
  0x8000,0x8000,0x8000,0x8421,0xE739,0xF7BD,0xF39C,0xF39C,0xF39C,0xF39C,0xF39C,0xF39C,0xF39C,0xF39C,0xF39C,0xF39C,
  0xF39C,0xF39C,0xF7BD,0xF7BD,0xF7BD,0xF7BD,0xF7BD,0xF7BD,0xF7BD,0xF7BD,0xF7BD,0xF7BD,0xF7BD,0xF7BD,0xF7BD,0xF7BD,
  0xF7BD,0xF7BD,0xF7BD,0xF7BD,0xF7BD,0xF7BD,0xF7BD,0xF7BD,0xF7BD,0xF7BD,0xF7BD,0xF7BD,0xF7BD,0xF7BD,0xF7BD,0xF7BD,
  0xF7BD,0xF7BD,0xF7BD,0xFBDD,0xFBDE,0xFBDE,0xFBDE,0xFBDE,0xFBDE,0xFBDE,0xFBDE,0xFBDE,0xFBDE,0xFBDE,0xFFFF,0xFFFF,
  0x0000,0x0000,0x0000,0x0000,0x0000,0x0000,0x0000,0x0000,0x0000,0x0000,0x0000,0x0000,0x0000,0x0000,0x0000,0x0000,
  0x0000,0x0000,0x0000,0x0000,0x0000,0x0000,0x0000,0x0000,0x0000,0x0000,0x0000,0x0000,0x0000,0x0000,0x0000,0x0000,
  0x0000,0x0000,0x0000,0x0000,0x0000,0x0000,0x0000,0x0000,0x0000,0x0000,0x0000,0x0000,0x0000,0x0000,0x0000,0x0000,
  0x0000,0x0000,0x0000,0x0000,0x0000,0x0000,0x0000,0x0000,0x0000,0x0000,0x0000,0x0000,0x0000,0x0000,0x0000,0x0000,
  0x0000,0x0000,0x0000,0x0000,0x0000,0x0000,0x0000,0x0000,0x0000,0x0000,0x0000,0x0000,0x0000,0x0000,0x0000,0x0000,
  0x0000,0x0000,0x0000,0x0000,0x0000,0x0000,0x0000,0x0000,0x0000,0x0000,0x0000,0x0000,0x0000,0x0000,0x0000,0x0000,
  0x0000,0x0000,0x0000,0x0000,0x0000,0x0000,0x0000,0x0000,0x0000,0x0000,0x0000,0x0000,0x0000,0x0000,0x0000,0x0000,
  0x0000,0x0000,0x0000,0x0000,0x0000,0x0000,0x0000,0x0000,0x0000,0x0000,0x0000,0x0000,0x0000,0x0000,0x0000,0x0000,
  0xFB7C,0xA0E7,0x8000,0x8000,0x8000,0x8000,0x8000,0xCE32,0xF75B,0xEF19,0xF339,0xF339,0xF339,0xF339,0xF339,0xF339,
  0xF339,0xF339,0xF339,0xF339,0xF339,0xF339,0xF339,0xF339,0xEF19,0xFB5B,0xC1CF,0x8000,0x8000,0x8000,0x8000,0x8000,
  0xA509,0xF75B,0xEF19,0xF339,0xF339,0xF339,0xF339,0xF339,0xF339,0xF339,0xF339,0xF339,0xF339,0xF339,0xF339,0xF339,
  0xF339,0xF339,0xF339,0xF339,0xF339,0xF339,0xF339,0xF339,0xF339,0xEF19,0xFB5B,0xC5F0,0x8000,0x8000,0x8000,0x8000,
  0x8000,0x8000,0x8000,0x8000,0x8000,0x8000,0x8000,0x8000,0x8000,0xB18C,0xDAD6,0xD294,0xD6B5,0xD6B5,0xD6B5,0xD6B5,
  0xD6B5,0xD6B5,0xD6B5,0xD6B5,0xD6B5,0xD6B5,0xD6B5,0xD6B5,0xD6B5,0xD6B5,0xD6B5,0xDAD6,0xCA52,0x8000,0x8000,0x8000,
  0x8000,0x8000,0x8000,0x8000,0x8000,0x8000,0x8000,0x8000,0x8000,0x8000,0x8000,0xCE73,0xDAD6,0xDAD6,0xDAD6,0xDAD6,
  0xDAD6,0xDAD6,0xDAD6,0xDAD6,0xDAD6,0xDAD6,0xDAD6,0xDAD6,0xDAD6,0xDAD6,0xDAD6,0xDAD6,0xDAD6,0xDAD6,0xDAD6,0xDAD6,
  0xDAD6,0xDAD6,0xDAD6,0xDAD6,0xDAD6,0xDAD6,0xDAF6,0xDEF7,0xDEF7,0xDEF7,0xDEF7,0xDEF7,0xDEF7,0xDEF7,0xDEF7,0xDEF7,
  0xDEF7,0xDEF7,0xDEF7,0xDEF7,0xDEF7,0xDEF7,0xDEF7,0xDEF7,0xDEF7,0xDEF7,0xDEF7,0xDEF7,0xDEF7,0xDEF7,0xDEF7,0xDEF7,
  0xDEF7,0xDEF7,0xDEF7,0xDEF7,0xDEF7,0xDEF7,0xDEF7,0xDEF7,0xDEF7,0xE318,0xE318,0xE318,0xE318,0xE318,0xE318,0xE318,
  0xE318,0xE318,0xE318,0xE318,0xE318,0xE318,0xE318,0xE318,0xE318,0xE318,0xE318,0xE318,0xE318,0xE318,0xE318,0xE318,
  0xE318,0xE318,0xE318,0xE318,0xE318,0xE318,0xE318,0xE318,0xE318,0xE318,0xE738,0xE739,0xE739,0xE739,0xE739,0xE739,
  0xE739,0xE739,0xE739,0xE739,0xE739,0xE739,0xE739,0xE739,0xE739,0xE739,0xE739,0xE739,0xE739,0xE739,0xE739,0xE739,
  0xE739,0xE739,0xE739,0xE739,0xE739,0xE739,0xE739,0xE739,0xE739,0xE739,0xE739,0xE739,0xEB39,0xEB5A,0xEB5A,0xEB5A,
  0xEB5A,0xEB5A,0xEB5A,0xEB5A,0xEB5A,0xEB5A,0xEB5A,0xEB5A,0xEB5A,0xEB5A,0xEB5A,0xEB5A,0xEB5A,0xEB5A,0xEB5A,0xEB5A,
  0xEB5A,0xEB5A,0xEB5A,0xEB5A,0xEB5A,0xEB5A,0xEB5A,0xEB5A,0xEB5A,0xEB5A,0xEB5A,0xEB5A,0xEB5A,0xEB5A,0xEF7B,0xEB5A,
  0xF39C,0xA94A,0x8000,0x8000,0x8000,0x8000,0x8000,0x8000,0x8000,0x8000,0x8000,0x8000,0x8000,0x8000,0xBDEF,0xF7BD,
  0xEF7B,0xEF7B,0xEF7B,0xEF7B,0xEF7B,0xEF7B,0xEF7B,0xEF7B,0xEF7B,0xEF7B,0xEF7B,0xEF7B,0xEF7B,0xEF7B,0xEF7B,0xEF7B,
  0xF39C,0xF39C,0xF39C,0xF39C,0xF39B,0xF39C,0xEB5A,0x8421,0x8000,0x8000,0x8000,0x8000,0x8000,0x8000,0x8000,0x8000,
  0x8000,0x8000,0x8000,0x8421,0xE739,0xF7BD,0xF39C,0xF39C,0xF39C,0xF39C,0xF39C,0xF39C,0xF39C,0xF39C,0xF39C,0xF39C,
  0xF39C,0xF39C,0xF7BD,0xF7BD,0xF7BD,0xF7BD,0xF7BD,0xF7BD,0xF7BD,0xF7BD,0xF7BD,0xF7BD,0xF7BD,0xF7BD,0xF7BD,0xF7BD,
  0xF7BD,0xF7BD,0xF7BD,0xF7BD,0xF7BD,0xF7BD,0xF7BD,0xF7BD,0xF7BD,0xF7BD,0xF7BD,0xF7BD,0xF7BD,0xF7BD,0xF7BD,0xF7BD,
  0xF7BD,0xF7BD,0xF7BD,0xF7DE,0xFBDE,0xFBDE,0xFBDE,0xFBDE,0xFBDE,0xFBDE,0xFBDE,0xFBDE,0xFBDE,0xFBDE,0xFFFF,0xFFFF,
  0x0000,0x0000,0x0000,0x0000,0x0000,0x0000,0x0000,0x0000,0x0000,0x0000,0x0000,0x0000,0x0000,0x0000,0x0000,0x0000,
  0x0000,0x0000,0x0000,0x0000,0x0000,0x0000,0x0000,0x0000,0x0000,0x0000,0x0000,0x0000,0x0000,0x0000,0x0000,0x0000,
  0x0000,0x0000,0x0000,0x0000,0x0000,0x0000,0x0000,0x0000,0x0000,0x0000,0x0000,0x0000,0x0000,0x0000,0x0000,0x0000,
  0x0000,0x0000,0x0000,0x0000,0x0000,0x0000,0x0000,0x0000,0x0000,0x0000,0x0000,0x0000,0x0000,0x0000,0x0000,0x0000,
  0x0000,0x0000,0x0000,0x0000,0x0000,0x0000,0x0000,0x0000,0x0000,0x0000,0x0000,0x0000,0x0000,0x0000,0x0000,0x0000,
  0x0000,0x0000,0x0000,0x0000,0x0000,0x0000,0x0000,0x0000,0x0000,0x0000,0x0000,0x0000,0x0000,0x0000,0x0000,0x0000,
  0x0000,0x0000,0x0000,0x0000,0x0000,0x0000,0x0000,0x0000,0x0000,0x0000,0x0000,0x0000,0x0000,0x0000,0x0000,0x0000,
  0x0000,0x0000,0x0000,0x0000,0x0000,0x0000,0x0000,0x0000,0x0000,0x0000,0x0000,0x0000,0x0000,0x0000,0x0000,0x0000,
  0xFB7C,0x9CE7,0x8000,0x8000,0x8000,0x8000,0x8000,0xDA74,0xF75A,0xEF19,0xF319,0xF319,0xF319,0xF319,0xF319,0xF319,
  0xF319,0xF319,0xF319,0xF319,0xF319,0xF319,0xF319,0xF319,0xEF19,0xF75B,0xCE31,0x8000,0x8000,0x8000,0x8000,0x8000,
  0xA508,0xF75B,0xEF19,0xF319,0xF319,0xF319,0xF319,0xF319,0xF319,0xF319,0xF319,0xF319,0xF319,0xF319,0xF319,0xF319,
  0xF319,0xF319,0xF319,0xF319,0xF319,0xF319,0xF319,0xF319,0xF319,0xEF19,0xFB5B,0xC5F0,0x8000,0x8000,0x8000,0x8000,
  0x8000,0x8000,0x8000,0x8000,0x8000,0x8000,0x8000,0x8000,0x8000,0xB18C,0xDAD6,0xD294,0xD6B5,0xD6B5,0xD6B5,0xD6B5,
  0xD6B5,0xD6B5,0xD6B5,0xD6B5,0xD6B5,0xD6B5,0xD6B5,0xD6B5,0xD6B5,0xD6B5,0xD6B5,0xD6B5,0xDEF7,0xA129,0x8000,0x8000,
  0x8000,0x8000,0x8000,0x8000,0x8000,0x8000,0x8000,0x8000,0x8000,0x8000,0x8000,0xB9CE,0xDEF7,0xD6B5,0xDAD6,0xDAD6,
  0xDAD6,0xDAD6,0xDAD6,0xDAD6,0xDAD6,0xDAD6,0xDAD6,0xDAD6,0xDAD6,0xDAD6,0xDAD6,0xDAD6,0xDAD6,0xDAD6,0xDAD6,0xDAD6,
  0xDAD6,0xDAD6,0xDAD6,0xDAD6,0xDAD6,0xDAD6,0xDED6,0xDEF7,0xDEF7,0xDEF7,0xDEF7,0xDEF7,0xDEF7,0xDEF7,0xDEF7,0xDEF7,
  0xDEF7,0xDEF7,0xDEF7,0xDEF7,0xDEF7,0xDEF7,0xDEF7,0xDEF7,0xDEF7,0xDEF7,0xDEF7,0xDEF7,0xDEF7,0xDEF7,0xDEF7,0xDEF7,
  0xDEF7,0xDEF7,0xDEF7,0xDEF7,0xDEF7,0xDEF7,0xDEF7,0xDEF7,0xDEF7,0xE318,0xE318,0xE318,0xE318,0xE318,0xE318,0xE318,
  0xE318,0xE318,0xE318,0xE318,0xE318,0xE318,0xE318,0xE318,0xE318,0xE318,0xE318,0xE318,0xE318,0xE318,0xE318,0xE318,
  0xE318,0xE318,0xE318,0xE318,0xE318,0xE318,0xE318,0xE318,0xE318,0xE318,0xE338,0xE739,0xE739,0xE739,0xE739,0xE739,
  0xE739,0xE739,0xE739,0xE739,0xE739,0xE739,0xE739,0xE739,0xE739,0xE739,0xE739,0xE739,0xE739,0xE739,0xE739,0xE739,
  0xE739,0xE739,0xE739,0xE739,0xE739,0xE739,0xE739,0xE739,0xE739,0xE739,0xE739,0xE739,0xE75A,0xEB5A,0xEB5A,0xEB5A,
  0xEB5A,0xEB5A,0xEB5A,0xEB5A,0xEB5A,0xEB5A,0xEB5A,0xEB5A,0xEB5A,0xEB5A,0xEB5A,0xEB5A,0xEB5A,0xEB5A,0xEB5A,0xEB5A,
  0xEB5A,0xEB5A,0xEB5A,0xEB5A,0xEB5A,0xEB5A,0xEB5A,0xEB5A,0xEB5A,0xEB5A,0xEB5A,0xEB5A,0xEB5A,0xEB5A,0xEF7B,0xEB5A,
  0xF39C,0xA94A,0x8000,0x8000,0x8000,0x8000,0x8000,0x8000,0x8000,0x8000,0x8000,0x8000,0x8000,0x8000,0xBDEF,0xF7BD,
  0xEF7B,0xEF7B,0xEF7B,0xEF7B,0xEF7B,0xEF7B,0xEF7B,0xEF7B,0xEF7B,0xEF7B,0xEF7B,0xEF7B,0xEF7B,0xEF7B,0xEF7B,0xEF7B,
  0xF39C,0xF39C,0xF39C,0xF39C,0xF37B,0xF39C,0xEB5A,0x8421,0x8000,0x8000,0x8000,0x8000,0x8000,0x8000,0x8000,0x8000,
  0x8000,0x8000,0x8000,0x8421,0xE739,0xF7BD,0xF39C,0xF39C,0xF39C,0xF39C,0xF39C,0xF39C,0xF39C,0xF39C,0xF39C,0xF39C,
  0xF39C,0xF39C,0xF7BD,0xF7BD,0xF7BD,0xF7BD,0xF7BD,0xF7BD,0xF7BD,0xF7BD,0xF7BD,0xF7BD,0xF7BD,0xF7BD,0xF7BD,0xF7BD,
  0xF7BD,0xF7BD,0xF7BD,0xF7BD,0xF7BD,0xF7BD,0xF7BD,0xF7BD,0xF7BD,0xF7BD,0xF7BD,0xF7BD,0xF7BD,0xF7BD,0xF7BD,0xF7BD,
  0xF7BD,0xF7BD,0xF7BD,0xFBBD,0xFBDE,0xFBDE,0xFBDE,0xFBDE,0xFBDE,0xFBDE,0xFBDE,0xFBDE,0xFBDE,0xFBDE,0xFFFF,0xFFFF,
  0x0000,0x0000,0x0000,0x0000,0x0000,0x0000,0x0000,0x0000,0x0000,0x0000,0x0000,0x0000,0x0000,0x0000,0x0000,0x0000,
  0x0000,0x0000,0x0000,0x0000,0x0000,0x0000,0x0000,0x0000,0x0000,0x0000,0x0000,0x0000,0x0000,0x0000,0x0000,0x0000,
  0x0000,0x0000,0x0000,0x0000,0x0000,0x0000,0x0000,0x0000,0x0000,0x0000,0x0000,0x0000,0x0000,0x0000,0x0000,0x0000,
  0x0000,0x0000,0x0000,0x0000,0x0000,0x0000,0x0000,0x0000,0x0000,0x0000,0x0000,0x0000,0x0000,0x0000,0x0000,0x0000,
  0x0000,0x0000,0x0000,0x0000,0x0000,0x0000,0x0000,0x0000,0x0000,0x0000,0x0000,0x0000,0x0000,0x0000,0x0000,0x0000,
  0x0000,0x0000,0x0000,0x0000,0x0000,0x0000,0x0000,0x0000,0x0000,0x0000,0x0000,0x0000,0x0000,0x0000,0x0000,0x0000,
  0x0000,0x0000,0x0000,0x0000,0x0000,0x0000,0x0000,0x0000,0x0000,0x0000,0x0000,0x0000,0x0000,0x0000,0x0000,0x0000,
  0x0000,0x0000,0x0000,0x0000,0x0000,0x0000,0x0000,0x0000,0x0000,0x0000,0x0000,0x0000,0x0000,0x0000,0x0000,0x0000,
  0xFB7C,0x9CE7,0x8000,0x8000,0x8000,0x8000,0x8000,0xDE95,0xF73A,0xEF19,0xF319,0xF319,0xF319,0xF319,0xF319,0xF319,
  0xF319,0xF319,0xF319,0xF319,0xF319,0xF319,0xF319,0xF319,0xEF19,0xF75A,0xD653,0x8000,0x8000,0x8000,0x8000,0x8000,
  0xA508,0xF75B,0xEF19,0xF319,0xF319,0xF319,0xF319,0xF319,0xF319,0xF319,0xF319,0xF319,0xF319,0xF319,0xF319,0xF319,
  0xF319,0xF319,0xF319,0xF319,0xF319,0xF319,0xF319,0xF319,0xF319,0xEF19,0xF75B,0xC5EF,0x8000,0x8000,0x8000,0x8000,
  0x8000,0x8000,0x8000,0x8000,0x8000,0x8000,0x8000,0x8000,0x8000,0xB18C,0xDAD6,0xD294,0xD6B5,0xD6B5,0xD6B5,0xD6B5,
  0xD6B5,0xD6B5,0xD6B5,0xD6B5,0xD6B5,0xD6B5,0xD6B5,0xD6B5,0xD6B5,0xD6B5,0xD6B5,0xD6B5,0xDAD6,0xCA52,0x8000,0x8000,
  0x8000,0x8000,0x8000,0x8000,0x8000,0x8000,0x8000,0x8000,0x8000,0x8000,0x8000,0xA108,0xDEF7,0xD6B5,0xDAD6,0xDAD6,
  0xDAD6,0xDAD6,0xDAD6,0xDAD6,0xDAD6,0xDAD6,0xDAD6,0xDAD6,0xDAD6,0xDAD6,0xDAD6,0xDAD6,0xDAD6,0xDAD6,0xDAD6,0xDAD6,
  0xDAD6,0xDAD6,0xDAD6,0xDAD6,0xDAD6,0xDAD6,0xDAD6,0xDEF7,0xDEF7,0xDEF7,0xDEF7,0xDEF7,0xDEF7,0xDEF7,0xDEF7,0xDEF7,
  0xDEF7,0xDEF7,0xDEF7,0xDEF7,0xDEF7,0xDEF7,0xDEF7,0xDEF7,0xDEF7,0xDEF7,0xDEF7,0xDEF7,0xDEF7,0xDEF7,0xDEF7,0xDEF7,
  0xDEF7,0xDEF7,0xDEF7,0xDEF7,0xDEF7,0xDEF7,0xDEF7,0xDEF7,0xDEF7,0xE318,0xE318,0xE318,0xE318,0xE318,0xE318,0xE318,
  0xE318,0xE318,0xE318,0xE318,0xE318,0xE318,0xE318,0xE318,0xE318,0xE318,0xE318,0xE318,0xE318,0xE318,0xE318,0xE318,
  0xE318,0xE318,0xE318,0xE318,0xE318,0xE318,0xE318,0xE318,0xE318,0xE318,0xE338,0xE739,0xE739,0xE739,0xE739,0xE739,
  0xE739,0xE739,0xE739,0xE739,0xE739,0xE739,0xE739,0xE739,0xE739,0xE739,0xE739,0xE739,0xE739,0xE739,0xE739,0xE739,
  0xE739,0xE739,0xE739,0xE739,0xE739,0xE739,0xE739,0xE739,0xE739,0xE739,0xE739,0xE73A,0xEB5A,0xEB5A,0xEB5A,0xEB5A,
  0xEB5A,0xEB5A,0xEB5A,0xEB5A,0xEB5A,0xEB5A,0xEB5A,0xEB5A,0xEB5A,0xEB5A,0xEB5A,0xEB5A,0xEB5A,0xEB5A,0xEB5A,0xEB5A,
  0xEB5A,0xEB5A,0xEB5A,0xEB5A,0xEB5A,0xEB5A,0xEB5A,0xEB5A,0xEB5A,0xEB5A,0xEB5A,0xEB5A,0xEB5A,0xEB5A,0xEF7B,0xEB5A,
  0xF39C,0xA94A,0x8000,0x8000,0x8000,0x8000,0x8000,0x8000,0x8000,0x8000,0x8000,0x8000,0x8000,0x8000,0xBDEF,0xF7BD,
  0xEF7B,0xEF7B,0xEF7B,0xEF7B,0xEF7B,0xEF7B,0xEF7B,0xEF7B,0xEF7B,0xEF7B,0xEF7B,0xEF7B,0xEF7B,0xEF7B,0xEF7B,0xEF7B,
  0xF39C,0xF39C,0xF39C,0xF39C,0xF37C,0xF39C,0xEB5A,0x8421,0x8000,0x8000,0x8000,0x8000,0x8000,0x8000,0x8000,0x8000,
  0x8000,0x8000,0x8000,0x8421,0xE739,0xF7BD,0xF39C,0xF39C,0xF39C,0xF39C,0xF39C,0xF39C,0xF39C,0xF39C,0xF39C,0xF39C,
  0xF39C,0xF39C,0xF7BD,0xF7BD,0xF7BD,0xF7BD,0xF7BD,0xF7BD,0xF7BD,0xF7BD,0xF7BD,0xF7BD,0xF7BD,0xF7BD,0xF7BD,0xF7BD,
  0xF7BD,0xF7BD,0xF7BD,0xF7BD,0xF7BD,0xF7BD,0xF7BD,0xF7BD,0xF7BD,0xF7BD,0xF7BD,0xF7BD,0xF7BD,0xF7BD,0xF7BD,0xF7BD,
  0xF7BD,0xF7BD,0xF7BD,0xFBDE,0xFBDE,0xFBDE,0xFBDE,0xFBDE,0xFBDE,0xFBDE,0xFBDE,0xFBDE,0xFBDE,0xFBDE,0xFFFF,0xFFFF,
  0x0000,0x0000,0x0000,0x0000,0x0000,0x0000,0x0000,0x0000,0x0000,0x0000,0x0000,0x0000,0x0000,0x0000,0x0000,0x0000,
  0x0000,0x0000,0x0000,0x0000,0x0000,0x0000,0x0000,0x0000,0x0000,0x0000,0x0000,0x0000,0x0000,0x0000,0x0000,0x0000,
  0x0000,0x0000,0x0000,0x0000,0x0000,0x0000,0x0000,0x0000,0x0000,0x0000,0x0000,0x0000,0x0000,0x0000,0x0000,0x0000,
  0x0000,0x0000,0x0000,0x0000,0x0000,0x0000,0x0000,0x0000,0x0000,0x0000,0x0000,0x0000,0x0000,0x0000,0x0000,0x0000,
  0x0000,0x0000,0x0000,0x0000,0x0000,0x0000,0x0000,0x0000,0x0000,0x0000,0x0000,0x0000,0x0000,0x0000,0x0000,0x0000,
  0x0000,0x0000,0x0000,0x0000,0x0000,0x0000,0x0000,0x0000,0x0000,0x0000,0x0000,0x0000,0x0000,0x0000,0x0000,0x0000,
  0x0000,0x0000,0x0000,0x0000,0x0000,0x0000,0x0000,0x0000,0x0000,0x0000,0x0000,0x0000,0x0000,0x0000,0x0000,0x0000,
  0x0000,0x0000,0x0000,0x0000,0x0000,0x0000,0x0000,0x0000,0x0000,0x0000,0x0000,0x0000,0x0000,0x0000,0x0000,0x0000,
  0xFB7C,0x9CE7,0x8000,0x8000,0x8000,0x8000,0x8000,0xDE95,0xF73A,0xEF19,0xF319,0xF319,0xF319,0xF319,0xF319,0xF319,
  0xF319,0xF319,0xF319,0xF319,0xF319,0xF319,0xF319,0xF319,0xEF19,0xF73A,0xD673,0x8000,0x8000,0x8000,0x8000,0x8000,
  0xA508,0xF75B,0xEF19,0xF319,0xF319,0xF319,0xF319,0xF319,0xF319,0xF319,0xF319,0xF319,0xF319,0xF319,0xF319,0xF319,
  0xF319,0xF319,0xF319,0xF319,0xF319,0xF319,0xF319,0xF319,0xF319,0xEF19,0xF75B,0xC5EF,0x8000,0x8000,0x8000,0x8000,
  0x8000,0x8000,0x8000,0x8000,0x8000,0x8000,0x8000,0x8000,0x8000,0xB18C,0xDAD6,0xD294,0xD6B5,0xD6B5,0xD6B5,0xD6B5,
  0xD6B5,0xD6B5,0xD6B5,0xD6B5,0xD6B5,0xD6B5,0xD6B5,0xD6B5,0xD6B5,0xD6B5,0xD6B5,0xD6B5,0xD6B5,0xDAD6,0x9084,0x8000,
  0x8000,0x8000,0x8000,0x8000,0x8000,0x8000,0x8000,0x8000,0x8000,0x8000,0x8000,0x9084,0xDAD6,0xDAD6,0xDAD6,0xDAD6,
  0xDAD6,0xDAD6,0xDAD6,0xDAD6,0xDAD6,0xDAD6,0xDAD6,0xDAD6,0xDAD6,0xDAD6,0xDAD6,0xDAD6,0xDAD6,0xDAD6,0xDAD6,0xDAD6,
  0xDAD6,0xDAD6,0xDAD6,0xDAD6,0xDAD6,0xDAD6,0xDAD6,0xDEF7,0xDEF7,0xDEF7,0xDEF7,0xDEF7,0xDEF7,0xDEF7,0xDEF7,0xDEF7,
  0xDEF7,0xDEF7,0xDEF7,0xDEF7,0xDEF7,0xDEF7,0xDEF7,0xDEF7,0xDEF7,0xDEF7,0xDEF7,0xDEF7,0xDEF7,0xDEF7,0xDEF7,0xDEF7,
  0xDEF7,0xDEF7,0xDEF7,0xDEF7,0xDEF7,0xDEF7,0xDEF7,0xDEF7,0xDEF7,0xE318,0xE318,0xE318,0xE318,0xE318,0xE318,0xE318,
  0xE318,0xE318,0xE318,0xE318,0xE318,0xE318,0xE318,0xE318,0xE318,0xE318,0xE318,0xE318,0xE318,0xE318,0xE318,0xE318,
  0xE318,0xE318,0xE318,0xE318,0xE318,0xE318,0xE318,0xE318,0xE318,0xE318,0xE738,0xE739,0xE739,0xE739,0xE739,0xE739,
  0xE739,0xE739,0xE739,0xE739,0xE739,0xE739,0xE739,0xE739,0xE739,0xE739,0xE739,0xE739,0xE739,0xE739,0xE739,0xE739,
  0xE739,0xE739,0xE739,0xE739,0xE739,0xE739,0xE739,0xE739,0xE739,0xE739,0xE739,0xE739,0xEB5A,0xEB5A,0xEB5A,0xEB5A,
  0xEB5A,0xEB5A,0xEB5A,0xEB5A,0xEB5A,0xEB5A,0xEB5A,0xEB5A,0xEB5A,0xEB5A,0xEB5A,0xEB5A,0xEB5A,0xEB5A,0xEB5A,0xEB5A,
  0xEB5A,0xEB5A,0xEB5A,0xEB5A,0xEB5A,0xEB5A,0xEB5A,0xEB5A,0xEB5A,0xEB5A,0xEB5A,0xEB5A,0xEB5A,0xEB5A,0xEF7B,0xEB5A,
  0xF39C,0xA94A,0x8000,0x8000,0x8000,0x8000,0x8000,0x8000,0x8000,0x8000,0x8000,0x8000,0x8000,0x8000,0xBDEF,0xF7BD,
  0xEF7B,0xEF7B,0xEF7B,0xEF7B,0xEF7B,0xEF7B,0xEF7B,0xEF7B,0xEF7B,0xEF7B,0xEF7B,0xEF7B,0xEF7B,0xEF7B,0xEF7B,0xEF7B,
  0xF39C,0xF39C,0xF39C,0xF39C,0xF39C,0xF39C,0xEB5A,0x8421,0x8000,0x8000,0x8000,0x8000,0x8000,0x8000,0x8000,0x8000,
  0x8000,0x8000,0x8000,0x8421,0xE739,0xF7BD,0xF39C,0xF39C,0xF39C,0xF39C,0xF39C,0xF39C,0xF39C,0xF39C,0xF39C,0xF39C,
  0xF39C,0xF39C,0xF7BD,0xF7BD,0xF7BD,0xF7BD,0xF7BD,0xF7BD,0xF7BD,0xF7BD,0xF7BD,0xF7BD,0xF7BD,0xF7BD,0xF7BD,0xF7BD,
  0xF7BD,0xF7BD,0xF7BD,0xF7BD,0xF7BD,0xF7BD,0xF7BD,0xF7BD,0xF7BD,0xF7BD,0xF7BD,0xF7BD,0xF7BD,0xF7BD,0xF7BD,0xF7BD,
  0xF7BD,0xF7BD,0xF7BD,0xFBDE,0xFBDE,0xFBDE,0xFBDE,0xFBDE,0xFBDE,0xFBDE,0xFBDE,0xFBDE,0xFBDE,0xFBDE,0xFFFF,0xFFFF,
  0x0000,0x0000,0x0000,0x0000,0x0000,0x0000,0x0000,0x0000,0x0000,0x0000,0x0000,0x0000,0x0000,0x0000,0x0000,0x0000,
  0x0000,0x0000,0x0000,0x0000,0x0000,0x0000,0x0000,0x0000,0x0000,0x0000,0x0000,0x0000,0x0000,0x0000,0x0000,0x0000,
  0x0000,0x0000,0x0000,0x0000,0x0000,0x0000,0x0000,0x0000,0x0000,0x0000,0x0000,0x0000,0x0000,0x0000,0x0000,0x0000,
  0x0000,0x0000,0x0000,0x0000,0x0000,0x0000,0x0000,0x0000,0x0000,0x0000,0x0000,0x0000,0x0000,0x0000,0x0000,0x0000,
  0x0000,0x0000,0x0000,0x0000,0x0000,0x0000,0x0000,0x0000,0x0000,0x0000,0x0000,0x0000,0x0000,0x0000,0x0000,0x0000,
  0x0000,0x0000,0x0000,0x0000,0x0000,0x0000,0x0000,0x0000,0x0000,0x0000,0x0000,0x0000,0x0000,0x0000,0x0000,0x0000,
  0x0000,0x0000,0x0000,0x0000,0x0000,0x0000,0x0000,0x0000,0x0000,0x0000,0x0000,0x0000,0x0000,0x0000,0x0000,0x0000,
  0x0000,0x0000,0x0000,0x0000,0x0000,0x0000,0x0000,0x0000,0x0000,0x0000,0x0000,0x0000,0x0000,0x0000,0x0000,0x0000,
  0xFB7C,0x9CE7,0x8000,0x8000,0x8000,0x8000,0x8000,0xDE95,0xF73A,0xEF19,0xF319,0xF319,0xEF19,0xF319,0xF319,0xF319,
  0xF319,0xF319,0xF319,0xF319,0xF319,0xF319,0xF319,0xF319,0xEF19,0xF73A,0xD673,0x8000,0x8000,0x8000,0x8000,0x8000,
  0xA508,0xF73A,0xEF19,0xF319,0xF319,0xF319,0xEF19,0xF319,0xF319,0xEF19,0xF319,0xF319,0xF319,0xF319,0xF319,0xF319,
  0xF319,0xF319,0xF319,0xEF19,0xF319,0xF319,0xEF19,0xF319,0xF319,0xEF19,0xF75B,0xC5EF,0x8000,0x8000,0x8000,0x8000,
  0x8000,0x8000,0x8000,0x8000,0x8000,0x8000,0x8000,0x8000,0x8000,0xB18C,0xDAD6,0xD294,0xD6B5,0xD6B5,0xD6B5,0xD6B5,
  0xD6B5,0xD6B5,0xD6B5,0xD6B5,0xD6B5,0xD6B5,0xD6B5,0xD6B5,0xD6B5,0xD6B5,0xD6B5,0xD6B5,0xD6B5,0xDEF7,0xA94A,0x8000,
  0x8000,0x8000,0x8000,0x8000,0x8000,0x8000,0x8000,0x8000,0x8000,0x8000,0x8000,0x8421,0xD294,0xDAD6,0xDAD6,0xDAD6,
  0xDAD6,0xDAD6,0xDAD6,0xDAD6,0xDAD6,0xDAD6,0xDAD6,0xDAD6,0xDAD6,0xDAD6,0xDAD6,0xDAD6,0xDAD6,0xDAD6,0xDAD6,0xDAD6,
  0xDAD6,0xDAD6,0xDAD6,0xDAD6,0xDAD6,0xDAD6,0xDAD6,0xDEF7,0xDEF7,0xDEF7,0xDEF7,0xDEF7,0xDEF7,0xDEF7,0xDEF7,0xDEF7,
  0xDEF7,0xDEF7,0xDEF7,0xDEF7,0xDEF7,0xDEF7,0xDEF7,0xDEF7,0xDEF7,0xDEF7,0xDEF7,0xDEF7,0xDEF7,0xDEF7,0xDEF7,0xDEF7,
  0xDEF7,0xDEF7,0xDEF7,0xDEF7,0xDEF7,0xDEF7,0xDEF7,0xDEF7,0xDEF7,0xE318,0xE318,0xE318,0xE318,0xE318,0xE318,0xE318,
  0xE318,0xE318,0xE318,0xE318,0xE318,0xE318,0xE318,0xE318,0xE318,0xE318,0xE318,0xE318,0xE318,0xE318,0xE318,0xE318,
  0xE318,0xE318,0xE318,0xE318,0xE318,0xE318,0xE318,0xE318,0xE318,0xE318,0xE739,0xE739,0xE739,0xE739,0xE739,0xE739,
  0xE739,0xE739,0xE739,0xE739,0xE739,0xE739,0xE739,0xE739,0xE739,0xE739,0xE739,0xE739,0xE739,0xE739,0xE739,0xE739,
  0xE739,0xE739,0xE739,0xE739,0xE739,0xE739,0xE739,0xE739,0xE739,0xE739,0xE739,0xE739,0xEB5A,0xEB5A,0xEB5A,0xEB5A,
  0xEB5A,0xEB5A,0xEB5A,0xEB5A,0xEB5A,0xEB5A,0xEB5A,0xEB5A,0xEB5A,0xEB5A,0xEB5A,0xEB5A,0xEB5A,0xEB5A,0xEB5A,0xEB5A,
  0xEB5A,0xEB5A,0xEB5A,0xEB5A,0xEB5A,0xEB5A,0xEB5A,0xEB5A,0xEB5A,0xEB5A,0xEB5A,0xEB5A,0xEB5A,0xEB5A,0xEF5B,0xEB5A,
  0xF39C,0xA94A,0x8000,0x8000,0x8000,0x8000,0x8000,0x8000,0x8000,0x8000,0x8000,0x8000,0x8000,0x8000,0xBDEF,0xF7BD,
  0xEF7B,0xEF7B,0xEF7B,0xEF7B,0xEF7B,0xEF7B,0xEF7B,0xEF7B,0xEF7B,0xEF7B,0xEF7B,0xEF7B,0xEF7B,0xEF7B,0xEF7B,0xF37B,
  0xF39C,0xF39C,0xF39C,0xF39C,0xEF7B,0xF39C,0xEB5A,0x8421,0x8000,0x8000,0x8000,0x8000,0x8000,0x8000,0x8000,0x8000,
  0x8000,0x8000,0x8000,0x8421,0xE739,0xF7BD,0xF39C,0xF39C,0xF39C,0xF39C,0xF39C,0xF39C,0xF39C,0xF39C,0xF39C,0xF39C,
  0xF39C,0xF3BD,0xF7BD,0xF7BD,0xF7BD,0xF7BD,0xF7BD,0xF7BD,0xF7BD,0xF7BD,0xF7BD,0xF7BD,0xF7BD,0xF7BD,0xF7BD,0xF7BD,
  0xF7BD,0xF7BD,0xF7BD,0xF7BD,0xF7BD,0xF7BD,0xF7BD,0xF7BD,0xF7BD,0xF7BD,0xF7BD,0xF7BD,0xF7BD,0xF7BD,0xF7BD,0xF7BD,
  0xF7BD,0xF7BD,0xF7BD,0xFBDE,0xFBDE,0xFBDE,0xFBDE,0xFBDE,0xFBDE,0xFBDE,0xFBDE,0xFBDE,0xFBDE,0xFBDE,0xFFFF,0xFFFF,
  0x0000,0x0000,0x0000,0x0000,0x0000,0x0000,0x0000,0x0000,0x0000,0x0000,0x0000,0x0000,0x0000,0x0000,0x0000,0x0000,
  0x0000,0x0000,0x0000,0x0000,0x0000,0x0000,0x0000,0x0000,0x0000,0x0000,0x0000,0x0000,0x0000,0x0000,0x0000,0x0000,
  0x0000,0x0000,0x0000,0x0000,0x0000,0x0000,0x0000,0x0000,0x0000,0x0000,0x0000,0x0000,0x0000,0x0000,0x0000,0x0000,
  0x0000,0x0000,0x0000,0x0000,0x0000,0x0000,0x0000,0x0000,0x0000,0x0000,0x0000,0x0000,0x0000,0x0000,0x0000,0x0000,
  0x0000,0x0000,0x0000,0x0000,0x0000,0x0000,0x0000,0x0000,0x0000,0x0000,0x0000,0x0000,0x0000,0x0000,0x0000,0x0000,
  0x0000,0x0000,0x0000,0x0000,0x0000,0x0000,0x0000,0x0000,0x0000,0x0000,0x0000,0x0000,0x0000,0x0000,0x0000,0x0000,
  0x0000,0x0000,0x0000,0x0000,0x0000,0x0000,0x0000,0x0000,0x0000,0x0000,0x0000,0x0000,0x0000,0x0000,0x0000,0x0000,
  0x0000,0x0000,0x0000,0x0000,0x0000,0x0000,0x0000,0x0000,0x0000,0x0000,0x0000,0x0000,0x0000,0x0000,0x0000,0x0000,
  0xFB7C,0x9CE7,0x8000,0x8000,0x8000,0x8000,0x8000,0xDE94,0xF339,0xEEF8,0xEF18,0xEF18,0xEF18,0xEF18,0xEF18,0xEF18,
  0xEF18,0xEF18,0xEF18,0xEF19,0xEF18,0xEF18,0xEF18,0xEF18,0xEEF8,0xF33A,0xD653,0x8000,0x8000,0x8000,0x8000,0x8000,
  0xA508,0xF73A,0xEEF8,0xEF18,0xEF18,0xEF18,0xEF18,0xEF18,0xEF18,0xEF18,0xEF18,0xEF18,0xEF18,0xEF19,0xEF18,0xEF18,
  0xEF18,0xEF18,0xEF18,0xEF18,0xEF18,0xEF18,0xEF18,0xEF18,0xEF18,0xEEF8,0xF73A,0xC5CF,0x8000,0x8000,0x8000,0x8000,
  0x8000,0x8000,0x8000,0x8000,0x8000,0x8000,0x8000,0x8000,0x8000,0xB18C,0xDAD6,0xD294,0xD6B5,0xD6B5,0xD6B5,0xD6B5,
  0xD6B5,0xD6B5,0xD6B5,0xD6B5,0xD6B5,0xD6B5,0xD6B5,0xD6B5,0xD6B5,0xD6B5,0xD6B5,0xD6B5,0xD6B5,0xDAF6,0xBDEF,0x8000,
  0x8000,0x8000,0x8000,0x8000,0x8000,0x8000,0x8000,0x8000,0x8000,0x8000,0x8000,0x8000,0xC631,0xDEF7,0xDAD6,0xDAD6,
  0xDAD6,0xDAD6,0xDAD6,0xDAD6,0xDAD6,0xDAD6,0xDAD6,0xDAD6,0xDAD6,0xDAD6,0xDAD6,0xDAD6,0xDAD6,0xDAD6,0xDAD6,0xDAD6,
  0xDAD6,0xDAD6,0xDAD6,0xDAD6,0xDAD6,0xDAD6,0xDED6,0xDEF7,0xDEF7,0xDEF7,0xDEF7,0xDEF7,0xDEF7,0xDEF7,0xDEF7,0xDEF7,
  0xDEF7,0xDEF7,0xDEF7,0xDEF7,0xDEF7,0xDEF7,0xDEF7,0xDEF7,0xDEF7,0xDEF7,0xDEF7,0xDEF7,0xDEF7,0xDEF7,0xDEF7,0xDEF7,
  0xDEF7,0xDEF7,0xDEF7,0xDEF7,0xDEF7,0xDEF7,0xDEF7,0xDEF7,0xDEF8,0xE318,0xE318,0xE318,0xE318,0xE318,0xE318,0xE318,
  0xE318,0xE318,0xE318,0xE318,0xE318,0xE318,0xE318,0xE318,0xE318,0xE318,0xE318,0xE318,0xE318,0xE318,0xE318,0xE318,
  0xE318,0xE318,0xE318,0xE318,0xE318,0xE318,0xE318,0xE318,0xE318,0xE318,0xE339,0xE739,0xE739,0xE739,0xE739,0xE739,
  0xE739,0xE739,0xE739,0xE739,0xE739,0xE739,0xE739,0xE739,0xE739,0xE739,0xE739,0xE739,0xE739,0xE739,0xE739,0xE739,
  0xE739,0xE739,0xE739,0xE739,0xE739,0xE739,0xE739,0xE739,0xE739,0xE739,0xE739,0xE739,0xEB5A,0xEB5A,0xEB5A,0xEB5A,
  0xEB5A,0xEB5A,0xEB5A,0xEB5A,0xEB5A,0xEB5A,0xEB5A,0xEB5A,0xEB5A,0xEB5A,0xEB5A,0xEB5A,0xEB5A,0xEB5A,0xEB5A,0xEB5A,
  0xEB5A,0xEB5A,0xEB5A,0xEB5A,0xEB5A,0xEB5A,0xEB5A,0xEB5A,0xEB5A,0xEB5A,0xEB5A,0xEB5A,0xEB5A,0xEB5A,0xEF7B,0xEB5A,
  0xF39C,0xA94A,0x8000,0x8000,0x8000,0x8000,0x8000,0x8000,0x8000,0x8000,0x8000,0x8000,0x8000,0x8000,0xBDEF,0xF7BD,
  0xEF7B,0xEF7B,0xEF7B,0xEF7B,0xEF7B,0xEF7B,0xEF7B,0xEF7B,0xEF7B,0xEF7B,0xEF7B,0xEF7B,0xEF7B,0xEF7B,0xEF7B,0xEF7B,
  0xF39C,0xF39C,0xF39C,0xF39C,0xEF7B,0xF39C,0xEB5A,0x8421,0x8000,0x8000,0x8000,0x8000,0x8000,0x8000,0x8000,0x8000,
  0x8000,0x8000,0x8000,0x8421,0xE739,0xF7BD,0xF39C,0xF39C,0xF39C,0xF39C,0xF39C,0xF39C,0xF39C,0xF39C,0xF39C,0xF39C,
  0xF39C,0xF3BC,0xF7BD,0xF7BD,0xF7BD,0xF7BD,0xF7BD,0xF7BD,0xF7BD,0xF7BD,0xF7BD,0xF7BD,0xF7BD,0xF7BD,0xF7BD,0xF7BD,
  0xF7BD,0xF7BD,0xF7BD,0xF7BD,0xF7BD,0xF7BD,0xF7BD,0xF7BD,0xF7BD,0xF7BD,0xF7BD,0xF7BD,0xF7BD,0xF7BD,0xF7BD,0xF7BD,
  0xF7BD,0xF7BD,0xF7BD,0xFBDD,0xFBDE,0xFBDE,0xFBDE,0xFBDE,0xFBDE,0xFBDE,0xFBDE,0xFBDE,0xFBDE,0xFBDE,0xFFFF,0xFFFF,
  0x0000,0x0000,0x0000,0x0000,0x0000,0x0000,0x0000,0x0000,0x0000,0x0000,0x0000,0x0000,0x0000,0x0000,0x0000,0x0000,
  0x0000,0x0000,0x0000,0x0000,0x0000,0x0000,0x0000,0x0000,0x0000,0x0000,0x0000,0x0000,0x0000,0x0000,0x0000,0x0000,
  0x0000,0x0000,0x0000,0x0000,0x0000,0x0000,0x0000,0x0000,0x0000,0x0000,0x0000,0x0000,0x0000,0x0000,0x0000,0x0000,
  0x0000,0x0000,0x0000,0x0000,0x0000,0x0000,0x0000,0x0000,0x0000,0x0000,0x0000,0x0000,0x0000,0x0000,0x0000,0x0000,
  0x0000,0x0000,0x0000,0x0000,0x0000,0x0000,0x0000,0x0000,0x0000,0x0000,0x0000,0x0000,0x0000,0x0000,0x0000,0x0000,
  0x0000,0x0000,0x0000,0x0000,0x0000,0x0000,0x0000,0x0000,0x0000,0x0000,0x0000,0x0000,0x0000,0x0000,0x0000,0x0000,
  0x0000,0x0000,0x0000,0x0000,0x0000,0x0000,0x0000,0x0000,0x0000,0x0000,0x0000,0x0000,0x0000,0x0000,0x0000,0x0000,
  0x0000,0x0000,0x0000,0x0000,0x0000,0x0000,0x0000,0x0000,0x0000,0x0000,0x0000,0x0000,0x0000,0x0000,0x0000,0x0000,
  0xFB7C,0x9CE7,0x8000,0x8000,0x8000,0x8000,0x8000,0xE6B6,0xFB7B,0xF73A,0xF75B,0xF75B,0xF75B,0xF75B,0xF75B,0xF75B,
  0xF75B,0xF75B,0xF75B,0xF75B,0xF75B,0xF75B,0xF75B,0xF75B,0xF73A,0xFF7C,0xDE94,0x8000,0x8000,0x8000,0x8000,0x8000,
  0xA909,0xFF7C,0xF73A,0xF75B,0xF75B,0xF75B,0xF75B,0xF75B,0xF75B,0xF75B,0xF75B,0xF75B,0xF75B,0xF75B,0xF75B,0xF75B,
  0xF75B,0xF75B,0xF75B,0xF75B,0xF75B,0xF75B,0xF75B,0xF75B,0xF75B,0xF73A,0xFF7C,0xCA10,0x8000,0x8000,0x8000,0x8000,
  0x8000,0x8000,0x8000,0x8000,0x8000,0x8000,0x8000,0x8000,0x8000,0xB18C,0xDAD6,0xD294,0xD6B5,0xD6B5,0xD6B5,0xD6B5,
  0xD6B5,0xD6B5,0xD6B5,0xD6B5,0xD6B5,0xD6B5,0xD6B5,0xD6B5,0xD6B5,0xD6B5,0xD6B5,0xD6B5,0xD6B5,0xDAD6,0xCA52,0x8000,
  0x8000,0x8000,0x8000,0x8000,0x8000,0x8000,0x8000,0x8000,0x8000,0x8000,0x8000,0x8000,0xBDEF,0xDEF7,0xDAB5,0xDAD6,
  0xDAD6,0xDAD6,0xDAD6,0xDAD6,0xDAD6,0xDAD6,0xDAD6,0xDAD6,0xDAD6,0xDAD6,0xDAD6,0xDAD6,0xDAD6,0xDAD6,0xDAD6,0xDAD6,
  0xDAD6,0xDAD6,0xDAD6,0xDAD6,0xDAD6,0xDAD6,0xDAF6,0xDEF7,0xDEF7,0xDEF7,0xDEF7,0xDEF7,0xDEF7,0xDEF7,0xDEF7,0xDEF7,
  0xDEF7,0xDEF7,0xDEF7,0xDEF7,0xDEF7,0xDEF7,0xDEF7,0xDEF7,0xDEF7,0xDEF7,0xDEF7,0xDEF7,0xDEF7,0xDEF7,0xDEF7,0xDEF7,
  0xDEF7,0xDEF7,0xDEF7,0xDEF7,0xDEF7,0xDEF7,0xDEF7,0xDEF7,0xDEF7,0xE318,0xE318,0xE318,0xE318,0xE318,0xE318,0xE318,
  0xE318,0xE318,0xE318,0xE318,0xE318,0xE318,0xE318,0xE318,0xE318,0xE318,0xE318,0xE318,0xE318,0xE318,0xE318,0xE318,
  0xE318,0xE318,0xE318,0xE318,0xE318,0xE318,0xE318,0xE318,0xE318,0xE318,0xE738,0xE739,0xE739,0xE739,0xE739,0xE739,
  0xE739,0xE739,0xE739,0xE739,0xE739,0xE739,0xE739,0xE739,0xE739,0xE739,0xE739,0xE739,0xE739,0xE739,0xE739,0xE739,
  0xE739,0xE739,0xE739,0xE739,0xE739,0xE739,0xE739,0xE739,0xE739,0xE739,0xE739,0xE739,0xEB39,0xEB5A,0xEB5A,0xEB5A,
  0xEB5A,0xEB5A,0xEB5A,0xEB5A,0xEB5A,0xEB5A,0xEB5A,0xEB5A,0xEB5A,0xEB5A,0xEB5A,0xEB5A,0xEB5A,0xEB5A,0xEB5A,0xEB5A,
  0xEB5A,0xEB5A,0xEB5A,0xEB5A,0xEB5A,0xEB5A,0xEB5A,0xEB5A,0xEB5A,0xEB5A,0xEB5A,0xEB5A,0xEB5A,0xEB5A,0xEF7A,0xEB5A,
  0xF39C,0xA94A,0x8000,0x8000,0x8000,0x8000,0x8000,0x8000,0x8000,0x8000,0x8000,0x8000,0x8000,0x8000,0xBDEF,0xF7BD,
  0xEF7B,0xEF7B,0xEF7B,0xEF7B,0xEF7B,0xEF7B,0xEF7B,0xEF7B,0xEF7B,0xEF7B,0xEF7B,0xEF7B,0xEF7B,0xEF7B,0xEF7B,0xEF7B,
  0xF39C,0xF39C,0xF39C,0xF39C,0xF39B,0xF39C,0xEB5A,0x8421,0x8000,0x8000,0x8000,0x8000,0x8000,0x8000,0x8000,0x8000,
  0x8000,0x8000,0x8000,0x8421,0xE739,0xF7BD,0xF39C,0xF39C,0xF39C,0xF39C,0xF39C,0xF39C,0xF39C,0xF39C,0xF39C,0xF39C,
  0xF39C,0xF39C,0xF7BD,0xF7BD,0xF7BD,0xF7BD,0xF7BD,0xF7BD,0xF7BD,0xF7BD,0xF7BD,0xF7BD,0xF7BD,0xF7BD,0xF7BD,0xF7BD,
  0xF7BD,0xF7BD,0xF7BD,0xF7BD,0xF7BD,0xF7BD,0xF7BD,0xF7BD,0xF7BD,0xF7BD,0xF7BD,0xF7BD,0xF7BD,0xF7BD,0xF7BD,0xF7BD,
  0xF7BD,0xF7BD,0xF7BD,0xF7DE,0xFBDE,0xFBDE,0xFBDE,0xFBDE,0xFBDE,0xFBDE,0xFBDE,0xFBDE,0xFBDE,0xFBDE,0xFFFF,0xFFFF,
  0x0000,0x0000,0x0000,0x0000,0x0000,0x0000,0x0000,0x0000,0x0000,0x0000,0x0000,0x0000,0x0000,0x0000,0x0000,0x0000,
  0x0000,0x0000,0x0000,0x0000,0x0000,0x0000,0x0000,0x0000,0x0000,0x0000,0x0000,0x0000,0x0000,0x0000,0x0000,0x0000,
  0x0000,0x0000,0x0000,0x0000,0x0000,0x0000,0x0000,0x0000,0x0000,0x0000,0x0000,0x0000,0x0000,0x0000,0x0000,0x0000,
  0x0000,0x0000,0x0000,0x0000,0x0000,0x0000,0x0000,0x0000,0x0000,0x0000,0x0000,0x0000,0x0000,0x0000,0x0000,0x0000,
  0x0000,0x0000,0x0000,0x0000,0x0000,0x0000,0x0000,0x0000,0x0000,0x0000,0x0000,0x0000,0x0000,0x0000,0x0000,0x0000,
  0x0000,0x0000,0x0000,0x0000,0x0000,0x0000,0x0000,0x0000,0x0000,0x0000,0x0000,0x0000,0x0000,0x0000,0x0000,0x0000,
  0x0000,0x0000,0x0000,0x0000,0x0000,0x0000,0x0000,0x0000,0x0000,0x0000,0x0000,0x0000,0x0000,0x0000,0x0000,0x0000,
  0x0000,0x0000,0x0000,0x0000,0x0000,0x0000,0x0000,0x0000,0x0000,0x0000,0x0000,0x0000,0x0000,0x0000,0x0000,0x0000,
  0xFB7C,0x9CE7,0x8000,0x8000,0x8000,0x8000,0x8000,0xAD2A,0xB58C,0xB56C,0xB56C,0xB56C,0xB56C,0xB56C,0xB56C,0xB56C,
  0xB56C,0xB56C,0xB56C,0xB56C,0xB56C,0xB56C,0xB56C,0xB56C,0xB56B,0xB98C,0xA929,0x8000,0x8000,0x8000,0x8000,0x8000,
  0x9084,0xB98C,0xB56B,0xB56C,0xB56C,0xB56C,0xB56C,0xB56C,0xB56C,0xB56C,0xB56C,0xB56C,0xB56C,0xB56C,0xB56C,0xB56C,
  0xB56C,0xB56C,0xB56C,0xB56C,0xB56C,0xB56C,0xB56C,0xB56C,0xB56C,0xB56B,0xB98C,0xA0E7,0x8000,0x8000,0x8000,0x8000,
  0x8000,0x8000,0x8000,0x8000,0x8000,0x8000,0x8000,0x8000,0x8000,0xB18C,0xDAD6,0xD294,0xD6B5,0xD6B5,0xD6B5,0xD6B5,
  0xD6B5,0xD6B5,0xD6B5,0xD6B5,0xD6B5,0xD6B5,0xD6B5,0xD6B5,0xD6B5,0xD6B5,0xD6B5,0xD6B5,0xD6B5,0xDAD6,0xD294,0x8842,
  0x8000,0x8000,0x8000,0x8000,0x8000,0x8000,0x8000,0x8000,0x8000,0x8000,0x8000,0x8000,0xB5AD,0xDEF7,0xD6B5,0xDAD6,
  0xDAD6,0xDAD6,0xDAD6,0xDAD6,0xDAD6,0xDAD6,0xDAD6,0xDAD6,0xDAD6,0xDAD6,0xDAD6,0xDAD6,0xDAD6,0xDAD6,0xDAD6,0xDAD6,
  0xDAD6,0xDAD6,0xDAD6,0xDAD6,0xDAD6,0xDAD6,0xDAD6,0xDEF7,0xDEF7,0xDEF7,0xDEF7,0xDEF7,0xDEF7,0xDEF7,0xDEF7,0xDEF7,
  0xDEF7,0xDEF7,0xDEF7,0xDEF7,0xDEF7,0xDEF7,0xDEF7,0xDEF7,0xDEF7,0xDEF7,0xDEF7,0xDEF7,0xDEF7,0xDEF7,0xDEF7,0xDEF7,
  0xDEF7,0xDEF7,0xDEF7,0xDEF7,0xDEF7,0xDEF7,0xDEF7,0xDEF7,0xE2F7,0xE318,0xE318,0xE318,0xE318,0xE318,0xE318,0xE318,
  0xE318,0xE318,0xE318,0xE318,0xE318,0xE318,0xE318,0xE318,0xE318,0xE318,0xE318,0xE318,0xE318,0xE318,0xE318,0xE318,
  0xE318,0xE318,0xE318,0xE318,0xE318,0xE318,0xE318,0xE318,0xE318,0xE318,0xE738,0xE739,0xE739,0xE739,0xE739,0xE739,
  0xE739,0xE739,0xE739,0xE739,0xE739,0xE739,0xE739,0xE739,0xE739,0xE739,0xE739,0xE739,0xE739,0xE739,0xE739,0xE739,
  0xE739,0xE739,0xE739,0xE739,0xE739,0xE739,0xE739,0xE739,0xE739,0xE739,0xE739,0xE739,0xE75A,0xEB5A,0xEB5A,0xEB5A,
  0xEB5A,0xEB5A,0xEB5A,0xEB5A,0xEB5A,0xEB5A,0xEB5A,0xEB5A,0xEB5A,0xEB5A,0xEB5A,0xEB5A,0xEB5A,0xEB5A,0xEB5A,0xEB5A,
  0xEB5A,0xEB5A,0xEB5A,0xEB5A,0xEB5A,0xEB5A,0xEB5A,0xEB5A,0xEB5A,0xEB5A,0xEB5A,0xEB5A,0xEB5A,0xEB5A,0xEF7B,0xEB5A,
  0xF39C,0xA94A,0x8000,0x8000,0x8000,0x8000,0x8000,0x8000,0x8000,0x8000,0x8000,0x8000,0x8000,0x8000,0xBDEF,0xF7BD,
  0xEF7B,0xEF7B,0xEF7B,0xEF7B,0xEF7B,0xEF7B,0xEF7B,0xEF7B,0xEF7B,0xEF7B,0xEF7B,0xEF7B,0xEF7B,0xEF7B,0xEF7B,0xEF7B,
  0xF39C,0xF39C,0xF39C,0xF39C,0xF37B,0xF39C,0xEB5A,0x8421,0x8000,0x8000,0x8000,0x8000,0x8000,0x8000,0x8000,0x8000,
  0x8000,0x8000,0x8000,0x8421,0xE739,0xF7BD,0xF39C,0xF39C,0xF39C,0xF39C,0xF39C,0xF39C,0xF39C,0xF39C,0xF39C,0xF39C,
  0xF39C,0xF79C,0xF7BD,0xF7BD,0xF7BD,0xF7BD,0xF7BD,0xF7BD,0xF7BD,0xF7BD,0xF7BD,0xF7BD,0xF7BD,0xF7BD,0xF7BD,0xF7BD,
  0xF7BD,0xF7BD,0xF7BD,0xF7BD,0xF7BD,0xF7BD,0xF7BD,0xF7BD,0xF7BD,0xF7BD,0xF7BD,0xF7BD,0xF7BD,0xF7BD,0xF7BD,0xF7BD,
  0xF7BD,0xF7BD,0xF7BD,0xFBBD,0xFBDE,0xFBDE,0xFBDE,0xFBDE,0xFBDE,0xFBDE,0xFBDE,0xFBDE,0xFBDE,0xFBDE,0xFFFF,0xFFFF,
  0x0000,0x0000,0x0000,0x0000,0x0000,0x0000,0x0000,0x0000,0x0000,0x0000,0x0000,0x0000,0x0000,0x0000,0x0000,0x0000,
  0x0000,0x0000,0x0000,0x0000,0x0000,0x0000,0x0000,0x0000,0x0000,0x0000,0x0000,0x0000,0x0000,0x0000,0x0000,0x0000,
  0x0000,0x0000,0x0000,0x0000,0x0000,0x0000,0x0000,0x0000,0x0000,0x0000,0x0000,0x0000,0x0000,0x0000,0x0000,0x0000,
  0x0000,0x0000,0x0000,0x0000,0x0000,0x0000,0x0000,0x0000,0x0000,0x0000,0x0000,0x0000,0x0000,0x0000,0x0000,0x0000,
  0x0000,0x0000,0x0000,0x0000,0x0000,0x0000,0x0000,0x0000,0x0000,0x0000,0x0000,0x0000,0x0000,0x0000,0x0000,0x0000,
  0x0000,0x0000,0x0000,0x0000,0x0000,0x0000,0x0000,0x0000,0x0000,0x0000,0x0000,0x0000,0x0000,0x0000,0x0000,0x0000,
  0x0000,0x0000,0x0000,0x0000,0x0000,0x0000,0x0000,0x0000,0x0000,0x0000,0x0000,0x0000,0x0000,0x0000,0x0000,0x0000,
  0x0000,0x0000,0x0000,0x0000,0x0000,0x0000,0x0000,0x0000,0x0000,0x0000,0x0000,0x0000,0x0000,0x0000,0x0000,0x0000,
  0xFB7C,0x9CE7,0x8000,0x8000,0x8000,0x8000,0x8000,0x8000,0x8000,0x8000,0x8000,0x8000,0x8000,0x8000,0x8000,0x8000,
  0x8000,0x8000,0x8000,0x8000,0x8000,0x8000,0x8000,0x8000,0x8000,0x8000,0x8000,0x8000,0x8000,0x8000,0x8000,0x8000,
  0x8000,0x8000,0x8000,0x8000,0x8000,0x8000,0x8000,0x8000,0x8000,0x8000,0x8000,0x8000,0x8000,0x8000,0x8000,0x8000,
  0x8000,0x8000,0x8000,0x8000,0x8000,0x8000,0x8000,0x8000,0x8000,0x8000,0x8000,0x8000,0x8000,0x8000,0x8000,0x8000,
  0x8000,0x8000,0x8000,0x8000,0x8000,0x8000,0x8000,0x8000,0x8000,0xB18C,0xDAD6,0xD294,0xD6B5,0xD6B5,0xD6B5,0xD6B5,
  0xD6B5,0xD6B5,0xD6B5,0xD6B5,0xD6B5,0xD6B5,0xD6B5,0xD6B5,0xD6B5,0xD6B5,0xD6B5,0xD6B5,0xD6B5,0xD6B5,0xD6B5,0x8C63,
  0x8000,0x8000,0x8000,0x8000,0x8000,0x8000,0x8000,0x8000,0x8000,0x8000,0x8000,0x8000,0xAD6B,0xDEF7,0xD6B5,0xDAD6,
  0xDAD6,0xDAD6,0xDAD6,0xDAD6,0xDAD6,0xDAD6,0xDAD6,0xDAD6,0xDAD6,0xDAD6,0xDAD6,0xDAD6,0xDAD6,0xDAD6,0xDAD6,0xDAD6,
  0xDAD6,0xDAD6,0xDAD6,0xDAD6,0xDAD6,0xDAD6,0xDED6,0xDEF7,0xDEF7,0xDEF7,0xDEF7,0xDEF7,0xDEF7,0xDEF7,0xDEF7,0xDEF7,
  0xDEF7,0xDEF7,0xDEF7,0xDEF7,0xDEF7,0xDEF7,0xDEF7,0xDEF7,0xDEF7,0xDEF7,0xDEF7,0xDEF7,0xDEF7,0xDEF7,0xDEF7,0xDEF7,
  0xDEF7,0xDEF7,0xDEF7,0xDEF7,0xDEF7,0xDEF7,0xDEF7,0xDEF7,0xDEF7,0xE318,0xE318,0xE318,0xE318,0xE318,0xE318,0xE318,
  0xE318,0xE318,0xE318,0xE318,0xE318,0xE318,0xE318,0xE318,0xE318,0xE318,0xE318,0xE318,0xE318,0xE318,0xE318,0xE318,
  0xE318,0xE318,0xE318,0xE318,0xE318,0xE318,0xE318,0xE318,0xE318,0xE318,0xE338,0xE739,0xE739,0xE739,0xE739,0xE739,
  0xE739,0xE739,0xE739,0xE739,0xE739,0xE739,0xE739,0xE739,0xE739,0xE739,0xE739,0xE739,0xE739,0xE739,0xE739,0xE739,
  0xE739,0xE739,0xE739,0xE739,0xE739,0xE739,0xE739,0xE739,0xE739,0xE739,0xE739,0xE739,0xEB5A,0xEB5A,0xEB5A,0xEB5A,
  0xEB5A,0xEB5A,0xEB5A,0xEB5A,0xEB5A,0xEB5A,0xEB5A,0xEB5A,0xEB5A,0xEB5A,0xEB5A,0xEB5A,0xEB5A,0xEB5A,0xEB5A,0xEB5A,
  0xEB5A,0xEB5A,0xEB5A,0xEB5A,0xEB5A,0xEB5A,0xEB5A,0xEB5A,0xEB5A,0xEB5A,0xEB5A,0xEB5A,0xEB5A,0xEB5A,0xEF7B,0xEB5A,
  0xF39C,0xA94A,0x8000,0x8000,0x8000,0x8000,0x8000,0x8000,0x8000,0x8000,0x8000,0x8000,0x8000,0x8000,0xBDEF,0xF7BD,
  0xEF7B,0xEF7B,0xEF7B,0xEF7B,0xEF7B,0xEF7B,0xEF7B,0xEF7B,0xEF7B,0xEF7B,0xEF7B,0xEF7B,0xEF7B,0xEF7B,0xEF7B,0xEF7B,
  0xF39C,0xF39C,0xF39C,0xF39C,0xF37C,0xF39C,0xEB5A,0x8421,0x8000,0x8000,0x8000,0x8000,0x8000,0x8000,0x8000,0x8000,
  0x8000,0x8000,0x8000,0x8421,0xE739,0xF7BD,0xF39C,0xF39C,0xF39C,0xF39C,0xF39C,0xF39C,0xF39C,0xF39C,0xF39C,0xF39C,
  0xF39C,0xF39C,0xF7BD,0xF7BD,0xF7BD,0xF7BD,0xF7BD,0xF7BD,0xF7BD,0xF7BD,0xF7BD,0xF7BD,0xF7BD,0xF7BD,0xF7BD,0xF7BD,
  0xF7BD,0xF7BD,0xF7BD,0xF7BD,0xF7BD,0xF7BD,0xF7BD,0xF7BD,0xF7BD,0xF7BD,0xF7BD,0xF7BD,0xF7BD,0xF7BD,0xF7BD,0xF7BD,
  0xF7BD,0xF7BD,0xF7BD,0xFBDD,0xFBDE,0xFBDE,0xFBDE,0xFBDE,0xFBDE,0xFBDE,0xFBDE,0xFBDE,0xFBDE,0xFBDE,0xFFFF,0xFFFF,
  0x0000,0x0000,0x0000,0x0000,0x0000,0x0000,0x0000,0x0000,0x0000,0x0000,0x0000,0x0000,0x0000,0x0000,0x0000,0x0000,
  0x0000,0x0000,0x0000,0x0000,0x0000,0x0000,0x0000,0x0000,0x0000,0x0000,0x0000,0x0000,0x0000,0x0000,0x0000,0x0000,
  0x0000,0x0000,0x0000,0x0000,0x0000,0x0000,0x0000,0x0000,0x0000,0x0000,0x0000,0x0000,0x0000,0x0000,0x0000,0x0000,
  0x0000,0x0000,0x0000,0x0000,0x0000,0x0000,0x0000,0x0000,0x0000,0x0000,0x0000,0x0000,0x0000,0x0000,0x0000,0x0000,
  0x0000,0x0000,0x0000,0x0000,0x0000,0x0000,0x0000,0x0000,0x0000,0x0000,0x0000,0x0000,0x0000,0x0000,0x0000,0x0000,
  0x0000,0x0000,0x0000,0x0000,0x0000,0x0000,0x0000,0x0000,0x0000,0x0000,0x0000,0x0000,0x0000,0x0000,0x0000,0x0000,
  0x0000,0x0000,0x0000,0x0000,0x0000,0x0000,0x0000,0x0000,0x0000,0x0000,0x0000,0x0000,0x0000,0x0000,0x0000,0x0000,
  0x0000,0x0000,0x0000,0x0000,0x0000,0x0000,0x0000,0x0000,0x0000,0x0000,0x0000,0x0000,0x0000,0x0000,0x0000,0x0000,
  0xFB7C,0x9CE7,0x8000,0x8000,0x8000,0x8000,0x8000,0x8000,0x8000,0x8000,0x8000,0x8000,0x8000,0x8000,0x8000,0x8000,
  0x8000,0x8000,0x8000,0x8000,0x8000,0x8000,0x8000,0x8000,0x8000,0x8000,0x8000,0x8000,0x8000,0x8000,0x8000,0x8000,
  0x8000,0x8000,0x8000,0x8000,0x8000,0x8000,0x8000,0x8000,0x8000,0x8000,0x8000,0x8000,0x8000,0x8000,0x8000,0x8000,
  0x8000,0x8000,0x8000,0x8000,0x8000,0x8000,0x8000,0x8000,0x8000,0x8000,0x8000,0x8000,0x8000,0x8000,0x8000,0x8000,
  0x8000,0x8000,0x8000,0x8000,0x8000,0x8000,0x8000,0x8000,0x8000,0xB18C,0xDAD6,0xD294,0xD6B5,0xD6B5,0xD6B5,0xD6B5,
  0xD6B5,0xD6B5,0xD6B5,0xD6B5,0xD6B5,0xD6B5,0xD6B5,0xD6B5,0xD6B5,0xD6B5,0xD6B5,0xD6B5,0xD6B5,0xD6B5,0xDAD6,0x9084,
  0x8000,0x8000,0x8000,0x8000,0x8000,0x8000,0x8000,0x8000,0x8000,0x8000,0x8000,0x8000,0xA94A,0xDEF7,0xD6B5,0xDAD6,
  0xDAD6,0xDAD6,0xDAD6,0xDAD6,0xDAD6,0xDAD6,0xDAD6,0xDAD6,0xDAD6,0xDAD6,0xDAD6,0xDAD6,0xDAD6,0xDAD6,0xDAD6,0xDAD6,
  0xDAD6,0xDAD6,0xDAD6,0xDAD6,0xDAD6,0xDAD6,0xDAD6,0xDEF7,0xDEF7,0xDEF7,0xDEF7,0xDEF7,0xDEF7,0xDEF7,0xDEF7,0xDEF7,
  0xDEF7,0xDEF7,0xDEF7,0xDEF7,0xDEF7,0xDEF7,0xDEF7,0xDEF7,0xDEF7,0xDEF7,0xDEF7,0xDEF7,0xDEF7,0xDEF7,0xDEF7,0xDEF7,
  0xDEF7,0xDEF7,0xDEF7,0xDEF7,0xDEF7,0xDEF7,0xDEF7,0xDEF7,0xDEF7,0xE318,0xE318,0xE318,0xE318,0xE318,0xE318,0xE318,
  0xE318,0xE318,0xE318,0xE318,0xE318,0xE318,0xE318,0xE318,0xE318,0xE318,0xE318,0xE318,0xE318,0xE318,0xE318,0xE318,
  0xE318,0xE318,0xE318,0xE318,0xE318,0xE318,0xE318,0xE318,0xE318,0xE318,0xE339,0xE739,0xE739,0xE739,0xE739,0xE739,
  0xE739,0xE739,0xE739,0xE739,0xE739,0xE739,0xE739,0xE739,0xE739,0xE739,0xE739,0xE739,0xE739,0xE739,0xE739,0xE739,
  0xE739,0xE739,0xE739,0xE739,0xE739,0xE739,0xE739,0xE739,0xE739,0xE739,0xE739,0xE73A,0xEB5A,0xEB5A,0xEB5A,0xEB5A,
  0xEB5A,0xEB5A,0xEB5A,0xEB5A,0xEB5A,0xEB5A,0xEB5A,0xEB5A,0xEB5A,0xEB5A,0xEB5A,0xEB5A,0xEB5A,0xEB5A,0xEB5A,0xEB5A,
  0xEB5A,0xEB5A,0xEB5A,0xEB5A,0xEB5A,0xEB5A,0xEB5A,0xEB5A,0xEB5A,0xEB5A,0xEB5A,0xEB5A,0xEB5A,0xEB5A,0xEF7B,0xEB5A,
  0xF39C,0xA94A,0x8000,0x8000,0x8000,0x8000,0x8000,0x8000,0x8000,0x8000,0x8000,0x8000,0x8000,0x8000,0xBDEF,0xF7BD,
  0xEF7B,0xEF7B,0xEF7B,0xEF7B,0xEF7B,0xEF7B,0xEF7B,0xEF7B,0xEF7B,0xEF7B,0xEF7B,0xEF7B,0xEF7B,0xEF7B,0xEF7B,0xEF7B,
  0xF39C,0xF39C,0xF39C,0xF39C,0xEF7C,0xF39C,0xEB5A,0x8421,0x8000,0x8000,0x8000,0x8000,0x8000,0x8000,0x8000,0x8000,
  0x8000,0x8000,0x8000,0x8421,0xE739,0xF7BD,0xF39C,0xF39C,0xF39C,0xF39C,0xF39C,0xF39C,0xF39C,0xF39C,0xF39C,0xF39C,
  0xF39C,0xF39C,0xF7BD,0xF7BD,0xF7BD,0xF7BD,0xF7BD,0xF7BD,0xF7BD,0xF7BD,0xF7BD,0xF7BD,0xF7BD,0xF7BD,0xF7BD,0xF7BD,
  0xF7BD,0xF7BD,0xF7BD,0xF7BD,0xF7BD,0xF7BD,0xF7BD,0xF7BD,0xF7BD,0xF7BD,0xF7BD,0xF7BD,0xF7BD,0xF7BD,0xF7BD,0xF7BD,
  0xF7BD,0xF7BD,0xF7BD,0xF7DE,0xFBDE,0xFBDE,0xFBDE,0xFBDE,0xFBDE,0xFBDE,0xFBDE,0xFBDE,0xFBDE,0xFBDE,0xFFFF,0xFFFF,
  0x0000,0x0000,0x0000,0x0000,0x0000,0x0000,0x0000,0x0000,0x0000,0x0000,0x0000,0x0000,0x0000,0x0000,0x0000,0x0000,
  0x0000,0x0000,0x0000,0x0000,0x0000,0x0000,0x0000,0x0000,0x0000,0x0000,0x0000,0x0000,0x0000,0x0000,0x0000,0x0000,
  0x0000,0x0000,0x0000,0x0000,0x0000,0x0000,0x0000,0x0000,0x0000,0x0000,0x0000,0x0000,0x0000,0x0000,0x0000,0x0000,
  0x0000,0x0000,0x0000,0x0000,0x0000,0x0000,0x0000,0x0000,0x0000,0x0000,0x0000,0x0000,0x0000,0x0000,0x0000,0x0000,
  0x0000,0x0000,0x0000,0x0000,0x0000,0x0000,0x0000,0x0000,0x0000,0x0000,0x0000,0x0000,0x0000,0x0000,0x0000,0x0000,
  0x0000,0x0000,0x0000,0x0000,0x0000,0x0000,0x0000,0x0000,0x0000,0x0000,0x0000,0x0000,0x0000,0x0000,0x0000,0x0000,
  0x0000,0x0000,0x0000,0x0000,0x0000,0x0000,0x0000,0x0000,0x0000,0x0000,0x0000,0x0000,0x0000,0x0000,0x0000,0x0000,
  0x0000,0x0000,0x0000,0x0000,0x0000,0x0000,0x0000,0x0000,0x0000,0x0000,0x0000,0x0000,0x0000,0x0000,0x0000,0x0000,
  0xFB7C,0x9CE7,0x8000,0x8000,0x8000,0x8000,0x8000,0x8000,0x8000,0x8000,0x8000,0x8000,0x8000,0x8000,0x8000,0x8000,
  0x8000,0x8000,0x8000,0x8000,0x8000,0x8000,0x8000,0x8000,0x8000,0x8000,0x8000,0x8000,0x8000,0x8000,0x8000,0x8000,
  0x8000,0x8000,0x8000,0x8000,0x8000,0x8000,0x8000,0x8000,0x8000,0x8000,0x8000,0x8000,0x8000,0x8000,0x8000,0x8000,
  0x8000,0x8000,0x8000,0x8000,0x8000,0x8000,0x8000,0x8000,0x8000,0x8000,0x8000,0x8000,0x8000,0x8000,0x8000,0x8000,
  0x8000,0x8000,0x8000,0x8000,0x8000,0x8000,0x8000,0x8000,0x8000,0xB18C,0xDAD6,0xD294,0xD6B5,0xD6B5,0xD6B5,0xD6B5,
  0xD6B5,0xD6B5,0xD6B5,0xD6B5,0xD6B5,0xD6B5,0xD6B5,0xD6B5,0xD6B5,0xD6B5,0xD6B5,0xD6B5,0xD6B5,0xD6B5,0xDAD6,0x94A5,
  0x8000,0x8000,0x8000,0x8000,0x8000,0x8000,0x8000,0x8000,0x8000,0x8000,0x8000,0x8000,0xA529,0xDEF7,0xD6B5,0xDAD6,
  0xDAD6,0xDAD6,0xDAD6,0xDAD6,0xDAD6,0xDAD6,0xDAD6,0xDAD6,0xDAD6,0xDAD6,0xDAD6,0xDAD6,0xDAD6,0xDAD6,0xDAD6,0xDAD6,
  0xDAD6,0xDAD6,0xDAD6,0xDAD6,0xDAD6,0xDAD6,0xDAD6,0xDEF7,0xDEF7,0xDEF7,0xDEF7,0xDEF7,0xDEF7,0xDEF7,0xDEF7,0xDEF7,
  0xDEF7,0xDEF7,0xDEF7,0xDEF7,0xDEF7,0xDEF7,0xDEF7,0xDEF7,0xDEF7,0xDEF7,0xDEF7,0xDEF7,0xDEF7,0xDEF7,0xDEF7,0xDEF7,
  0xDEF7,0xDEF7,0xDEF7,0xDEF7,0xDEF7,0xDEF7,0xDEF7,0xDEF7,0xDEF7,0xE318,0xE318,0xE318,0xE318,0xE318,0xE318,0xE318,
  0xE318,0xE318,0xE318,0xE318,0xE318,0xE318,0xE318,0xE318,0xE318,0xE318,0xE318,0xE318,0xE318,0xE318,0xE318,0xE318,
  0xE318,0xE318,0xE318,0xE318,0xE318,0xE318,0xE318,0xE318,0xE318,0xE318,0xE738,0xE739,0xE739,0xE739,0xE739,0xE739,
  0xE739,0xE739,0xE739,0xE739,0xE739,0xE739,0xE739,0xE739,0xE739,0xE739,0xE739,0xE739,0xE739,0xE739,0xE739,0xE739,
  0xE739,0xE739,0xE739,0xE739,0xE739,0xE739,0xE739,0xE739,0xE739,0xE739,0xE739,0xE739,0xE739,0xE739,0xE759,0xEB3A,
  0xEB5A,0xEB5A,0xEB5A,0xEB5A,0xEB5A,0xEB5A,0xEB5A,0xEB5A,0xEB5A,0xEB5A,0xEB5A,0xEB5A,0xEB5A,0xEB5A,0xEB5A,0xEB5A,
  0xEB5A,0xEB5A,0xEB5A,0xEB5A,0xEB5A,0xEB5A,0xEB5A,0xEB5A,0xEB5A,0xEB5A,0xEB5A,0xEB5A,0xEB5A,0xEB5A,0xEF7A,0xEB5A,
  0xF39C,0xA94A,0x8000,0x8000,0x8000,0x8000,0x8000,0x8000,0x8000,0x8000,0x8000,0x8000,0x8000,0x8000,0xBDEF,0xF7BD,
  0xEF7B,0xEF7B,0xEF7B,0xEF7B,0xEF7B,0xEF7B,0xEF7B,0xEF7B,0xEF7B,0xEF7B,0xEF7B,0xEF7B,0xEF7B,0xEF7B,0xEF7B,0xEF7B,
  0xF39C,0xF39C,0xF39C,0xF39C,0xF37C,0xF39C,0xEB5A,0x8421,0x8000,0x8000,0x8000,0x8000,0x8000,0x8000,0x8000,0x8000,
  0x8000,0x8000,0x8000,0x8421,0xE739,0xF7BD,0xF39C,0xF39C,0xF39C,0xF39C,0xF39C,0xF39C,0xF39C,0xF39C,0xF39C,0xF39C,
  0xF39C,0xF39C,0xF7BD,0xF7BD,0xF7BD,0xF7BD,0xF7BD,0xF7BD,0xF7BD,0xF7BD,0xF7BD,0xF7BD,0xF7BD,0xF7BD,0xF7BD,0xF7BD,
  0xF7BD,0xF7BD,0xF7BD,0xF7BD,0xF7BD,0xF7BD,0xF7BD,0xF7BD,0xF7BD,0xF7BD,0xF7BD,0xF7BD,0xF7BD,0xF7BD,0xF7BD,0xF7BD,
  0xF7BD,0xF7BD,0xF7BD,0xFBBE,0xFBDE,0xFBDE,0xFBDE,0xFBDE,0xFBDE,0xFBDE,0xFBDE,0xFBDE,0xFBDE,0xFBDE,0xFFFF,0xFFFF,
  0x0000,0x0000,0x0000,0x0000,0x0000,0x0000,0x0000,0x0000,0x0000,0x0000,0x0000,0x0000,0x0000,0x0000,0x0000,0x0000,
  0x0000,0x0000,0x0000,0x0000,0x0000,0x0000,0x0000,0x0000,0x0000,0x0000,0x0000,0x0000,0x0000,0x0000,0x0000,0x0000,
  0x0000,0x0000,0x0000,0x0000,0x0000,0x0000,0x0000,0x0000,0x0000,0x0000,0x0000,0x0000,0x0000,0x0000,0x0000,0x0000,
  0x0000,0x0000,0x0000,0x0000,0x0000,0x0000,0x0000,0x0000,0x0000,0x0000,0x0000,0x0000,0x0000,0x0000,0x0000,0x0000,
  0x0000,0x0000,0x0000,0x0000,0x0000,0x0000,0x0000,0x0000,0x0000,0x0000,0x0000,0x0000,0x0000,0x0000,0x0000,0x0000,
  0x0000,0x0000,0x0000,0x0000,0x0000,0x0000,0x0000,0x0000,0x0000,0x0000,0x0000,0x0000,0x0000,0x0000,0x0000,0x0000,
  0x0000,0x0000,0x0000,0x0000,0x0000,0x0000,0x0000,0x0000,0x0000,0x0000,0x0000,0x0000,0x0000,0x0000,0x0000,0x0000,
  0x0000,0x0000,0x0000,0x0000,0x0000,0x0000,0x0000,0x0000,0x0000,0x0000,0x0000,0x0000,0x0000,0x0000,0x0000,0x0000,
  0xFB7C,0x9CE7,0x8000,0x8000,0x8000,0x8000,0x8000,0x8000,0x8000,0x8000,0x8000,0x8000,0x8000,0x8000,0x8000,0x8000,
  0x8000,0x8000,0x8000,0x8000,0x8000,0x8000,0x8000,0x8000,0x8000,0x8000,0x8000,0x8000,0x8000,0x8000,0x8000,0x8000,
  0x8000,0x8000,0x8000,0x8000,0x8000,0x8000,0x8000,0x8000,0x8000,0x8000,0x8000,0x8000,0x8000,0x8000,0x8000,0x8000,
  0x8000,0x8000,0x8000,0x8000,0x8000,0x8000,0x8000,0x8000,0x8000,0x8000,0x8000,0x8000,0x8000,0x8000,0x8000,0x8000,
  0x8000,0x8000,0x8000,0x8000,0x8000,0x8000,0x8000,0x8000,0x8000,0xB18C,0xDAD6,0xD294,0xD6B5,0xD6B5,0xD6B5,0xD6B5,
  0xD6B5,0xD6B5,0xD6B5,0xD6B5,0xD6B5,0xD6B5,0xD6B5,0xD6B5,0xD6B5,0xD6B5,0xD6B5,0xD6B5,0xD6B5,0xD6B5,0xDAD6,0x98C6,
  0x8000,0x8000,0x8000,0x8000,0x8000,0x8000,0x8000,0x8000,0x8000,0x8000,0x8000,0x8000,0xA529,0xDEF7,0xD6B5,0xDAD6,
  0xDAD6,0xDAD6,0xDAD6,0xDAD6,0xDAD6,0xDAD6,0xDAD6,0xDAD6,0xDAD6,0xDAD6,0xDAD6,0xDAD6,0xDAD6,0xDAD6,0xDAD6,0xDAD6,
  0xDAD6,0xDAD6,0xDAD6,0xDAD6,0xDAD6,0xDAD6,0xDAD6,0xDAD6,0xDAD6,0xDAD6,0xDEF7,0xDEF7,0xDEF7,0xDEF7,0xDEF7,0xDEF7,
  0xDAD6,0xDAD6,0xDEF7,0xDEF7,0xDEF7,0xDEF7,0xDEF7,0xDEF7,0xDEF7,0xDEF7,0xDEF7,0xDEF7,0xDEF7,0xDEF7,0xDEF7,0xDEF7,
  0xDEF7,0xDEF7,0xDEF7,0xDEF7,0xDEF7,0xDEF7,0xDEF7,0xDEF7,0xDEF7,0xE318,0xE318,0xE318,0xE318,0xE318,0xE318,0xE318,
  0xE318,0xE318,0xE318,0xE318,0xE318,0xE318,0xE318,0xE318,0xE318,0xE318,0xE318,0xE318,0xE318,0xE318,0xE318,0xE318,
  0xE318,0xE318,0xE318,0xE318,0xE318,0xE318,0xE318,0xE318,0xE318,0xE318,0xE339,0xE739,0xE739,0xE739,0xE739,0xE739,
  0xE739,0xE739,0xE739,0xE739,0xE739,0xE739,0xE739,0xE739,0xE739,0xE739,0xE739,0xE739,0xE739,0xE739,0xE739,0xE739,
  0xE739,0xE739,0xE739,0xE739,0xE739,0xE739,0xE739,0xE739,0xE739,0xE739,0xE739,0xE739,0xEB5A,0xEB5A,0xEB5A,0xEB5A,
  0xEB5A,0xE739,0xE739,0xE739,0xE739,0xEB5A,0xEB5A,0xEB5A,0xEB5A,0xEB5A,0xEB5A,0xEB5A,0xEB5A,0xEB5A,0xEB5A,0xEB5A,
  0xEB5A,0xEB5A,0xEB5A,0xEB5A,0xEB5A,0xEB5A,0xEB5A,0xEB5A,0xEB5A,0xEB5A,0xEB5A,0xEB5A,0xEB5A,0xEB5A,0xEB5A,0xEB5A,
  0xF39C,0xA94A,0x8000,0x8000,0x8000,0x8000,0x8000,0x8000,0x8000,0x8000,0x8000,0x8000,0x8000,0x8000,0xBDEF,0xF7BD,
  0xEF5A,0xEF7B,0xEF7B,0xEF7B,0xEF7B,0xEF7B,0xEF7B,0xEF7B,0xEF7B,0xEF7B,0xEF7B,0xEF7B,0xEF7B,0xEF7B,0xEF7B,0xEF7B,
  0xEF7B,0xEF7B,0xEF7B,0xEF9B,0xEF7B,0xF39C,0xEB39,0x8421,0x8000,0x8000,0x8000,0x8000,0x8000,0x8000,0x8000,0x8000,
  0x8000,0x8000,0x8000,0x8421,0xE739,0xF7BD,0xF39C,0xF39C,0xF39C,0xF39C,0xF39C,0xF39C,0xF39C,0xF39C,0xF39C,0xF39C,
  0xF39C,0xF3BD,0xF7BD,0xF7BD,0xF7BD,0xF7BD,0xF7BD,0xF7BD,0xF7BD,0xF7BD,0xF7BD,0xF7BD,0xF7BD,0xF7BD,0xF7BD,0xF7BD,
  0xF7BD,0xF7BD,0xF7BD,0xF7BD,0xF7BD,0xF7BD,0xF7BD,0xF7BD,0xF7BD,0xF7BD,0xF7BD,0xF7BD,0xF7BD,0xF7BD,0xF7BD,0xF7BD,
  0xF7BD,0xF7BD,0xF7BD,0xF7DE,0xFBDE,0xFBDE,0xFBDE,0xFBDE,0xFBDE,0xFBDE,0xFBDE,0xFBDE,0xFBDE,0xFBDE,0xFFFF,0xFFFF,
  0x0000,0x0000,0x0000,0x0000,0x0000,0x0000,0x0000,0x0000,0x0000,0x0000,0x0000,0x0000,0x0000,0x0000,0x0000,0x0000,
  0x0000,0x0000,0x0000,0x0000,0x0000,0x0000,0x0000,0x0000,0x0000,0x0000,0x0000,0x0000,0x0000,0x0000,0x0000,0x0000,
  0x0000,0x0000,0x0000,0x0000,0x0000,0x0000,0x0000,0x0000,0x0000,0x0000,0x0000,0x0000,0x0000,0x0000,0x0000,0x0000,
  0x0000,0x0000,0x0000,0x0000,0x0000,0x0000,0x0000,0x0000,0x0000,0x0000,0x0000,0x0000,0x0000,0x0000,0x0000,0x0000,
  0x0000,0x0000,0x0000,0x0000,0x0000,0x0000,0x0000,0x0000,0x0000,0x0000,0x0000,0x0000,0x0000,0x0000,0x0000,0x0000,
  0x0000,0x0000,0x0000,0x0000,0x0000,0x0000,0x0000,0x0000,0x0000,0x0000,0x0000,0x0000,0x0000,0x0000,0x0000,0x0000,
  0x0000,0x0000,0x0000,0x0000,0x0000,0x0000,0x0000,0x0000,0x0000,0x0000,0x0000,0x0000,0x0000,0x0000,0x0000,0x0000,
  0x0000,0x0000,0x0000,0x0000,0x0000,0x0000,0x0000,0x0000,0x0000,0x0000,0x0000,0x0000,0x0000,0x0000,0x0000,0x0000,
  0xFB7C,0x9CE7,0x8000,0x8000,0x8000,0x8000,0x8000,0x8000,0x8000,0x8000,0x8000,0x8000,0x8000,0x8000,0x8000,0x8000,
  0x8000,0x8000,0x8000,0x8000,0x8000,0x8000,0x8000,0x8000,0x8000,0x8000,0x8000,0x8000,0x8000,0x8000,0x8000,0x8000,
  0x8000,0x8000,0x8000,0x8000,0x8000,0x8000,0x8000,0x8000,0x8000,0x8000,0x8000,0x8000,0x8000,0x8000,0x8000,0x8000,
  0x8000,0x8000,0x8000,0x8000,0x8000,0x8000,0x8000,0x8000,0x8000,0x8000,0x8000,0x8000,0x8000,0x8000,0x8000,0x8000,
  0x8000,0x8000,0x8000,0x8000,0x8000,0x8000,0x8000,0x8000,0x8000,0xB18C,0xDAD6,0xD294,0xD6B5,0xD6B5,0xD6B5,0xD6B5,
  0xD6B5,0xD6B5,0xD6B5,0xD6B5,0xD6B5,0xD6B5,0xD6B5,0xD6B5,0xD6B5,0xD6B5,0xD6B5,0xD6B5,0xD6B5,0xD6B5,0xDAD6,0x98C6,
  0x8000,0x8000,0x8000,0x8000,0x8000,0x8000,0x8000,0x8000,0x8000,0x8000,0x8000,0x8000,0xA529,0xDEF7,0xD6B5,0xDAD6,
  0xDAD6,0xDAD6,0xDAD6,0xDAD6,0xDAD6,0xDAD6,0xDAD6,0xDAD6,0xDAD6,0xDAD6,0xDAD6,0xDAD6,0xDAD6,0xDAD6,0xDAD6,0xDAD6,
  0xDAD6,0xDAD6,0xDAD6,0xDAD6,0xDEF7,0xDEF7,0xE318,0xE318,0xE318,0xDEF7,0xDED6,0xDAD6,0xDAD6,0xDAD6,0xDEF7,0xE318,
  0xE318,0xE318,0xE318,0xDEF7,0xDEF7,0xDEF7,0xDEF7,0xDEF7,0xDEF7,0xDEF7,0xDEF7,0xDEF7,0xDEF7,0xDEF7,0xDEF7,0xDEF7,
  0xDEF7,0xDEF7,0xDEF7,0xDEF7,0xDEF7,0xDEF7,0xDEF7,0xDEF7,0xDEF7,0xE318,0xE318,0xE318,0xE318,0xE318,0xE318,0xE318,
  0xE318,0xE318,0xE318,0xE318,0xDEF7,0xE318,0xE738,0xE739,0xEB5A,0xE739,0xE739,0xE318,0xE318,0xE318,0xE318,0xE739,
  0xEB5A,0xEB5A,0xEB5A,0xE739,0xE318,0xE318,0xE318,0xE318,0xE318,0xE318,0xE738,0xE739,0xE739,0xE739,0xE739,0xE739,
  0xE739,0xE739,0xE739,0xE739,0xE739,0xE739,0xE739,0xE739,0xE739,0xE739,0xE739,0xE739,0xE739,0xE739,0xE739,0xE739,
  0xE739,0xE739,0xE739,0xE739,0xE739,0xE739,0xEB5A,0xEF7B,0xEF7B,0xEF7B,0xEF7B,0xEB5A,0xE739,0xE739,0xE739,0xE739,
  0xEB5A,0xEF7B,0xEF7B,0xF39C,0xEF7B,0xEB5A,0xEB5A,0xE739,0xEB5A,0xEB5A,0xEB5A,0xEB5A,0xEB5A,0xEB5A,0xEB5A,0xEB5A,
  0xEB5A,0xEB5A,0xEB5A,0xEB5A,0xEB5A,0xEB5A,0xEB5A,0xEB5A,0xEB5A,0xEB5A,0xEF7B,0xEF7B,0xEF7B,0xEF7B,0xEF7B,0xEB5A,
  0xF7BD,0xA94A,0x8000,0x8000,0x8000,0x8000,0x8000,0x8000,0x8000,0x8000,0x8000,0x8000,0x8000,0x8000,0xBDEF,0xF7BD,
  0xEF7B,0xEF7B,0xEF7B,0xEF7B,0xEF7B,0xEF7B,0xEF7B,0xF39C,0xF39C,0xF39C,0xEF7B,0xEF7B,0xEF7B,0xEF7B,0xEF7B,0xF39C,
  0xF39C,0xF39C,0xF39C,0xF39C,0xF39C,0xF39C,0xEB5A,0x8421,0x8000,0x8000,0x8000,0x8000,0x8000,0x8000,0x8000,0x8000,
  0x8000,0x8000,0x8000,0x8421,0xE739,0xF7BD,0xF39C,0xF39C,0xF39C,0xF7BD,0xF7BD,0xF7BD,0xF7BD,0xF7BD,0xF7BD,0xF7BD,
  0xF39C,0xF39C,0xF7BD,0xF7BD,0xF7BD,0xF7BD,0xF7BD,0xF7BD,0xF7BD,0xF7BD,0xF7BD,0xF7BD,0xF7BD,0xF7BD,0xF7BD,0xF7BD,
  0xF7BD,0xF7BD,0xF7BD,0xFBDE,0xFFFF,0xFFFF,0xFFFF,0xFFFF,0xFBDE,0xF7BD,0xF7BD,0xF7BD,0xF7BD,0xFBDE,0xFFFF,0xFFFF,
  0xFFFF,0xFFFF,0xFBDE,0xF7BD,0xF7BD,0xFBDE,0xFBDE,0xFBDE,0xFBDE,0xFBDE,0xFBDE,0xFBDE,0xFBDE,0xFBDE,0xFFFF,0xFFFF,
  0x0000,0x0000,0x0000,0x0000,0x0000,0x0000,0x0000,0x0000,0x0000,0x0000,0x0000,0x0000,0x0000,0x0000,0x0000,0x0000,
  0x0000,0x0000,0x0000,0x0000,0x0000,0x0000,0x0000,0x0000,0x0000,0x0000,0x0000,0x0000,0x0000,0x0000,0x0000,0x0000,
  0x0000,0x0000,0x0000,0x0000,0x0000,0x0000,0x0000,0x0000,0x0000,0x0000,0x0000,0x0000,0x0000,0x0000,0x0000,0x0000,
  0x0000,0x0000,0x0000,0x0000,0x0000,0x0000,0x0000,0x0000,0x0000,0x0000,0x0000,0x0000,0x0000,0x0000,0x0000,0x0000,
  0x0000,0x0000,0x0000,0x0000,0x0000,0x0000,0x0000,0x0000,0x0000,0x0000,0x0000,0x0000,0x0000,0x0000,0x0000,0x0000,
  0x0000,0x0000,0x0000,0x0000,0x0000,0x0000,0x0000,0x0000,0x0000,0x0000,0x0000,0x0000,0x0000,0x0000,0x0000,0x0000,
  0x0000,0x0000,0x0000,0x0000,0x0000,0x0000,0x0000,0x0000,0x0000,0x0000,0x0000,0x0000,0x0000,0x0000,0x0000,0x0000,
  0x0000,0x0000,0x0000,0x0000,0x0000,0x0000,0x0000,0x0000,0x0000,0x0000,0x0000,0x0000,0x0000,0x0000,0x0000,0x0000,
  0xFB7C,0xA0E7,0x8000,0x8000,0x8000,0x8000,0x8000,0x8000,0x8000,0x8000,0x8000,0x8000,0x8000,0x8000,0x8000,0x8000,
  0x8000,0x8000,0x8000,0x8000,0x8000,0x8000,0x8000,0x8000,0x8000,0x8000,0x8000,0x8000,0x8000,0x8000,0x8000,0x8000,
  0x8000,0x8000,0x8000,0x8000,0x8000,0x8000,0x8000,0x8000,0x8000,0x8000,0x8000,0x8000,0x8000,0x8000,0x8000,0x8000,
  0x8000,0x8000,0x8000,0x8000,0x8000,0x8000,0x8000,0x8000,0x8000,0x8000,0x8000,0x8000,0x8000,0x8000,0x8000,0x8000,
  0x8000,0x8000,0x8000,0x8000,0x8000,0x8000,0x8000,0x8000,0x8000,0xB18C,0xDAD6,0xD294,0xD6B5,0xD6B5,0xD6B5,0xD6B5,
  0xD6B5,0xD6B5,0xD6B5,0xD6B5,0xD6B5,0xD6B5,0xD6B5,0xD6B5,0xD6B5,0xD6B5,0xD6B5,0xD6B5,0xD6B5,0xD6B5,0xDAD6,0x94A5,
  0x8000,0x8000,0x8000,0x8000,0x8000,0x8000,0x8000,0x8000,0x8000,0x8000,0x8000,0x8000,0xA529,0xDEF7,0xD6B5,0xDAD6,
  0xDAD6,0xDAD6,0xDAD6,0xDAD6,0xDAD6,0xDAD6,0xDAD6,0xDAD6,0xDAD6,0xDAD6,0xDAD6,0xDAD6,0xDAD6,0xDAD6,0xDAD6,0xDAD6,
  0xDAD6,0xDAD6,0xDEF7,0xE318,0xDAD6,0xCA52,0xB5CD,0xA94A,0x9CC7,0x94A5,0x8C63,0x8C63,0x8C63,0x8C63,0x9084,0x94A6,
  0xA108,0xB18C,0xC210,0xD6B5,0xE318,0xE318,0xDEF7,0xDEF7,0xDEF7,0xDEF7,0xDEF7,0xDEF7,0xDEF7,0xDEF7,0xDEF7,0xDEF7,
  0xDEF7,0xDEF7,0xDEF7,0xDEF7,0xDEF7,0xDEF7,0xDEF7,0xDEF7,0xDEF7,0xE318,0xE318,0xE318,0xE318,0xE318,0xE318,0xE318,
  0xE318,0xE318,0xDEF7,0xE318,0xE739,0xE739,0xDAD6,0xC631,0xB18C,0xA108,0x94A5,0x9084,0x8C63,0x8C63,0x9084,0x94A5,
  0xA108,0xB18C,0xC631,0xDAD6,0xEB5A,0xEB5A,0xE318,0xE318,0xE318,0xE318,0xE738,0xE739,0xE739,0xE739,0xE739,0xE739,
  0xE739,0xE739,0xE739,0xE739,0xE739,0xE739,0xE739,0xE739,0xE739,0xE739,0xE739,0xE739,0xE739,0xE739,0xE739,0xE739,
  0xE739,0xE739,0xE739,0xEB5A,0xEF7B,0xEB5A,0xDEF7,0xCA52,0xB5AD,0xA529,0x98C6,0x94A5,0x9084,0x8C63,0x8C63,0x9084,
  0x94A5,0x9CE7,0xA94A,0xB9CE,0xCA52,0xDEF7,0xEF7B,0xEF7C,0xEB5A,0xEB5A,0xEB5A,0xEB5A,0xEB5A,0xEB5A,0xEB5A,0xEB5A,
  0xEB5A,0xEB5A,0xEB5A,0xEB5A,0xEB5A,0xEB5A,0xEB5A,0xEB5A,0xEB5A,0xEB5A,0xEB5A,0xEB5A,0xEB5A,0xEB5A,0xEB5A,0xE739,
  0xEF7B,0xA529,0x8000,0x8000,0x8000,0x8000,0x8000,0x8000,0x8000,0x8000,0x8000,0x8000,0x8000,0x8000,0xB9CE,0xF39C,
  0xEB5A,0xEB5A,0xEB5A,0xEB5A,0xEB5A,0xEB5A,0xEB5A,0xEB5A,0xEB5A,0xEF7B,0xEF7B,0xEF7B,0xEF7B,0xEF7B,0xEF7B,0xEF7B,
  0xEF7B,0xEF7B,0xEF7B,0xEF7B,0xEF7B,0xEF7B,0xE739,0x8421,0x8000,0x8000,0x8000,0x8000,0x8000,0x8000,0x8000,0x8000,
  0x8000,0x8000,0x8000,0x8421,0xE318,0xF39C,0xEF7B,0xEF7B,0xEF7B,0xEF7B,0xEF7B,0xEF7B,0xEF7B,0xF39C,0xEF7B,0xF39C,
  0xF3BD,0xF39C,0xF7BD,0xF7BD,0xF7BD,0xF7BD,0xF7BD,0xF7BD,0xF7BD,0xF7BD,0xF7BD,0xF7BD,0xF7BD,0xF7BD,0xF7BD,0xF39C,
  0xF7BD,0xFFFF,0xFBDE,0xEF7B,0xD6D5,0xC210,0xAD6B,0xA108,0x98C6,0x94A5,0x9084,0x9084,0x9084,0x94A5,0xA108,0xAD6B,
  0xC210,0xDAD6,0xEF7B,0xFFFF,0xFFFF,0xFBDE,0xF7BD,0xFBDE,0xFBDE,0xFBDE,0xFBDE,0xFBDE,0xFBDE,0xFBDE,0xFFFF,0xFFFF,
  0x0000,0x0000,0x0000,0x0000,0x0000,0x0000,0x0000,0x0000,0x0000,0x0000,0x0000,0x0000,0x0000,0x0000,0x0000,0x0000,
  0x0000,0x0000,0x0000,0x0000,0x0000,0x0000,0x0000,0x0000,0x0000,0x0000,0x0000,0x0000,0x0000,0x0000,0x0000,0x0000,
  0x0000,0x0000,0x0000,0x0000,0x0000,0x0000,0x0000,0x0000,0x0000,0x0000,0x0000,0x0000,0x0000,0x0000,0x0000,0x0000,
  0x0000,0x0000,0x0000,0x0000,0x0000,0x0000,0x0000,0x0000,0x0000,0x0000,0x0000,0x0000,0x0000,0x0000,0x0000,0x0000,
  0x0000,0x0000,0x0000,0x0000,0x0000,0x0000,0x0000,0x0000,0x0000,0x0000,0x0000,0x0000,0x0000,0x0000,0x0000,0x0000,
  0x0000,0x0000,0x0000,0x0000,0x0000,0x0000,0x0000,0x0000,0x0000,0x0000,0x0000,0x0000,0x0000,0x0000,0x0000,0x0000,
  0x0000,0x0000,0x0000,0x0000,0x0000,0x0000,0x0000,0x0000,0x0000,0x0000,0x0000,0x0000,0x0000,0x0000,0x0000,0x0000,
  0x0000,0x0000,0x0000,0x0000,0x0000,0x0000,0x0000,0x0000,0x0000,0x0000,0x0000,0x0000,0x0000,0x0000,0x0000,0x0000,
  0xFB7C,0x98A6,0x8000,0x8000,0x8000,0x8000,0x8000,0x8000,0x8000,0x8000,0x8000,0x8000,0x8000,0x8000,0x8000,0x8000,
  0x8000,0x8000,0x8000,0x8000,0x8000,0x8000,0x8000,0x8000,0x8000,0x8000,0x8000,0x8000,0x8000,0x8000,0x8000,0x8000,
  0x8000,0x8000,0x8000,0x8000,0x8000,0x8000,0x8000,0x8000,0x8000,0x8000,0x8000,0x8000,0x8000,0x8000,0x8000,0x8000,
  0x8000,0x8000,0x8000,0x8000,0x8000,0x8000,0x8000,0x8000,0x8000,0x8000,0x8000,0x8000,0x8000,0x8000,0x8000,0x8000,
  0x8000,0x8000,0x8000,0x8000,0x8000,0x8000,0x8000,0x8000,0x8000,0xB18C,0xDAD6,0xD294,0xD6B5,0xD6B5,0xD6B5,0xD6B5,
  0xD6B5,0xD6B5,0xD6B5,0xD6B5,0xD6B5,0xD6B5,0xD6B5,0xD6B5,0xD6B5,0xD6B5,0xD6B5,0xD6B5,0xD6B5,0xD6B5,0xDAD6,0x94A5,
  0x8000,0x8000,0x8000,0x8000,0x8000,0x8000,0x8000,0x8000,0x8000,0x8000,0x8000,0x8000,0xA94A,0xDEF7,0xD6B5,0xDAD6,
  0xDAD6,0xDAD6,0xDAD6,0xDAD6,0xDAD6,0xDAD6,0xDAD6,0xDAD6,0xDAD6,0xDAD6,0xDAD6,0xDAD6,0xDAD6,0xDAD6,0xDAD6,0xDAD6,
  0xDEF7,0xDF18,0xCA52,0xA94A,0x8C63,0x8000,0x8000,0x8000,0x8000,0x8000,0x8000,0x8000,0x8000,0x8000,0x8000,0x8000,
  0x8000,0x8000,0x8000,0x8421,0x98C6,0xBDEF,0xDAD6,0xE318,0xDEF7,0xDEF7,0xDEF7,0xDEF7,0xDEF7,0xDEF7,0xDEF7,0xDEF7,
  0xDEF7,0xDEF7,0xDEF7,0xDEF7,0xDEF7,0xDEF7,0xDEF7,0xDEF7,0xDEF7,0xE318,0xE318,0xE318,0xE318,0xE318,0xE318,0xE318,
  0xE318,0xE318,0xE739,0xE318,0xC210,0x9CE7,0x8421,0x8000,0x8000,0x8000,0x8000,0x8000,0x8000,0x8000,0x8000,0x8000,
  0x8000,0x8000,0x8000,0x8421,0xA108,0xCA52,0xE739,0xE739,0xE318,0xE318,0xE338,0xE739,0xE739,0xE739,0xE739,0xE739,
  0xE739,0xE739,0xE739,0xE739,0xE739,0xE739,0xE739,0xE739,0xE739,0xE739,0xE739,0xE739,0xE739,0xE739,0xE739,0xE739,
  0xE739,0xE739,0xEF7B,0xE318,0xBDEF,0x9CE7,0x8421,0x8000,0x8000,0x8000,0x8000,0x8000,0x8000,0x8000,0x8000,0x8000,
  0x8000,0x8000,0x8000,0x8000,0x8000,0x8421,0x9CE7,0xC210,0xE739,0xF39C,0xEB5A,0xEB5A,0xEB5A,0xEB5A,0xEB5A,0xEB5A,
  0xEB5A,0xEB5A,0xEB5A,0xEB5A,0xEB5A,0xEB5A,0xEB5A,0xEB5A,0xEF7B,0xDEF7,0x8C63,0x8842,0x8C63,0x8C63,0x8C63,0x8842,
  0x8C63,0x8421,0x8000,0x8000,0x8000,0x8000,0x8000,0x8000,0x8000,0x8000,0x8000,0x8000,0x8000,0x8000,0x8421,0x8C63,
  0x8C63,0x8C63,0x8C63,0x8C63,0x8C63,0x8C63,0x8C63,0x8C63,0x8842,0xA108,0xF39C,0xEF7B,0xEF7B,0xEF7B,0xF7BD,0xC210,
  0x8842,0x8C63,0x8C63,0x8C63,0x8C63,0x8C63,0x8842,0x8000,0x8000,0x8000,0x8000,0x8000,0x8000,0x8000,0x8000,0x8000,
  0x8000,0x8000,0x8000,0x8000,0x8842,0x8C63,0x8C63,0x8C63,0x8C63,0x8C63,0x8C63,0x8C63,0x8C63,0x8C63,0x8C63,0xCA52,
  0xFBDE,0xF39C,0xF7BD,0xF7BD,0xF7BD,0xF7BD,0xF7BD,0xF7BD,0xF7BD,0xF7BD,0xF7BD,0xF7BD,0xF7BD,0xF39C,0xF7BD,0xFFFF,
  0xEF7B,0xCA52,0xA108,0x8842,0x8000,0x8000,0x8000,0x8000,0x8000,0x8000,0x8000,0x8000,0x8000,0x8000,0x8000,0x8000,
  0x8000,0x8000,0x8842,0xA94A,0xD294,0xFBDE,0xFFFF,0xF7BD,0xFBDE,0xFBDE,0xFBDE,0xFBDE,0xFBDE,0xFBDE,0xFFFF,0xFFFF,
  0x0000,0x0000,0x0000,0x0000,0x0000,0x0000,0x0000,0x0000,0x0000,0x0000,0x0000,0x0000,0x0000,0x0000,0x0000,0x0000,
  0x0000,0x0000,0x0000,0x0000,0x0000,0x0000,0x0000,0x0000,0x0000,0x0000,0x0000,0x0000,0x0000,0x0000,0x0000,0x0000,
  0x0000,0x0000,0x0000,0x0000,0x0000,0x0000,0x0000,0x0000,0x0000,0x0000,0x0000,0x0000,0x0000,0x0000,0x0000,0x0000,
  0x0000,0x0000,0x0000,0x0000,0x0000,0x0000,0x0000,0x0000,0x0000,0x0000,0x0000,0x0000,0x0000,0x0000,0x0000,0x0000,
  0x0000,0x0000,0x0000,0x0000,0x0000,0x0000,0x0000,0x0000,0x0000,0x0000,0x0000,0x0000,0x0000,0x0000,0x0000,0x0000,
  0x0000,0x0000,0x0000,0x0000,0x0000,0x0000,0x0000,0x0000,0x0000,0x0000,0x0000,0x0000,0x0000,0x0000,0x0000,0x0000,
  0x0000,0x0000,0x0000,0x0000,0x0000,0x0000,0x0000,0x0000,0x0000,0x0000,0x0000,0x0000,0x0000,0x0000,0x0000,0x0000,
  0x0000,0x0000,0x0000,0x0000,0x0000,0x0000,0x0000,0x0000,0x0000,0x0000,0x0000,0x0000,0x0000,0x0000,0x0000,0x0000,
  0xF77B,0xB56C,0xA0C7,0xA0E7,0xA0C7,0xA0C7,0xA0C7,0xA0C7,0xA0C7,0xA0C7,0xA0C7,0xA0C7,0xA0C7,0xA0C7,0xA0C7,0xA0C7,
  0xA0C7,0xA0C7,0xA0C7,0xA0C7,0xA0C7,0xA0C7,0xA0C7,0xA0C7,0xA0C7,0xA0C7,0xA0C7,0xA0C7,0xA0C7,0xA0C7,0xA0C7,0xA0C7,
  0xA0C7,0xA0C7,0xA0C7,0xA0C7,0xA0C7,0xA0C7,0xA0C7,0xA0C7,0xA0C7,0xA0C7,0xA0C7,0xA0C7,0xA0C7,0xA0C7,0xA0C7,0xA0C7,
  0xA0C7,0xA0C7,0xA0C7,0xA0C7,0xA0C7,0xA0C7,0xA0C7,0xA0C7,0xA0C7,0x9CC7,0xA0E7,0x9484,0x8000,0x8000,0x8000,0x8000,
  0x8000,0x8000,0x8000,0x8000,0x8000,0x8000,0x8000,0x8000,0x8000,0xB18C,0xDAD6,0xD294,0xD6B5,0xD6B5,0xD6B5,0xD6B5,
  0xD6B5,0xD6B5,0xD6B5,0xD6B5,0xD6B5,0xD6B5,0xD6B5,0xD6B5,0xD6B5,0xD6B5,0xD6B5,0xD6B5,0xD6B5,0xD6B5,0xD6B5,0x8C63,
  0x8000,0x8000,0x8000,0x8000,0x8000,0x8000,0x8000,0x8000,0x8000,0x8000,0x8000,0x8000,0xAD6B,0xDEF7,0xD6B5,0xDAD6,
  0xDAD6,0xDAD6,0xDAD6,0xDAD6,0xDAD6,0xDAD6,0xDAD6,0xDAD6,0xDAD6,0xDAD6,0xDAD6,0xDAD6,0xDAD6,0xDAD6,0xDAD6,0xE318,
  0xCE73,0x9CE7,0x8000,0x8000,0x8000,0x8000,0x8000,0x8000,0x8000,0x8000,0x8000,0x8000,0x8000,0x8000,0x8000,0x8000,
  0x8000,0x8000,0x8000,0x8000,0x8000,0x8000,0x8C63,0xB9CE,0xE318,0xE318,0xDEF7,0xDEF7,0xDEF7,0xDEF7,0xDEF7,0xDEF7,
  0xDEF7,0xDEF7,0xDEF7,0xDEF7,0xDEF7,0xDEF7,0xDEF7,0xDEF7,0xDEF7,0xE318,0xE318,0xE318,0xE318,0xE318,0xE318,0xDEF7,
  0xE318,0xE739,0xC210,0x9084,0x8000,0x8000,0x8000,0x8000,0x8000,0x8000,0x8000,0x8000,0x8000,0x8000,0x8000,0x8000,
  0x8000,0x8000,0x8000,0x8000,0x8000,0x8000,0x9CE7,0xD294,0xEB5A,0xE318,0xE318,0xE739,0xE739,0xE739,0xE739,0xE739,
  0xE739,0xE739,0xE739,0xE739,0xE739,0xE739,0xE739,0xE739,0xE739,0xE739,0xE739,0xE739,0xE739,0xE739,0xE739,0xE739,
  0xEB5A,0xE739,0xB9CE,0x8842,0x8000,0x8000,0x8000,0x8000,0x8000,0x8000,0x8000,0x8000,0x8000,0x8000,0x8000,0x8000,
  0x8000,0x8000,0x8000,0x8000,0x8000,0x8000,0x8000,0x8000,0x8C63,0xC210,0xEF7B,0xEB5A,0xEB5A,0xEB5A,0xEB5A,0xEB5A,
  0xEB5A,0xEB5A,0xEB5A,0xEB5A,0xEB5A,0xEB5A,0xEB5A,0xEB5A,0xEF7B,0xDEF7,0x8000,0x8000,0x8000,0x8000,0x8000,0x8000,
  0x8000,0x8000,0x8000,0x8000,0x8000,0x8000,0x8000,0x8000,0x8000,0x8000,0x8000,0x8000,0x8000,0x8000,0x8000,0x8000,
  0x8000,0x8000,0x8000,0x8000,0x8000,0x8000,0x8000,0x8000,0x8000,0x94A5,0xF39C,0xEF7B,0xEF7B,0xEF7B,0xF7BD,0xB9CE,
  0x8000,0x8000,0x8000,0x8000,0x8000,0x8000,0x8000,0x8000,0x8000,0x8000,0x8000,0x8000,0x8000,0x8000,0x8000,0x8000,
  0x8000,0x8000,0x8000,0x8000,0x8000,0x8000,0x8000,0x8000,0x8000,0x8000,0x8000,0x8000,0x8000,0x8000,0x8000,0xC210,
  0xFFFF,0xF39C,0xF7BD,0xF7BD,0xF7BD,0xF7BD,0xF7BD,0xF7BD,0xF7BD,0xF7BD,0xF7BD,0xF7BD,0xF39C,0xFFDE,0xF39C,0xB9CE,
  0x8842,0x8000,0x8000,0x8000,0x8000,0x8000,0x8000,0x8000,0x8000,0x8000,0x8000,0x8000,0x8000,0x8000,0x8000,0x8000,
  0x8000,0x8000,0x8000,0x8000,0x8000,0x98C6,0xD6B5,0xFFFF,0xFBDE,0xF7BD,0xFBDE,0xFBDE,0xFBDE,0xFBDE,0xFFFF,0xFFFF,
  0x0000,0x0000,0x0000,0x0000,0x0000,0x0000,0x0000,0x0000,0x0000,0x0000,0x0000,0x0000,0x0000,0x0000,0x0000,0x0000,
  0x0000,0x0000,0x0000,0x0000,0x0000,0x0000,0x0000,0x0000,0x0000,0x0000,0x0000,0x0000,0x0000,0x0000,0x0000,0x0000,
  0x0000,0x0000,0x0000,0x0000,0x0000,0x0000,0x0000,0x0000,0x0000,0x0000,0x0000,0x0000,0x0000,0x0000,0x0000,0x0000,
  0x0000,0x0000,0x0000,0x0000,0x0000,0x0000,0x0000,0x0000,0x0000,0x0000,0x0000,0x0000,0x0000,0x0000,0x0000,0x0000,
  0x0000,0x0000,0x0000,0x0000,0x0000,0x0000,0x0000,0x0000,0x0000,0x0000,0x0000,0x0000,0x0000,0x0000,0x0000,0x0000,
  0x0000,0x0000,0x0000,0x0000,0x0000,0x0000,0x0000,0x0000,0x0000,0x0000,0x0000,0x0000,0x0000,0x0000,0x0000,0x0000,
  0x0000,0x0000,0x0000,0x0000,0x0000,0x0000,0x0000,0x0000,0x0000,0x0000,0x0000,0x0000,0x0000,0x0000,0x0000,0x0000,
  0x0000,0x0000,0x0000,0x0000,0x0000,0x0000,0x0000,0x0000,0x0000,0x0000,0x0000,0x0000,0x0000,0x0000,0x0000,0x0000,
  0xF35B,0xF319,0xF319,0xF319,0xF319,0xF319,0xF319,0xF319,0xF319,0xF319,0xF319,0xF319,0xF319,0xF319,0xF319,0xF319,
  0xF319,0xF319,0xF319,0xF319,0xF319,0xF319,0xF319,0xF319,0xF319,0xF319,0xF319,0xF319,0xF319,0xF319,0xF319,0xF319,
  0xF319,0xF319,0xF319,0xF319,0xF319,0xF319,0xF319,0xF319,0xF319,0xF319,0xF319,0xF319,0xF319,0xF319,0xF319,0xF319,
  0xF319,0xF319,0xF319,0xF319,0xF319,0xF319,0xF319,0xF319,0xF319,0xF319,0xFB5B,0xC5EF,0x8000,0x8000,0x8000,0x8000,
  0x8000,0x8000,0x8000,0x8000,0x8000,0x8000,0x8000,0x8000,0x8000,0xB18C,0xDAD6,0xD294,0xD6B5,0xD6B5,0xD6B5,0xD6B5,
  0xD6B5,0xD6B5,0xD6B5,0xD6B5,0xD6B5,0xD6B5,0xD6B5,0xD6B5,0xD6B5,0xD6B5,0xD6B5,0xD6B5,0xD6B5,0xDAD6,0xD294,0x8421,
  0x8000,0x8000,0x8000,0x8000,0x8000,0x8000,0x8000,0x8000,0x8000,0x8000,0x8000,0x8000,0xB5AD,0xDEF7,0xD6B5,0xDAD6,
  0xDAD6,0xDAD6,0xDAD6,0xDAD6,0xDAD6,0xDAD6,0xDAD6,0xDAD6,0xDAD6,0xDAD6,0xDAD6,0xDAD6,0xDAD6,0xDAD6,0xDEF7,0xB5AD,
  0x8000,0x8000,0x8000,0x8000,0x8000,0x8000,0x8000,0x8000,0x8000,0x8000,0x8000,0x8000,0x8000,0x8000,0x8000,0x8000,
  0x8000,0x8000,0x8000,0x8000,0x8000,0x8000,0x8000,0x8000,0x9CE7,0xDAD6,0xE318,0xDEF7,0xDEF7,0xDEF7,0xDEF7,0xDEF7,
  0xDEF7,0xDEF7,0xDEF7,0xDEF7,0xDEF7,0xDEF7,0xDEF7,0xDEF7,0xDEF7,0xE318,0xE318,0xE318,0xE318,0xE318,0xDEF7,0xE739,
  0xDAD6,0x9CE7,0x8000,0x8000,0x8000,0x8000,0x8000,0x8000,0x8000,0x8000,0x8000,0x8000,0x8000,0x8000,0x8000,0x8000,
  0x8000,0x8000,0x8000,0x8000,0x8000,0x8000,0x8000,0x8000,0xBDEF,0xEB5A,0xE318,0xE318,0xE739,0xE739,0xE739,0xE739,
  0xE739,0xE739,0xE739,0xE739,0xE739,0xE739,0xE739,0xE739,0xE739,0xE739,0xE739,0xE739,0xE739,0xE739,0xE739,0xEF7B,
  0xD6B5,0x94A5,0x8000,0x8000,0x8000,0x8000,0x8000,0x8000,0x8000,0x8000,0x8000,0x8000,0x8000,0x8000,0x8000,0x8000,
  0x8000,0x8000,0x8000,0x8000,0x8000,0x8000,0x8000,0x8000,0x8000,0x8000,0xA529,0xEB3A,0xEF7B,0xEB5A,0xEB5A,0xEB5A,
  0xEB5A,0xEB5A,0xEB5A,0xEB5A,0xEB5A,0xEB5A,0xEB5A,0xEB5A,0xEF7B,0xDEF7,0x8000,0x8000,0x8000,0x8000,0x8000,0x8000,
  0x8000,0x8000,0x8000,0x8000,0x8000,0x8000,0x8000,0x8000,0x8000,0x8000,0x8000,0x8000,0x8000,0x8000,0x8000,0x8000,
  0x8000,0x8000,0x8000,0x8000,0x8000,0x8000,0x8000,0x8000,0x8000,0x98C6,0xF39C,0xEF7B,0xEF7B,0xEF7B,0xF7BD,0xBDEF,
  0x8000,0x8000,0x8000,0x8000,0x8000,0x8000,0x8000,0x8000,0x8000,0x8000,0x8000,0x8000,0x8000,0x8000,0x8000,0x8000,
  0x8000,0x8000,0x8000,0x8000,0x8000,0x8000,0x8000,0x8000,0x8000,0x8000,0x8000,0x8000,0x8000,0x8000,0x8000,0xC210,
  0xFBDF,0xF39C,0xF7BD,0xF7BD,0xF7BD,0xF7BD,0xF7BD,0xF7BD,0xF7BD,0xF7BD,0xF7BD,0xF7BD,0xFFFF,0xD294,0x8C63,0x8000,
  0x8000,0x8000,0x8000,0x8000,0x8000,0x8000,0x8000,0x8000,0x8000,0x8000,0x8000,0x8000,0x8000,0x8000,0x8000,0x8000,
  0x8000,0x8000,0x8000,0x8000,0x8000,0x8000,0x8000,0xB18C,0xFBDE,0xFBDE,0xF7BD,0xFBDE,0xFBDE,0xFBDE,0xFFFF,0xFFFF,
  0x0000,0x0000,0x0000,0x0000,0x0000,0x0000,0x0000,0x0000,0x0000,0x0000,0x0000,0x0000,0x0000,0x0000,0x0000,0x0000,
  0x0000,0x0000,0x0000,0x0000,0x0000,0x0000,0x0000,0x0000,0x0000,0x0000,0x0000,0x0000,0x0000,0x0000,0x0000,0x0000,
  0x0000,0x0000,0x0000,0x0000,0x0000,0x0000,0x0000,0x0000,0x0000,0x0000,0x0000,0x0000,0x0000,0x0000,0x0000,0x0000,
  0x0000,0x0000,0x0000,0x0000,0x0000,0x0000,0x0000,0x0000,0x0000,0x0000,0x0000,0x0000,0x0000,0x0000,0x0000,0x0000,
  0x0000,0x0000,0x0000,0x0000,0x0000,0x0000,0x0000,0x0000,0x0000,0x0000,0x0000,0x0000,0x0000,0x0000,0x0000,0x0000,
  0x0000,0x0000,0x0000,0x0000,0x0000,0x0000,0x0000,0x0000,0x0000,0x0000,0x0000,0x0000,0x0000,0x0000,0x0000,0x0000,
  0x0000,0x0000,0x0000,0x0000,0x0000,0x0000,0x0000,0x0000,0x0000,0x0000,0x0000,0x0000,0x0000,0x0000,0x0000,0x0000,
  0x0000,0x0000,0x0000,0x0000,0x0000,0x0000,0x0000,0x0000,0x0000,0x0000,0x0000,0x0000,0x0000,0x0000,0x0000,0x0000,
  0xF35B,0xEEF8,0xEAD7,0xEAF8,0xEAF7,0xEAD7,0xEAD7,0xEAD7,0xEAF7,0xEAF7,0xEAD7,0xEAD7,0xEAD7,0xEAD7,0xEAF7,0xEAD7,
  0xEAF7,0xEAF7,0xEAD7,0xEAD7,0xEAD7,0xEAF7,0xEAF7,0xEAD7,0xEAD7,0xEAD7,0xEAD7,0xEAF7,0xEAD7,0xEAF7,0xEAF7,0xEAD7,
  0xEAD7,0xEAD7,0xEAF7,0xEAF7,0xEAD7,0xEAD7,0xEAD7,0xEAD7,0xEAF7,0xEAD7,0xEAF7,0xEAF7,0xEAD7,0xEAD7,0xEAD7,0xEAF7,
  0xEAF7,0xEAD7,0xEAD7,0xEAD7,0xEAD7,0xEAF7,0xEAD7,0xEAF7,0xEAF7,0xEAD7,0xF319,0xC1CE,0x8000,0x8000,0x8000,0x8000,
  0x8000,0x8000,0x8000,0x8000,0x8000,0x8000,0x8000,0x8000,0x8000,0xB18C,0xDAD6,0xD294,0xD6B5,0xD6B5,0xD6B5,0xD6B5,
  0xD6B5,0xD6B5,0xD6B5,0xD6B5,0xD6B5,0xD6B5,0xD6B5,0xD6B5,0xD6B5,0xD6B5,0xD6B5,0xD6B5,0xD6B5,0xDAD6,0xCA52,0x8000,
  0x8000,0x8000,0x8000,0x8000,0x8000,0x8000,0x8000,0x8000,0x8000,0x8000,0x8000,0x8000,0xBDEF,0xDEF7,0xD6B5,0xDAD6,
  0xDAD6,0xDAD6,0xDAD6,0xDAD6,0xDAD6,0xDAD6,0xDAD6,0xDAD6,0xDAD6,0xDAD6,0xDAD6,0xDAD6,0xDAD6,0xDEF7,0xA529,0x8000,
  0x8000,0x8000,0x8000,0x8000,0x8000,0x8000,0x8000,0x8000,0x8000,0x8000,0x8000,0x8000,0x8000,0x8000,0x8000,0x8000,
  0x8000,0x8000,0x8000,0x8000,0x8000,0x8000,0x8000,0x8000,0x8000,0x8C63,0xD294,0xE318,0xDEF7,0xDEF7,0xDEF7,0xDEF7,
  0xDEF7,0xDEF7,0xDEF7,0xDEF7,0xDEF7,0xDEF7,0xDEF7,0xDEF7,0xDEF7,0xE318,0xE318,0xE318,0xE318,0xDEF7,0xE739,0xD6B5,
  0x8C63,0x8000,0x8000,0x8000,0x8000,0x8000,0x8000,0x8000,0x8000,0x8000,0x8000,0x8000,0x8000,0x8000,0x8000,0x8000,
  0x8000,0x8000,0x8000,0x8000,0x8000,0x8000,0x8000,0x8000,0x8000,0xB18C,0xEB5A,0xE318,0xE739,0xE739,0xE739,0xE739,
  0xE739,0xE739,0xE739,0xE739,0xE739,0xE739,0xE739,0xE739,0xE739,0xE739,0xE739,0xE739,0xE739,0xE739,0xEF7B,0xCA52,
  0x8421,0x8000,0x8000,0x8000,0x8000,0x8000,0x8000,0x8000,0x8000,0x8000,0x8000,0x8000,0x8000,0x8000,0x8000,0x8000,
  0x8000,0x8000,0x8000,0x8000,0x8000,0x8000,0x8000,0x8000,0x8000,0x8000,0x8000,0x98C6,0xE739,0xEB5A,0xEB5A,0xEB5A,
  0xEB5A,0xEB5A,0xEB5A,0xEB5A,0xEB5A,0xEB5A,0xEB5A,0xEB5A,0xEF7B,0xDEF7,0x8000,0x8000,0x8000,0x8000,0x8000,0x8000,
  0x8000,0x8000,0x8000,0x8000,0x8000,0x8000,0x8000,0x8000,0x8000,0x8000,0x8000,0x8000,0x8000,0x8000,0x8000,0x8000,
  0x8000,0x8000,0x8000,0x8000,0x8000,0x8000,0x8000,0x8000,0x8000,0x98C6,0xF39C,0xEF7B,0xEF7B,0xEF7B,0xF7BD,0xBDEF,
  0x8000,0x8000,0x8000,0x8000,0x8000,0x8000,0x8000,0x8000,0x8000,0x8000,0x8000,0x8000,0x8000,0x8000,0x8000,0x8000,
  0x8000,0x8000,0x8000,0x8000,0x8000,0x8000,0x8000,0x8000,0x8000,0x8000,0x8000,0x8000,0x8000,0x8000,0x8000,0xC210,
  0xFFFF,0xF39C,0xF7BD,0xF7BD,0xF7BD,0xF7BD,0xF7BD,0xF7BD,0xF7BD,0xF7BD,0xF7BD,0xFBDF,0xB9CE,0x8000,0x8000,0x8000,
  0x8000,0x8000,0x8000,0x8000,0x8000,0x8000,0x8000,0x8000,0x8000,0x8000,0x8000,0x8000,0x8000,0x8000,0x8000,0x8000,
  0x8000,0x8000,0x8000,0x8000,0x8000,0x8000,0x8000,0x8000,0x9CE7,0xF7BD,0xFBDE,0xFBDE,0xFBDE,0xFBDE,0xFFFF,0xFFFF,
  0x0000,0x0000,0x0000,0x0000,0x0000,0x0000,0x0000,0x0000,0x0000,0x0000,0x0000,0x0000,0x0000,0x0000,0x0000,0x0000,
  0x0000,0x0000,0x0000,0x0000,0x0000,0x0000,0x0000,0x0000,0x0000,0x0000,0x0000,0x0000,0x0000,0x0000,0x0000,0x0000,
  0x0000,0x0000,0x0000,0x0000,0x0000,0x0000,0x0000,0x0000,0x0000,0x0000,0x0000,0x0000,0x0000,0x0000,0x0000,0x0000,
  0x0000,0x0000,0x0000,0x0000,0x0000,0x0000,0x0000,0x0000,0x0000,0x0000,0x0000,0x0000,0x0000,0x0000,0x0000,0x0000,
  0x0000,0x0000,0x0000,0x0000,0x0000,0x0000,0x0000,0x0000,0x0000,0x0000,0x0000,0x0000,0x0000,0x0000,0x0000,0x0000,
  0x0000,0x0000,0x0000,0x0000,0x0000,0x0000,0x0000,0x0000,0x0000,0x0000,0x0000,0x0000,0x0000,0x0000,0x0000,0x0000,
  0x0000,0x0000,0x0000,0x0000,0x0000,0x0000,0x0000,0x0000,0x0000,0x0000,0x0000,0x0000,0x0000,0x0000,0x0000,0x0000,
  0x0000,0x0000,0x0000,0x0000,0x0000,0x0000,0x0000,0x0000,0x0000,0x0000,0x0000,0x0000,0x0000,0x0000,0x0000,0x0000,
  0xF35B,0xEEF8,0xEEF8,0xEEF8,0xEEF8,0xEEF8,0xEEF8,0xEEF8,0xEEF8,0xEEF8,0xEEF8,0xEEF8,0xEEF8,0xEEF8,0xEEF8,0xEEF8,
  0xEEF8,0xEEF8,0xEEF8,0xEEF8,0xEEF8,0xEEF8,0xEEF8,0xEEF8,0xEEF8,0xEEF8,0xEEF8,0xEEF8,0xEEF8,0xEEF8,0xEEF8,0xEEF8,
  0xEEF8,0xEEF8,0xEEF8,0xEEF8,0xEEF8,0xEEF8,0xEEF8,0xEEF8,0xEEF8,0xEEF8,0xEEF8,0xEEF8,0xEEF8,0xEEF8,0xEEF8,0xEEF8,
  0xEEF8,0xEEF8,0xEEF8,0xEEF8,0xEEF8,0xEEF8,0xEEF8,0xEEF8,0xEEF8,0xEAD7,0xF319,0xC1CE,0x8000,0x8000,0x8000,0x8000,
  0x8000,0x8000,0x8000,0x8000,0x8000,0x8000,0x8000,0x8000,0x8000,0xB18C,0xDAD6,0xD294,0xD6B5,0xD6B5,0xD6B5,0xD6B5,
  0xD6B5,0xD6B5,0xD6B5,0xD6B5,0xD6B5,0xD6B5,0xD6B5,0xD6B5,0xD6B5,0xD6B5,0xD6B5,0xD6B5,0xD6B5,0xDEF7,0xBDEE,0x8000,
  0x8000,0x8000,0x8000,0x8000,0x8000,0x8000,0x8000,0x8000,0x8000,0x8000,0x8000,0x8000,0xCA52,0xDEF7,0xDAD6,0xDAD6,
  0xDAD6,0xDAD6,0xDAD6,0xDAD6,0xDAD6,0xDAD6,0xDAD6,0xDAD6,0xDAD6,0xDAD6,0xDAD6,0xDAD6,0xDEF7,0xA128,0x8000,0x8000,
  0x8000,0x8000,0x8000,0x8000,0x8000,0x8000,0x8000,0x8000,0x8000,0x8000,0x8000,0x8000,0x8000,0x8000,0x8000,0x8000,
  0x8000,0x8000,0x8000,0x8000,0x8000,0x8000,0x8000,0x8000,0x8000,0x8000,0x8842,0xD6B5,0xE318,0xDEF7,0xDEF7,0xDEF7,
  0xDEF7,0xDEF7,0xDEF7,0xDEF7,0xDEF7,0xDEF7,0xDEF7,0xDEF7,0xDEF8,0xE318,0xE318,0xE318,0xDEF7,0xE318,0xD6B5,0x8842,
  0x8000,0x8000,0x8000,0x8000,0x8000,0x8000,0x8000,0x8000,0x8000,0x8000,0x8000,0x8000,0x8000,0x8000,0x8000,0x8000,
  0x8000,0x8000,0x8000,0x8000,0x8000,0x8000,0x8000,0x8000,0x8000,0x8000,0xB5AD,0xEB5A,0xE318,0xE739,0xE739,0xE739,
  0xE739,0xE739,0xE739,0xE739,0xE739,0xE739,0xE739,0xE739,0xE739,0xE739,0xE739,0xE739,0xE739,0xEB5A,0xCE73,0x8000,
  0x8000,0x8000,0x8000,0x8000,0x8000,0x8000,0x8000,0x8000,0x8000,0x8000,0x8000,0x8000,0x8000,0x8000,0x8000,0x8000,
  0x8000,0x8000,0x8000,0x8000,0x8000,0x8000,0x8000,0x8000,0x8000,0x8000,0x8000,0x8000,0x9CE7,0xEF7B,0xEB5A,0xEB5A,
  0xEB5A,0xEB5A,0xEB5A,0xEB5A,0xEB5A,0xEB5A,0xEB5A,0xEB5A,0xEF7B,0xDEF7,0x8000,0x8000,0x8000,0x8000,0x8000,0x8000,
  0x8000,0x8000,0x8000,0x8000,0x8000,0x8000,0x8000,0x8000,0x8000,0x8000,0x8000,0x8000,0x8000,0x8000,0x8000,0x8000,
  0x8000,0x8000,0x8000,0x8000,0x8000,0x8000,0x8000,0x8000,0x8000,0x98C6,0xF39C,0xEF7B,0xEF7B,0xEF7B,0xF7BD,0xBDEF,
  0x8000,0x8000,0x8000,0x8000,0x8000,0x8000,0x8000,0x8000,0x8000,0x8000,0x8000,0x8000,0x8000,0x8000,0x8000,0x8000,
  0x8000,0x8000,0x8000,0x8000,0x8000,0x8000,0x8000,0x8000,0x8000,0x8000,0x8000,0x8000,0x8000,0x8000,0x8000,0xC210,
  0xFBDF,0xF39C,0xF7BD,0xF7BD,0xF7BD,0xF7BD,0xF7BD,0xF7BD,0xF7BD,0xF39C,0xFFDF,0xB5AD,0x8000,0x8000,0x8000,0x8000,
  0x8000,0x8000,0x8000,0x8000,0x8000,0x8000,0x8000,0x8000,0x8000,0x8000,0x8000,0x8000,0x8000,0x8000,0x8000,0x8000,
  0x8000,0x8000,0x8000,0x8000,0x8000,0x8000,0x8000,0x8000,0x8000,0xA108,0xFBDE,0xFBDE,0xFBDE,0xFBDE,0xFFFF,0xFFFF,
  0x0000,0x0000,0x0000,0x0000,0x0000,0x0000,0x0000,0x0000,0x0000,0x0000,0x0000,0x0000,0x0000,0x0000,0x0000,0x0000,
  0x0000,0x0000,0x0000,0x0000,0x0000,0x0000,0x0000,0x0000,0x0000,0x0000,0x0000,0x0000,0x0000,0x0000,0x0000,0x0000,
  0x0000,0x0000,0x0000,0x0000,0x0000,0x0000,0x0000,0x0000,0x0000,0x0000,0x0000,0x0000,0x0000,0x0000,0x0000,0x0000,
  0x0000,0x0000,0x0000,0x0000,0x0000,0x0000,0x0000,0x0000,0x0000,0x0000,0x0000,0x0000,0x0000,0x0000,0x0000,0x0000,
  0x0000,0x0000,0x0000,0x0000,0x0000,0x0000,0x0000,0x0000,0x0000,0x0000,0x0000,0x0000,0x0000,0x0000,0x0000,0x0000,
  0x0000,0x0000,0x0000,0x0000,0x0000,0x0000,0x0000,0x0000,0x0000,0x0000,0x0000,0x0000,0x0000,0x0000,0x0000,0x0000,
  0x0000,0x0000,0x0000,0x0000,0x0000,0x0000,0x0000,0x0000,0x0000,0x0000,0x0000,0x0000,0x0000,0x0000,0x0000,0x0000,
  0x0000,0x0000,0x0000,0x0000,0x0000,0x0000,0x0000,0x0000,0x0000,0x0000,0x0000,0x0000,0x0000,0x0000,0x0000,0x0000,
  0xF35B,0xEEF8,0xEED7,0xEEF8,0xEEF8,0xEEF8,0xEEF8,0xEEF8,0xEEF8,0xEEF8,0xEEF8,0xEEF8,0xEEF8,0xEEF8,0xEEF8,0xEEF8,
  0xEEF8,0xEEF8,0xEEF8,0xEEF8,0xEEF8,0xEEF8,0xEEF8,0xEEF8,0xEEF8,0xEEF8,0xEEF8,0xEEF8,0xEEF8,0xEEF8,0xEEF8,0xEEF8,
  0xEEF8,0xEEF7,0xEEF8,0xEEF8,0xEEF8,0xEEF8,0xEEF8,0xEEF8,0xEEF8,0xEEF8,0xEEF8,0xEEF8,0xEEF8,0xEEF8,0xEED7,0xEEF7,
  0xEEF8,0xEEF8,0xEEF8,0xEEF8,0xEEF8,0xEEF8,0xEEF8,0xEEF8,0xEEF8,0xEAD7,0xF319,0xC1CE,0x8000,0x8000,0x8000,0x8000,
  0x8000,0x8000,0x8000,0x8000,0x8000,0x8000,0x8000,0x8000,0x8000,0xB18C,0xDAD6,0xD294,0xD6B5,0xD6B5,0xD6B5,0xD6B5,
  0xD6B5,0xD6B5,0xD6B5,0xD6B5,0xD6B5,0xD6B5,0xD6B5,0xD6B5,0xD6B5,0xD6B5,0xD6B5,0xD6B5,0xD6B5,0xDEF7,0xA529,0x8000,
  0x8000,0x8000,0x8000,0x8000,0x8000,0x8000,0x8000,0x8000,0x8000,0x8000,0x8000,0x8421,0xD294,0xDAD6,0xDAD6,0xDAD6,
  0xDAD6,0xDAD6,0xDAD6,0xDAD6,0xDAD6,0xDAD6,0xDAD6,0xDAD6,0xDAD6,0xDAD6,0xDAD6,0xE318,0xAD6B,0x8000,0x8000,0x8000,
  0x8000,0x8000,0x8000,0x8000,0x8000,0x8000,0x8000,0x8000,0x8000,0x8000,0x8000,0x8000,0x8000,0x8000,0x8000,0x8000,
  0x8000,0x8000,0x8000,0x8000,0x8000,0x8000,0x8000,0x8000,0x8000,0x8000,0x8000,0x9084,0xDEF7,0xDEF7,0xDEF7,0xDEF7,
  0xDEF7,0xDEF7,0xDEF7,0xDEF7,0xDEF7,0xDEF7,0xDEF7,0xDEF7,0xDEF7,0xE318,0xE318,0xDEF7,0xE318,0xE318,0x9084,0x8000,
  0x8000,0x8000,0x8000,0x8000,0x8000,0x8000,0x8000,0x8000,0x8000,0x8000,0x8000,0x8000,0x8000,0x8000,0x8000,0x8000,
  0x8000,0x8000,0x8000,0x8000,0x8000,0x8000,0x8000,0x8000,0x8000,0x8000,0x8000,0xC631,0xEB5A,0xE318,0xE739,0xE739,
  0xE739,0xE739,0xE739,0xE739,0xE739,0xE739,0xE739,0xE739,0xE739,0xE739,0xE739,0xE739,0xEB5A,0xDAD6,0x8421,0x8000,
  0x8000,0x8000,0x8000,0x8000,0x8000,0x8000,0x8000,0x8000,0x8000,0x8000,0x8000,0x8000,0x8000,0x8000,0x8000,0x8000,
  0x8000,0x8000,0x8000,0x8000,0x8000,0x8000,0x8000,0x8000,0x8000,0x8000,0x8000,0x8000,0x8000,0xB5AD,0xF39C,0xEB5A,
  0xEB5A,0xEB5A,0xEB5A,0xEB5A,0xEB5A,0xEB5A,0xEB5A,0xEB5A,0xEF7B,0xDEF7,0x8000,0x8000,0x8000,0x8000,0x8000,0x8000,
  0x8000,0x8000,0x8000,0x8000,0x8000,0x8000,0x8000,0x8000,0x8000,0x8000,0x8000,0x8000,0x8000,0x8000,0x8000,0x8000,
  0x8000,0x8000,0x8000,0x8000,0x8000,0x8000,0x8000,0x8000,0x8000,0x98C6,0xF39C,0xEF7B,0xEF7B,0xEF7B,0xF7BD,0xBDEF,
  0x8000,0x8000,0x8000,0x8000,0x8000,0x8000,0x8000,0x8000,0x8000,0x8000,0x8000,0x8000,0x8000,0x8000,0x8000,0x8000,
  0x8000,0x8000,0x8000,0x8000,0x8000,0x8000,0x8000,0x8000,0x8000,0x8000,0x8000,0x8000,0x8000,0x8000,0x8000,0xC210,
  0xFBDE,0xF39C,0xF7BD,0xF7BD,0xF7BD,0xF7BD,0xF7BD,0xF7BD,0xF39C,0xFFFF,0xC631,0x8000,0x8000,0x8000,0x8000,0x8000,
  0x8000,0x8000,0x8000,0x8000,0x8000,0x8000,0x8000,0x8000,0x8000,0x8000,0x8000,0x8000,0x8000,0x8000,0x8000,0x8000,
  0x8000,0x8000,0x8000,0x8000,0x8000,0x8000,0x8000,0x8000,0x8000,0x8000,0xBDEF,0xFFFF,0xF7BD,0xFBDE,0xFFFF,0xFFFF,
  0x0000,0x0000,0x0000,0x0000,0x0000,0x0000,0x0000,0x0000,0x0000,0x0000,0x0000,0x0000,0x0000,0x0000,0x0000,0x0000,
  0x0000,0x0000,0x0000,0x0000,0x0000,0x0000,0x0000,0x0000,0x0000,0x0000,0x0000,0x0000,0x0000,0x0000,0x0000,0x0000,
  0x0000,0x0000,0x0000,0x0000,0x0000,0x0000,0x0000,0x0000,0x0000,0x0000,0x0000,0x0000,0x0000,0x0000,0x0000,0x0000,
  0x0000,0x0000,0x0000,0x0000,0x0000,0x0000,0x0000,0x0000,0x0000,0x0000,0x0000,0x0000,0x0000,0x0000,0x0000,0x0000,
  0x0000,0x0000,0x0000,0x0000,0x0000,0x0000,0x0000,0x0000,0x0000,0x0000,0x0000,0x0000,0x0000,0x0000,0x0000,0x0000,
  0x0000,0x0000,0x0000,0x0000,0x0000,0x0000,0x0000,0x0000,0x0000,0x0000,0x0000,0x0000,0x0000,0x0000,0x0000,0x0000,
  0x0000,0x0000,0x0000,0x0000,0x0000,0x0000,0x0000,0x0000,0x0000,0x0000,0x0000,0x0000,0x0000,0x0000,0x0000,0x0000,
  0x0000,0x0000,0x0000,0x0000,0x0000,0x0000,0x0000,0x0000,0x0000,0x0000,0x0000,0x0000,0x0000,0x0000,0x0000,0x0000,
  0xF35B,0xEEF8,0xEAD7,0xEED7,0xEED7,0xEED7,0xEED7,0xEED7,0xEED7,0xEED7,0xEED7,0xEED7,0xEED7,0xEAD7,0xEED7,0xEAD7,
  0xEAD7,0xEED7,0xEED7,0xEED7,0xEED7,0xEED7,0xEED7,0xEED7,0xEED7,0xEED7,0xEED7,0xEED7,0xEED7,0xEED7,0xEED7,0xEED7,
  0xEED7,0xEED7,0xEED7,0xEED7,0xEED7,0xEED7,0xEED7,0xEED7,0xEAD7,0xEAD7,0xEAD7,0xEAD7,0xEAD7,0xEAD7,0xEEF7,0xEED7,
  0xEAD7,0xEAD7,0xEAD7,0xEAD7,0xEAD7,0xEED7,0xEED7,0xEED7,0xEED7,0xEAD7,0xF319,0xC1CE,0x8000,0x8000,0x8000,0x8000,
  0x8000,0x8000,0x8000,0x8000,0x8000,0x8000,0x8000,0x8000,0x8000,0xB18C,0xDAD6,0xD294,0xD6B5,0xD6B5,0xD6B5,0xD6B5,
  0xD6B5,0xD6B5,0xD6B5,0xD6B5,0xD6B5,0xD6B5,0xD6B5,0xD6B5,0xD6B5,0xD6B5,0xD6B5,0xD6B5,0xD6B5,0xD6B5,0x8C63,0x8000,
  0x8000,0x8000,0x8000,0x8000,0x8000,0x8000,0x8000,0x8000,0x8000,0x8000,0x8000,0x9084,0xDAD6,0xDAD6,0xDAD6,0xDAD6,
  0xDAD6,0xDAD6,0xDAD6,0xDAD6,0xDAD6,0xDAD6,0xDAD6,0xDAD6,0xDAD6,0xDAD6,0xDEF7,0xC631,0x8000,0x8000,0x8000,0x8000,
  0x8000,0x8000,0x8000,0x8000,0x8000,0x8000,0x8000,0x8000,0x8000,0x8000,0x8000,0x8000,0x8000,0x8000,0x8000,0x8000,
  0x8000,0x8000,0x8000,0x8000,0x8000,0x8000,0x8000,0x8000,0x8000,0x8000,0x8000,0x8000,0xA94A,0xE739,0xDEF7,0xDEF7,
  0xDEF7,0xDEF7,0xDEF7,0xDEF7,0xDEF7,0xDEF7,0xDEF7,0xDEF7,0xE2F7,0xE318,0xE318,0xDEF7,0xE739,0xAD6B,0x8000,0x8000,
  0x8000,0x8000,0x8000,0x8000,0x8000,0x8000,0x8000,0x8000,0x8000,0x8000,0x8000,0x8000,0x8000,0x8000,0x8000,0x8000,
  0x8000,0x8000,0x8000,0x8000,0x8000,0x8000,0x8000,0x8000,0x8000,0x8000,0x8000,0x8842,0xDEF7,0xE739,0xE318,0xE739,
  0xE739,0xE739,0xE739,0xE739,0xE739,0xE739,0xE739,0xE739,0xE739,0xE739,0xE739,0xE739,0xEB5A,0x98C6,0x8000,0x8000,
  0x8000,0x8000,0x8000,0x8000,0x8000,0x8000,0x8000,0x8000,0x8000,0x8000,0x8000,0x8000,0x8000,0x8000,0x8000,0x8000,
  0x8000,0x8000,0x8000,0x8000,0x8000,0x8000,0x8000,0x8000,0x8000,0x8000,0x8000,0x8000,0x8000,0x8000,0xDAD6,0xEF7B,
  0xEB5A,0xEB5A,0xEB5A,0xEB5A,0xEB5A,0xEB5A,0xEB5A,0xEB5A,0xEF7B,0xDEF7,0x8421,0x8000,0x8000,0x8000,0x8000,0x8000,
  0x8000,0x8000,0x8000,0x8000,0x8000,0x8000,0x8000,0x8000,0x8000,0x8000,0x8000,0x8000,0x8000,0x8000,0x8000,0x8000,
  0x8000,0x8000,0x8000,0x8000,0x8000,0x8000,0x8000,0x8000,0x8000,0x98C6,0xF39C,0xEF7B,0xEF7B,0xEF7B,0xF7BD,0xBDEF,
  0x8000,0x8000,0x8000,0x8000,0x8000,0x8000,0x8000,0x8000,0x8000,0x8000,0x8000,0x8000,0x8000,0x8000,0x8000,0x8000,
  0x8000,0x8000,0x8000,0x8000,0x8000,0x8000,0x8000,0x8000,0x8000,0x8000,0x8000,0x8000,0x8000,0x8000,0x8000,0xC210,
  0xFBDE,0xF39C,0xF7BD,0xF7BD,0xF7BD,0xF7BD,0xF7BD,0xF39C,0xFBDE,0xE318,0x8000,0x8000,0x8000,0x8000,0x8000,0x8000,
  0x8000,0x8000,0x8000,0x8000,0x8000,0x8000,0x8000,0x8000,0x8000,0x8000,0x8000,0x8000,0x8000,0x8000,0x8000,0x8000,
  0x8000,0x8000,0x8000,0x8000,0x8000,0x8000,0x8000,0x8000,0x8000,0x8000,0x8000,0xE739,0xFFFF,0xF7BD,0xFFFF,0xFFFF,
  0x0000,0x0000,0x0000,0x0000,0x0000,0x0000,0x0000,0x0000,0x0000,0x0000,0x0000,0x0000,0x0000,0x0000,0x0000,0x0000,
  0x0000,0x0000,0x0000,0x0000,0x0000,0x0000,0x0000,0x0000,0x0000,0x0000,0x0000,0x0000,0x0000,0x0000,0x0000,0x0000,
  0x0000,0x0000,0x0000,0x0000,0x0000,0x0000,0x0000,0x0000,0x0000,0x0000,0x0000,0x0000,0x0000,0x0000,0x0000,0x0000,
  0x0000,0x0000,0x0000,0x0000,0x0000,0x0000,0x0000,0x0000,0x0000,0x0000,0x0000,0x0000,0x0000,0x0000,0x0000,0x0000,
  0x0000,0x0000,0x0000,0x0000,0x0000,0x0000,0x0000,0x0000,0x0000,0x0000,0x0000,0x0000,0x0000,0x0000,0x0000,0x0000,
  0x0000,0x0000,0x0000,0x0000,0x0000,0x0000,0x0000,0x0000,0x0000,0x0000,0x0000,0x0000,0x0000,0x0000,0x0000,0x0000,
  0x0000,0x0000,0x0000,0x0000,0x0000,0x0000,0x0000,0x0000,0x0000,0x0000,0x0000,0x0000,0x0000,0x0000,0x0000,0x0000,
  0x0000,0x0000,0x0000,0x0000,0x0000,0x0000,0x0000,0x0000,0x0000,0x0000,0x0000,0x0000,0x0000,0x0000,0x0000,0x0000,
  0xF35B,0xEEF8,0xEAD7,0xEAD7,0xEAD7,0xEAD7,0xEAD7,0xEAD7,0xEAD7,0xEAD7,0xEAD7,0xEAD7,0xEAD7,0xEAD7,0xEAD7,0xEED7,
  0xEAD7,0xEAD7,0xEAD7,0xEAD7,0xEAD7,0xEAD7,0xEAD7,0xEAD7,0xEAD7,0xEAD7,0xEAD7,0xEAD7,0xEAD7,0xEAD7,0xEAD7,0xEAD7,
  0xEAD7,0xEAD7,0xEAD7,0xEAD7,0xEAD7,0xEAD7,0xEAD7,0xEAD7,0xEEF8,0xF2F8,0xF319,0xF319,0xEEF8,0xEEF8,0xEAD7,0xEED7,
  0xEEF8,0xF319,0xF319,0xF2F8,0xEAD7,0xEAD7,0xEAD7,0xEAD7,0xEAD7,0xEAD7,0xF319,0xC1CE,0x8000,0x8000,0x8000,0x8000,
  0x8000,0x8000,0x8000,0x8000,0x8000,0x8000,0x8000,0x8000,0x8000,0xB18C,0xDAD6,0xD294,0xD6B5,0xD6B5,0xD6B5,0xD6B5,
  0xD6B5,0xD6B5,0xD6B5,0xD6B5,0xD6B5,0xD6B5,0xD6B5,0xD6B5,0xD6B5,0xD6B5,0xD6B5,0xD6B5,0xDAD6,0xC210,0x8000,0x8000,
  0x8000,0x8000,0x8000,0x8000,0x8000,0x8000,0x8000,0x8000,0x8000,0x8000,0x8000,0xA108,0xDEF7,0xD6B5,0xDAD6,0xDAD6,
  0xDAD6,0xDAD6,0xDAD6,0xDAD6,0xDAD6,0xDAD6,0xDAD6,0xDAD6,0xDAD6,0xDAD6,0xDAF7,0x9084,0x8000,0x8000,0x8000,0x8000,
  0x8000,0x8000,0x8000,0x8000,0x8000,0x8000,0x8000,0x8000,0x8000,0x8000,0x8000,0x8000,0x8000,0x8000,0x8000,0x8000,
  0x8000,0x8000,0x8000,0x8000,0x8000,0x8000,0x8000,0x8000,0x8000,0x8000,0x8000,0x8000,0x8000,0xCE73,0xE318,0xDEF7,
  0xDEF7,0xDEF7,0xDEF7,0xDEF7,0xDEF7,0xDEF7,0xDEF7,0xDEF7,0xDEF7,0xE318,0xDEF7,0xE318,0xD294,0x8000,0x8000,0x8000,
  0x8000,0x8000,0x8000,0x8000,0x8000,0x8000,0x8000,0x8000,0x8000,0x8000,0x8000,0x8000,0x8000,0x8000,0x8000,0x8000,
  0x8000,0x8000,0x8000,0x8000,0x8000,0x8000,0x8000,0x8000,0x8000,0x8000,0x8000,0x8000,0xA108,0xEB5A,0xE318,0xE739,
  0xE739,0xE739,0xE739,0xE739,0xE739,0xE739,0xE739,0xE739,0xE739,0xE739,0xE739,0xEF7B,0xC210,0x8000,0x8000,0x8000,
  0x8000,0x8000,0x8000,0x8000,0x8000,0x8000,0x8000,0x8000,0x8000,0x8000,0x8000,0x8000,0x8000,0x8000,0x8000,0x8000,
  0x8000,0x8000,0x8000,0x8000,0x8000,0x8000,0x8000,0x8000,0x8000,0x8000,0x8000,0x8000,0x8000,0x8000,0xA108,0xEF9C,
  0xEB5A,0xEB5A,0xEB5A,0xEB5A,0xEB5A,0xEB5A,0xEB5A,0xEB5A,0xEF7B,0xDEF7,0x8000,0x8000,0x8000,0x8000,0x8000,0x8000,
  0x8000,0x8000,0x8000,0x8000,0x8000,0x8000,0x8000,0x8000,0x8000,0x8000,0x8000,0x8000,0x8000,0x8000,0x8000,0x8000,
  0x8000,0x8000,0x8000,0x8000,0x8000,0x8000,0x8000,0x8000,0x8000,0x9084,0xF39C,0xEF7B,0xEF7B,0xEF7B,0xFBDE,0xB9CE,
  0x8000,0x8000,0x8000,0x8000,0x8000,0x8000,0x8000,0x8000,0x8000,0x8000,0x8000,0x8000,0x8000,0x8000,0x8000,0x8000,
  0x8000,0x8000,0x8000,0x8000,0x8000,0x8000,0x8000,0x8000,0x8000,0x8000,0x8000,0x8000,0x8000,0x8000,0x8000,0xC210,
  0xFFFF,0xF39C,0xF7BD,0xF7BD,0xF7BD,0xF7BD,0xF7BD,0xF7BD,0xFBDD,0x98C6,0x8000,0x8000,0x8000,0x8000,0x8000,0x8000,
  0x8000,0x8000,0x8000,0x8000,0x8000,0x8000,0x8000,0x8000,0x8000,0x8000,0x8000,0x8000,0x8000,0x8000,0x8000,0x8000,
  0x8000,0x8000,0x8000,0x8000,0x8000,0x8000,0x8000,0x8000,0x8000,0x8000,0x8000,0xA529,0xFFFF,0xF7BD,0xFFFF,0xFFFF,
  0x0000,0x0000,0x0000,0x0000,0x0000,0x0000,0x0000,0x0000,0x0000,0x0000,0x0000,0x0000,0x0000,0x0000,0x0000,0x0000,
  0x0000,0x0000,0x0000,0x0000,0x0000,0x0000,0x0000,0x0000,0x0000,0x0000,0x0000,0x0000,0x0000,0x0000,0x0000,0x0000,
  0x0000,0x0000,0x0000,0x0000,0x0000,0x0000,0x0000,0x0000,0x0000,0x0000,0x0000,0x0000,0x0000,0x0000,0x0000,0x0000,
  0x0000,0x0000,0x0000,0x0000,0x0000,0x0000,0x0000,0x0000,0x0000,0x0000,0x0000,0x0000,0x0000,0x0000,0x0000,0x0000,
  0x0000,0x0000,0x0000,0x0000,0x0000,0x0000,0x0000,0x0000,0x0000,0x0000,0x0000,0x0000,0x0000,0x0000,0x0000,0x0000,
  0x0000,0x0000,0x0000,0x0000,0x0000,0x0000,0x0000,0x0000,0x0000,0x0000,0x0000,0x0000,0x0000,0x0000,0x0000,0x0000,
  0x0000,0x0000,0x0000,0x0000,0x0000,0x0000,0x0000,0x0000,0x0000,0x0000,0x0000,0x0000,0x0000,0x0000,0x0000,0x0000,
  0x0000,0x0000,0x0000,0x0000,0x0000,0x0000,0x0000,0x0000,0x0000,0x0000,0x0000,0x0000,0x0000,0x0000,0x0000,0x0000,
  0xF35B,0xEEF8,0xEAD7,0xEAD7,0xEAD7,0xEAD7,0xEAD7,0xEAD7,0xEAD7,0xEAD7,0xEED7,0xF2F8,0xF319,0xF319,0xEEF8,0xEAD7,
  0xEAD7,0xEAD7,0xEAD7,0xEAD7,0xEAD7,0xEAD7,0xEAD7,0xEAD7,0xEAD7,0xEAD7,0xEAD7,0xEAD7,0xEAD7,0xEAD7,0xEAD7,0xEAD7,
  0xEAD7,0xEAD7,0xEAD7,0xEAD7,0xEAD7,0xEAD7,0xEEF8,0xF319,0xEAD7,0xD232,0xB98C,0xA508,0x98A5,0x9084,0x9063,0x9064,
  0x98A5,0xA4E8,0xB98C,0xD632,0xEAD7,0xF319,0xEAD7,0xEAD7,0xEAD7,0xEAD7,0xF319,0xC1CE,0x8000,0x8000,0x8000,0x8000,
  0x8000,0x8000,0x8000,0x8000,0x8000,0x8000,0x8000,0x8000,0x8000,0xB18C,0xDAD6,0xD294,0xD6B5,0xD6B5,0xD6B5,0xD6B5,
  0xD6B5,0xD6B5,0xD6B5,0xD6B5,0xD6B5,0xD6B5,0xD6B5,0xD6B5,0xD6B5,0xD6B5,0xD6B5,0xD6B5,0xDAD6,0x94A5,0x8000,0x8000,
  0x8000,0x8000,0x8000,0x8000,0x8000,0x8000,0x8000,0x8000,0x8000,0x8000,0x8000,0xB5CE,0xDEF7,0xD6B5,0xDAD6,0xDAD6,
  0xDAD6,0xDAD6,0xDAD6,0xDAD6,0xDAD6,0xDAD6,0xDAD6,0xDAD6,0xDAD6,0xE318,0xB9CE,0x8000,0x8000,0x8000,0x8000,0x8000,
  0x8000,0x8000,0x8000,0x8000,0x8000,0x8000,0x8000,0x8000,0x8000,0x8000,0x8842,0x9084,0x94A5,0x9084,0x8421,0x8000,
  0x8000,0x8000,0x8000,0x8000,0x8000,0x8000,0x8000,0x8000,0x8000,0x8000,0x8000,0x8000,0x8000,0x9CC7,0xE318,0xDEF7,
  0xDEF7,0xDEF7,0xDEF7,0xDEF7,0xDEF7,0xDEF7,0xDEF7,0xDEF7,0xDEF7,0xDF18,0xDEF7,0xE739,0xA529,0x8000,0x8000,0x8000,
  0x8000,0x8000,0x8000,0x8000,0x8000,0x8000,0x8000,0x8000,0x8000,0x8000,0x8000,0x8421,0x9084,0x94A5,0x9084,0x8842,
  0x8000,0x8000,0x8000,0x8000,0x8000,0x8000,0x8000,0x8000,0x8000,0x8000,0x8000,0x8000,0x8000,0xCE73,0xEB5A,0xE318,
  0xE739,0xE739,0xE739,0xE739,0xE739,0xE739,0xE739,0xE739,0xE739,0xE739,0xE739,0xE739,0x8C63,0x8000,0x8000,0x8000,
  0x8000,0x8000,0x8000,0x8000,0x8000,0x8000,0x8000,0x8000,0x8000,0x8000,0x8000,0x8421,0x9084,0x94A5,0x94A5,0x8C63,
  0x8000,0x8000,0x8000,0x8000,0x8000,0x8000,0x8000,0x8000,0x8000,0x8000,0x8000,0x8000,0x8000,0x8000,0x8000,0xD6B5,
  0xEF7B,0xEB5A,0xEB5A,0xEB5A,0xEB5A,0xEB5A,0xEB5A,0xEB5A,0xEF7B,0xE318,0x98C6,0x98C6,0x98C6,0x98C6,0x98C6,0x98C6,
  0x98C6,0x8842,0x8000,0x8000,0x8000,0x8000,0x8000,0x8000,0x8000,0x8000,0x8000,0x8000,0x8000,0x8000,0x8C63,0x98C7,
  0x98C6,0x98C6,0x98C6,0x98C6,0x98C6,0x98C6,0x98C6,0x98C6,0x98C6,0xAD6B,0xF39C,0xEF7B,0xEF7B,0xEF7B,0xF7BD,0xCA52,
  0x98C6,0x9CE7,0x98C6,0x98C6,0x98C6,0x98C6,0x98C6,0x8000,0x8000,0x8000,0x8000,0x8000,0x8000,0x8000,0x8000,0x8000,
  0x8000,0x8000,0x8000,0x8000,0x98C6,0x9CC6,0x98C6,0x98C6,0x98C6,0x98C6,0x98C6,0x98C6,0x98C6,0x9CE7,0x98C6,0xCE73,
  0xFBDE,0xF39C,0xF7BD,0xF7BD,0xF7BD,0xF7BD,0xF39C,0xFBDE,0xD294,0x8000,0x8000,0x8000,0x8000,0x8000,0x8000,0x8000,
  0x8000,0x8000,0x8000,0x8000,0x8000,0x8000,0x8000,0x8000,0x8421,0x8C63,0x9084,0x8842,0x8000,0x8000,0x8000,0x8000,
  0x8000,0x8000,0x8000,0x8000,0x8000,0x8000,0x8000,0x8000,0x8000,0x8000,0x8000,0x8000,0xE318,0xFFFF,0xFFFF,0xFFFF,
  0x0000,0x0000,0x0000,0x0000,0x0000,0x0000,0x0000,0x0000,0x0000,0x0000,0x0000,0x0000,0x0000,0x0000,0x0000,0x0000,
  0x0000,0x0000,0x0000,0x0000,0x0000,0x0000,0x0000,0x0000,0x0000,0x0000,0x0000,0x0000,0x0000,0x0000,0x0000,0x0000,
  0x0000,0x0000,0x0000,0x0000,0x0000,0x0000,0x0000,0x0000,0x0000,0x0000,0x0000,0x0000,0x0000,0x0000,0x0000,0x0000,
  0x0000,0x0000,0x0000,0x0000,0x0000,0x0000,0x0000,0x0000,0x0000,0x0000,0x0000,0x0000,0x0000,0x0000,0x0000,0x0000,
  0x0000,0x0000,0x0000,0x0000,0x0000,0x0000,0x0000,0x0000,0x0000,0x0000,0x0000,0x0000,0x0000,0x0000,0x0000,0x0000,
  0x0000,0x0000,0x0000,0x0000,0x0000,0x0000,0x0000,0x0000,0x0000,0x0000,0x0000,0x0000,0x0000,0x0000,0x0000,0x0000,
  0x0000,0x0000,0x0000,0x0000,0x0000,0x0000,0x0000,0x0000,0x0000,0x0000,0x0000,0x0000,0x0000,0x0000,0x0000,0x0000,
  0x0000,0x0000,0x0000,0x0000,0x0000,0x0000,0x0000,0x0000,0x0000,0x0000,0x0000,0x0000,0x0000,0x0000,0x0000,0x0000,
  0xF35A,0xEEF8,0xEAD7,0xEAD7,0xEAD7,0xEAD7,0xEAD7,0xEAD7,0xF2F8,0xF319,0xE6B6,0xD632,0xBD8D,0xA909,0x98A5,0x9484,
  0xE295,0xEEF8,0xEAD7,0xEAD7,0xEAD7,0xEAD7,0xEAD7,0xEAD7,0xEAD7,0xEAD7,0xEAD7,0xEAD7,0xEAD7,0xEAD7,0xEAD7,0xEAD7,
  0xEAD7,0xEAD7,0xEAD7,0xEAD7,0xEED7,0xF319,0xDE74,0xB14B,0x8C63,0x8000,0x8000,0x8000,0x8000,0x8000,0x8000,0x8000,
  0x8000,0x8000,0x8000,0x8000,0x9484,0xC1AE,0xEAD7,0xF2F8,0xEAD7,0xEAD7,0xF319,0xC1CE,0x8000,0x8000,0x8000,0x8000,
  0x8000,0x8000,0x8000,0x8000,0x8000,0x8000,0x8000,0x8000,0x8000,0xB18C,0xDAD6,0xD294,0xD6B5,0xD6B5,0xD6B5,0xD6B5,
  0xD6B5,0xD6B5,0xD6B5,0xD6B5,0xD6B5,0xD6B5,0xD6B5,0xD6B5,0xD6B5,0xD6B5,0xD6B5,0xDEF7,0xB5AD,0x8000,0x8000,0x8000,
  0x8000,0x8000,0x8000,0x8000,0x8000,0x8000,0x8000,0x8000,0x8000,0x8000,0x8000,0xCE73,0xDAD6,0xDAD6,0xDAD6,0xDAD6,
  0xDAD6,0xDAD6,0xDAD6,0xDAD6,0xDAD6,0xDAD6,0xDAD6,0xDAD6,0xDAD6,0xDEF7,0x9084,0x8000,0x8000,0x8000,0x8000,0x8000,
  0x8000,0x8000,0x8000,0x8000,0x8000,0x8000,0x8000,0x8000,0xA529,0xCA52,0xDAD6,0xDEF7,0xDEF7,0xDEF7,0xD6B5,0xB9CE,
  0x8842,0x8000,0x8000,0x8000,0x8000,0x8000,0x8000,0x8000,0x8000,0x8000,0x8000,0x8000,0x8000,0x8000,0xCE73,0xE318,
  0xDEF7,0xDEF7,0xDEF7,0xDEF7,0xDEF7,0xDEF7,0xDEF7,0xDEF7,0xDEF7,0xDEF7,0xE318,0xDAD6,0x8421,0x8000,0x8000,0x8000,
  0x8000,0x8000,0x8000,0x8000,0x8000,0x8000,0x8000,0x8000,0x8000,0x8842,0xB9CE,0xDAD6,0xE318,0xE739,0xE739,0xDEF7,
  0xCA52,0x9CE7,0x8000,0x8000,0x8000,0x8000,0x8000,0x8000,0x8000,0x8000,0x8000,0x8000,0x8000,0x9CE7,0xEB5A,0xE318,
  0xE739,0xE739,0xE739,0xE739,0xE739,0xE739,0xE739,0xE739,0xE739,0xE739,0xEF7B,0xC631,0x8000,0x8000,0x8000,0x8000,
  0x8000,0x8000,0x8000,0x8000,0x8000,0x8000,0x8000,0x8000,0x8000,0x9084,0xC631,0xDEF7,0xEB5A,0xEB5A,0xEB5A,0xE739,
  0xDAD6,0xB5AD,0x8000,0x8000,0x8000,0x8000,0x8000,0x8000,0x8000,0x8000,0x8000,0x8000,0x8000,0x8000,0x8000,0xAD6B,
  0xF39C,0xEB5A,0xEB5A,0xEB5A,0xEB5A,0xEB5A,0xEB5A,0xEB5A,0xEB5A,0xEF5A,0xEF7B,0xEF7B,0xEF7B,0xEF7B,0xEF7B,0xEF7B,
  0xF7BD,0xA94A,0x8000,0x8000,0x8000,0x8000,0x8000,0x8000,0x8000,0x8000,0x8000,0x8000,0x8000,0x8000,0xBDEF,0xFBDE,
  0xF39C,0xF39C,0xF39C,0xF39C,0xF39C,0xF39C,0xF39C,0xF39C,0xF39C,0xF39C,0xEF7B,0xEF7B,0xEF7B,0xEF7B,0xEF7B,0xF39C,
  0xF39C,0xF79D,0xF7BD,0xF7BD,0xF39C,0xF7BD,0xEB5A,0x8421,0x8000,0x8000,0x8000,0x8000,0x8000,0x8000,0x8000,0x8000,
  0x8000,0x8000,0x8000,0x8421,0xEB5A,0xFBDE,0xF7BD,0xF7BD,0xF7BD,0xF7BD,0xF7BD,0xF7BD,0xF7BD,0xF7BD,0xF7BD,0xF7BD,
  0xF39C,0xF39D,0xF7BD,0xF7BD,0xF7BD,0xF7BD,0xF39C,0xF7BD,0x98C6,0x8000,0x8000,0x8000,0x8000,0x8000,0x8000,0x8000,
  0x8000,0x8000,0x8000,0x8000,0x8000,0x8000,0x9CE7,0xD294,0xEB5A,0xF39C,0xF7BD,0xF39C,0xE739,0xC210,0x8842,0x8000,
  0x8000,0x8000,0x8000,0x8000,0x8000,0x8000,0x8000,0x8000,0x8000,0x8000,0x8000,0x8000,0xB5AD,0xFFFF,0xFFFF,0xFFFF,
  0x0000,0x0000,0x0000,0x0000,0x0000,0x0000,0x0000,0x0000,0x0000,0x0000,0x0000,0x0000,0x0000,0x0000,0x0000,0x0000,
  0x0000,0x0000,0x0000,0x0000,0x0000,0x0000,0x0000,0x0000,0x0000,0x0000,0x0000,0x0000,0x0000,0x0000,0x0000,0x0000,
  0x0000,0x0000,0x0000,0x0000,0x0000,0x0000,0x0000,0x0000,0x0000,0x0000,0x0000,0x0000,0x0000,0x0000,0x0000,0x0000,
  0x0000,0x0000,0x0000,0x0000,0x0000,0x0000,0x0000,0x0000,0x0000,0x0000,0x0000,0x0000,0x0000,0x0000,0x0000,0x0000,
  0x0000,0x0000,0x0000,0x0000,0x0000,0x0000,0x0000,0x0000,0x0000,0x0000,0x0000,0x0000,0x0000,0x0000,0x0000,0x0000,
  0x0000,0x0000,0x0000,0x0000,0x0000,0x0000,0x0000,0x0000,0x0000,0x0000,0x0000,0x0000,0x0000,0x0000,0x0000,0x0000,
  0x0000,0x0000,0x0000,0x0000,0x0000,0x0000,0x0000,0x0000,0x0000,0x0000,0x0000,0x0000,0x0000,0x0000,0x0000,0x0000,
  0x0000,0x0000,0x0000,0x0000,0x0000,0x0000,0x0000,0x0000,0x0000,0x0000,0x0000,0x0000,0x0000,0x0000,0x0000,0x0000,
  0xF35A,0xEEF8,0xEAD7,0xEAD7,0xEAD7,0xEAD7,0xF2F8,0xEEF8,0xD231,0xA929,0x8C42,0x8000,0x8000,0x8000,0x8000,0x8000,
  0xC9F0,0xF2F8,0xEAD7,0xEAD7,0xEAD7,0xEAD7,0xEAD7,0xEAD7,0xEAD7,0xEAD7,0xEAD7,0xEAD7,0xEAD7,0xEAD7,0xEAD7,0xEAD7,
  0xEAD7,0xEAD7,0xEAD7,0xF2F8,0xE6B6,0xB14B,0x8401,0x8000,0x8000,0x8000,0x8000,0x8000,0x8000,0x8000,0x8000,0x8000,
  0x8000,0x8000,0x8000,0x8000,0x8000,0x8000,0x9484,0xD652,0xF2F9,0xE6B6,0xF319,0xC1AE,0x8000,0x8000,0x8000,0x8000,
  0x8000,0x8000,0x8000,0x8000,0x8000,0x8000,0x8000,0x8000,0x8000,0xB18C,0xDAD6,0xD294,0xD6B5,0xD6B5,0xD6B5,0xD6B5,
  0xD6B5,0xD6B5,0xD6B5,0xD6B5,0xD6B5,0xD6B5,0xD6B5,0xD6B5,0xD6B5,0xD6B5,0xDEF7,0xC210,0x8000,0x8000,0x8000,0x8000,
  0x8000,0x8000,0x8000,0x8000,0x8000,0x8000,0x8000,0x8000,0x8000,0x8000,0x94A5,0xDEF7,0xDAD6,0xDAD6,0xDAD6,0xDAD6,
  0xDAD6,0xDAD6,0xDAD6,0xDAD6,0xDAD6,0xDAD6,0xDAD6,0xDAD6,0xDEF7,0xC631,0x8000,0x8000,0x8000,0x8000,0x8000,0x8000,
  0x8000,0x8000,0x8000,0x8000,0x8000,0x8000,0x8000,0xB9CE,0xE739,0xDEF7,0xDEF7,0xDEF7,0xDEF7,0xDEF7,0xDEF7,0xE739,
  0xD6B5,0x9084,0x8000,0x8000,0x8000,0x8000,0x8000,0x8000,0x8000,0x8000,0x8000,0x8000,0x8000,0x8000,0xA94A,0xE739,
  0xDEF7,0xDEF7,0xDEF7,0xDEF7,0xDEF7,0xDEF7,0xDEF7,0xDEF7,0xDEF7,0xDEF7,0xE739,0xC210,0x8000,0x8000,0x8000,0x8000,
  0x8000,0x8000,0x8000,0x8000,0x8000,0x8000,0x8000,0x8000,0x9084,0xD6B5,0xEB5A,0xE739,0xE318,0xE318,0xE318,0xE318,
  0xE759,0xEB5A,0xB5AD,0x8000,0x8000,0x8000,0x8000,0x8000,0x8000,0x8000,0x8000,0x8000,0x8000,0x8000,0xD294,0xEB5A,
  0xE318,0xE739,0xE739,0xE739,0xE739,0xE739,0xE739,0xE739,0xE739,0xE739,0xEB5A,0x9CE7,0x8000,0x8000,0x8000,0x8000,
  0x8000,0x8000,0x8000,0x8000,0x8000,0x8000,0x8000,0x8000,0x9CE7,0xE739,0xEF7B,0xEB5A,0xEB5A,0xE739,0xE739,0xEB5A,
  0xEB5A,0xF39C,0xCE73,0x8421,0x8000,0x8000,0x8000,0x8000,0x8000,0x8000,0x8000,0x8000,0x8000,0x8000,0x8000,0x8C63,
  0xEB5A,0xEB5A,0xEB5A,0xEB5A,0xEB5A,0xEB5A,0xEB5A,0xEB5A,0xEB5A,0xEB5A,0xEB5A,0xEB5A,0xEB5A,0xEB5A,0xEB5A,0xEB5A,
  0xF39C,0xA529,0x8000,0x8000,0x8000,0x8000,0x8000,0x8000,0x8000,0x8000,0x8000,0x8000,0x8000,0x8000,0xBDEF,0xF7BD,
  0xEB5A,0xEF7B,0xEF7B,0xEF7B,0xEF7B,0xEF7B,0xEF7B,0xEF7B,0xEF7B,0xEF7B,0xEF7B,0xEF7B,0xEF7B,0xEF7B,0xEF7B,0xEF7B,
  0xEF7B,0xEF7B,0xEF7B,0xEF7B,0xEF7B,0xF39C,0xE739,0x8421,0x8000,0x8000,0x8000,0x8000,0x8000,0x8000,0x8000,0x8000,
  0x8000,0x8000,0x8000,0x8421,0xE739,0xF7BD,0xF39C,0xF39C,0xF39C,0xF39C,0xF39C,0xF39C,0xF39C,0xF39C,0xF39C,0xF39C,
  0xF39C,0xF3BD,0xF7BD,0xF7BD,0xF7BD,0xF39C,0xFBDE,0xDEF7,0x8000,0x8000,0x8000,0x8000,0x8000,0x8000,0x8000,0x8000,
  0x8000,0x8000,0x8000,0x8000,0x8000,0xB9CE,0xFBDE,0xFFFF,0xFBDE,0xF7BD,0xF7BD,0xFBDE,0xFBDE,0xFFFF,0xEB5A,0x9084,
  0x8000,0x8000,0x8000,0x8000,0x8000,0x8000,0x8000,0x8000,0x8000,0x8000,0x8000,0x8000,0x8C63,0xF7BD,0xFFFF,0xFFFF,
  0x0000,0x0000,0x0000,0x0000,0x0000,0x0000,0x0000,0x0000,0x0000,0x0000,0x0000,0x0000,0x0000,0x0000,0x0000,0x0000,
  0x0000,0x0000,0x0000,0x0000,0x0000,0x0000,0x0000,0x0000,0x0000,0x0000,0x0000,0x0000,0x0000,0x0000,0x0000,0x0000,
  0x0000,0x0000,0x0000,0x0000,0x0000,0x0000,0x0000,0x0000,0x0000,0x0000,0x0000,0x0000,0x0000,0x0000,0x0000,0x0000,
  0x0000,0x0000,0x0000,0x0000,0x0000,0x0000,0x0000,0x0000,0x0000,0x0000,0x0000,0x0000,0x0000,0x0000,0x0000,0x0000,
  0x0000,0x0000,0x0000,0x0000,0x0000,0x0000,0x0000,0x0000,0x0000,0x0000,0x0000,0x0000,0x0000,0x0000,0x0000,0x0000,
  0x0000,0x0000,0x0000,0x0000,0x0000,0x0000,0x0000,0x0000,0x0000,0x0000,0x0000,0x0000,0x0000,0x0000,0x0000,0x0000,
  0x0000,0x0000,0x0000,0x0000,0x0000,0x0000,0x0000,0x0000,0x0000,0x0000,0x0000,0x0000,0x0000,0x0000,0x0000,0x0000,
  0x0000,0x0000,0x0000,0x0000,0x0000,0x0000,0x0000,0x0000,0x0000,0x0000,0x0000,0x0000,0x0000,0x0000,0x0000,0x0000,
  0xF35A,0xEEF8,0xEAD7,0xEAD7,0xEAD7,0xF2F8,0xD232,0x98A6,0x8000,0x8000,0x8000,0x8000,0x8000,0x8000,0x8000,0x8000,
  0xAD2A,0xF319,0xEAD7,0xEAD7,0xEAD7,0xEAD7,0xEAD7,0xEAD7,0xEAD7,0xEAD7,0xEAD7,0xEAD7,0xEAD7,0xEAD7,0xEAD7,0xEAD7,
  0xEAD7,0xEAD7,0xF2F9,0xD211,0x9063,0x8000,0x8000,0x8000,0x8000,0x8000,0x8000,0x8000,0x8000,0x8000,0x8000,0x8000,
  0x8000,0x8000,0x8000,0x8000,0x8000,0x8000,0x8000,0x8000,0xC5CF,0xF2F8,0xF2F8,0xC1AE,0x8000,0x8000,0x8000,0x8000,
  0x8000,0x8000,0x8000,0x8000,0x8000,0x8000,0x8000,0x8000,0x8000,0xB18C,0xDAD6,0xD294,0xD6B5,0xD6B5,0xD6B5,0xD6B5,
  0xD6B5,0xD6B5,0xD6B5,0xD6B5,0xD6B5,0xD6B5,0xD6B5,0xD6B5,0xDAD6,0xDAD6,0xB9CE,0x8000,0x8000,0x8000,0x8000,0x8000,
  0x8000,0x8000,0x8000,0x8000,0x8000,0x8000,0x8000,0x8000,0x8000,0x8000,0xB5AD,0xDEF7,0xD6B5,0xDAD6,0xDAD6,0xDAD6,
  0xDAD6,0xDAD6,0xDAD6,0xDAD6,0xDAD6,0xDAD6,0xDAD6,0xDAD6,0xE318,0xA94A,0x8000,0x8000,0x8000,0x8000,0x8000,0x8000,
  0x8000,0x8000,0x8000,0x8000,0x8000,0x8000,0xA529,0xE739,0xDAD6,0xDAD6,0xDEF6,0xDEF7,0xDEF7,0xDEF7,0xDEF7,0xDAD6,
  0xE318,0xCA52,0x8000,0x8000,0x8000,0x8000,0x8000,0x8000,0x8000,0x8000,0x8000,0x8000,0x8000,0x8000,0x8C63,0xDEF7,
  0xDEF7,0xDEF7,0xDEF7,0xDEF7,0xDEF7,0xDEF7,0xDEF7,0xDEF7,0xDEF7,0xDEF7,0xE739,0xA94A,0x8000,0x8000,0x8000,0x8000,
  0x8000,0x8000,0x8000,0x8000,0x8000,0x8000,0x8000,0x8421,0xD6B5,0xE739,0xDEF7,0xE318,0xE318,0xE318,0xE318,0xE318,
  0xE318,0xE318,0xEB5A,0xAD6B,0x8000,0x8000,0x8000,0x8000,0x8000,0x8000,0x8000,0x8000,0x8000,0x8000,0xAD6B,0xEB5A,
  0xE318,0xE739,0xE739,0xE739,0xE739,0xE739,0xE739,0xE739,0xE739,0xE73A,0xDEF7,0x8421,0x8000,0x8000,0x8000,0x8000,
  0x8000,0x8000,0x8000,0x8000,0x8000,0x8000,0x8000,0x8842,0xE318,0xEB5A,0xE739,0xE739,0xEB39,0xEB5A,0xEB5A,0xEB5A,
  0xE739,0xE739,0xF39C,0xB9CE,0x8000,0x8000,0x8000,0x8000,0x8000,0x8000,0x8000,0x8000,0x8000,0x8000,0x8000,0x8000,
  0xD294,0xEF7B,0xEB5A,0xEB5A,0xEB5A,0xEB5A,0xEB5A,0xEB5A,0xEB5A,0xEB5A,0xEB5A,0xEB5A,0xEB5A,0xEB5A,0xEF7A,0xEB5A,
  0xF39C,0xA94A,0x8000,0x8000,0x8000,0x8000,0x8000,0x8000,0x8000,0x8000,0x8000,0x8000,0x8000,0x8000,0xBDEF,0xF7BD,
  0xEF7B,0xEF7B,0xEF7B,0xEF7B,0xEF7B,0xEF7B,0xEF7B,0xEF7B,0xEF7B,0xEF7B,0xEF7B,0xEF7B,0xEF7B,0xEF7B,0xEF7B,0xEF7B,
  0xF39B,0xF39C,0xF39C,0xF39C,0xEF7B,0xF39C,0xEB5A,0x8421,0x8000,0x8000,0x8000,0x8000,0x8000,0x8000,0x8000,0x8000,
  0x8000,0x8000,0x8000,0x8421,0xE739,0xF7BD,0xF39C,0xF39C,0xF39C,0xF39C,0xF39C,0xF39C,0xF39C,0xF39C,0xF39C,0xF39C,
  0xF39C,0xF39C,0xF7BD,0xF7BD,0xF7BD,0xF39C,0xFFFF,0xB5AD,0x8000,0x8000,0x8000,0x8000,0x8000,0x8000,0x8000,0x8000,
  0x8000,0x8000,0x8000,0x8000,0xAD6B,0xFFFF,0xF7BD,0xF7BD,0xF7BD,0xF7BD,0xF7BD,0xF7BD,0xF7BD,0xF39C,0xFFFF,0xDEF7,
  0x8000,0x8000,0x8000,0x8000,0x8000,0x8000,0x8000,0x8000,0x8000,0x8000,0x8000,0x8000,0x8000,0xDEF7,0xFFFF,0xFFFF,
  0x0000,0x0000,0x0000,0x0000,0x0000,0x0000,0x0000,0x0000,0x0000,0x0000,0x0000,0x0000,0x0000,0x0000,0x0000,0x0000,
  0x0000,0x0000,0x0000,0x0000,0x0000,0x0000,0x0000,0x0000,0x0000,0x0000,0x0000,0x0000,0x0000,0x0000,0x0000,0x0000,
  0x0000,0x0000,0x0000,0x0000,0x0000,0x0000,0x0000,0x0000,0x0000,0x0000,0x0000,0x0000,0x0000,0x0000,0x0000,0x0000,
  0x0000,0x0000,0x0000,0x0000,0x0000,0x0000,0x0000,0x0000,0x0000,0x0000,0x0000,0x0000,0x0000,0x0000,0x0000,0x0000,
  0x0000,0x0000,0x0000,0x0000,0x0000,0x0000,0x0000,0x0000,0x0000,0x0000,0x0000,0x0000,0x0000,0x0000,0x0000,0x0000,
  0x0000,0x0000,0x0000,0x0000,0x0000,0x0000,0x0000,0x0000,0x0000,0x0000,0x0000,0x0000,0x0000,0x0000,0x0000,0x0000,
  0x0000,0x0000,0x0000,0x0000,0x0000,0x0000,0x0000,0x0000,0x0000,0x0000,0x0000,0x0000,0x0000,0x0000,0x0000,0x0000,
  0x0000,0x0000,0x0000,0x0000,0x0000,0x0000,0x0000,0x0000,0x0000,0x0000,0x0000,0x0000,0x0000,0x0000,0x0000,0x0000,
  0xF35A,0xEED7,0xEAD7,0xEAD7,0xEED7,0xB14B,0x8000,0x8000,0x8000,0x8000,0x8000,0x8000,0x8000,0x8000,0x8000,0x8000,
  0x9484,0xEAD7,0xEAD7,0xEAD7,0xEAD7,0xEAD7,0xEAD7,0xEAD7,0xEAD7,0xEAD7,0xEAD7,0xEAD7,0xEAD7,0xEAD7,0xEAD7,0xEAD7,
  0xEAD7,0xEEF8,0xB96C,0x8000,0x8000,0x8000,0x8000,0x8000,0x8000,0x8000,0x8000,0x8000,0x8000,0x8000,0x8000,0x8000,
  0x8000,0x8000,0x8000,0x8000,0x8000,0x8000,0x8000,0x8000,0x8000,0xC5CF,0xFB3A,0xC1AE,0x8000,0x8000,0x8000,0x8000,
  0x8000,0x8000,0x8000,0x8000,0x8000,0x8000,0x8000,0x8000,0x8000,0xB18C,0xDAD6,0xD294,0xD294,0xD294,0xD695,0xD695,
  0xD6B5,0xD6B5,0xD6B5,0xD6B5,0xD6B5,0xDAD6,0xDEF7,0xDAD6,0xC631,0x9CE7,0x8000,0x8000,0x8000,0x8000,0x8000,0x8000,
  0x8000,0x8000,0x8000,0x8000,0x8000,0x8000,0x8000,0x8000,0x8000,0x8842,0xD6B5,0xDAD6,0xDAD6,0xDAD6,0xDAD6,0xDAD6,
  0xDAD6,0xDAD6,0xDAD6,0xDAD6,0xDAD6,0xDAD6,0xDAD6,0xDAD6,0xDAD6,0x8C63,0x8000,0x8000,0x8000,0x8000,0x8000,0x8000,
  0x8000,0x8000,0x8000,0x8000,0x8000,0x8421,0xD294,0xDEF7,0xDAD6,0xDEF7,0xDEF7,0xDEF7,0xDEF7,0xDEF7,0xDEF7,0xDEF7,
  0xDAD6,0xE318,0x9CE7,0x8000,0x8000,0x8000,0x8000,0x8000,0x8000,0x8000,0x8000,0x8000,0x8000,0x8000,0x8000,0xCA52,
  0xE318,0xDEF7,0xDEF7,0xDEF7,0xDEF7,0xDEF7,0xDEF7,0xDEF7,0xDEF7,0xDEF7,0xE318,0x94A5,0x8000,0x8000,0x8000,0x8000,
  0x8000,0x8000,0x8000,0x8000,0x8000,0x8000,0x8000,0xB5AD,0xEB5A,0xDEF7,0xE318,0xE318,0xE318,0xE318,0xE318,0xE318,
  0xE318,0xE318,0xE318,0xE739,0x9084,0x8000,0x8000,0x8000,0x8000,0x8000,0x8000,0x8000,0x8000,0x8000,0x8C63,0xE739,
  0xE739,0xE739,0xE739,0xE739,0xE739,0xE739,0xE739,0xE739,0xE739,0xEB5A,0xC631,0x8000,0x8000,0x8000,0x8000,0x8000,
  0x8000,0x8000,0x8000,0x8000,0x8000,0x8000,0x8000,0xB18C,0xEF7B,0xE739,0xEB39,0xE739,0xEB39,0xEB5A,0xEB5A,0xEB5A,
  0xEB5A,0xEB5A,0xEB5A,0xE739,0x8842,0x8000,0x8000,0x8000,0x8000,0x8000,0x8000,0x8000,0x8000,0x8000,0x8000,0x8000,
  0xB9CE,0xF39C,0xEB5A,0xEB5A,0xEB5A,0xEB5A,0xEB5A,0xEB5A,0xEB5A,0xEB5A,0xEB5A,0xEB5A,0xEB5A,0xEB5A,0xEF7B,0xEB5A,
  0xF39C,0xA94A,0x8000,0x8000,0x8000,0x8000,0x8000,0x8000,0x8000,0x8000,0x8000,0x8000,0x8000,0x8000,0xBDEF,0xF7BD,
  0xEF7B,0xEF7B,0xEF7B,0xEF7B,0xEF7B,0xEF7B,0xEF7B,0xEF7B,0xEF7B,0xEF7B,0xEF7B,0xEF7B,0xEF7B,0xEF7B,0xEF7B,0xEF7B,
  0xF39C,0xF39C,0xF39C,0xF39C,0xF39B,0xF39C,0xEB5A,0x8421,0x8000,0x8000,0x8000,0x8000,0x8000,0x8000,0x8000,0x8000,
  0x8000,0x8000,0x8000,0x8421,0xE739,0xF7BD,0xF39C,0xF39C,0xF39C,0xF39C,0xF39C,0xF39C,0xF39C,0xF39C,0xF39C,0xF39C,
  0xF39C,0xF39C,0xF7BD,0xF7BD,0xF7BD,0xF7BD,0xF7BD,0x94A5,0x8000,0x8000,0x8000,0x8000,0x8000,0x8000,0x8000,0x8000,
  0x8000,0x8000,0x8000,0x8421,0xEF7B,0xFBDE,0xF7BD,0xF7BD,0xF7BD,0xF7BD,0xF7BD,0xF7BD,0xF7BD,0xF7BD,0xF7BD,0xFFFF,
  0xA529,0x8000,0x8000,0x8000,0x8000,0x8000,0x8000,0x8000,0x8000,0x8000,0x8000,0x8000,0x8000,0xBDEF,0xFFFF,0xFFFF,
  0x0000,0x0000,0x0000,0x0000,0x0000,0x0000,0x0000,0x0000,0x0000,0x0000,0x0000,0x0000,0x0000,0x0000,0x0000,0x0000,
  0x0000,0x0000,0x0000,0x0000,0x0000,0x0000,0x0000,0x0000,0x0000,0x0000,0x0000,0x0000,0x0000,0x0000,0x0000,0x0000,
  0x0000,0x0000,0x0000,0x0000,0x0000,0x0000,0x0000,0x0000,0x0000,0x0000,0x0000,0x0000,0x0000,0x0000,0x0000,0x0000,
  0x0000,0x0000,0x0000,0x0000,0x0000,0x0000,0x0000,0x0000,0x0000,0x0000,0x0000,0x0000,0x0000,0x0000,0x0000,0x0000,
  0x0000,0x0000,0x0000,0x0000,0x0000,0x0000,0x0000,0x0000,0x0000,0x0000,0x0000,0x0000,0x0000,0x0000,0x0000,0x0000,
  0x0000,0x0000,0x0000,0x0000,0x0000,0x0000,0x0000,0x0000,0x0000,0x0000,0x0000,0x0000,0x0000,0x0000,0x0000,0x0000,
  0x0000,0x0000,0x0000,0x0000,0x0000,0x0000,0x0000,0x0000,0x0000,0x0000,0x0000,0x0000,0x0000,0x0000,0x0000,0x0000,
  0x0000,0x0000,0x0000,0x0000,0x0000,0x0000,0x0000,0x0000,0x0000,0x0000,0x0000,0x0000,0x0000,0x0000,0x0000,0x0000,
  0xF35A,0xEAD7,0xEAD7,0xEED7,0xA0E7,0x8000,0x8000,0x8000,0x8000,0x8000,0x8000,0x8000,0x8000,0x8000,0x8000,0x8000,
  0x8000,0xDA74,0xEED7,0xEAD7,0xEAD7,0xEAD7,0xEAD7,0xEAD7,0xEAD7,0xEAD7,0xEAD7,0xEAD7,0xEAD7,0xEAD7,0xEAB6,0xEED7,
  0xEAD7,0xA4E8,0x8000,0x8000,0x8000,0x8000,0x8000,0x8000,0x8000,0x8000,0x8000,0x8000,0x8000,0x8000,0x8000,0x8000,
  0x8000,0x8000,0x8000,0x8000,0x8000,0x8000,0x8000,0x8000,0x8000,0x8000,0xE295,0xC5CF,0x8000,0x8000,0x8000,0x8000,
  0x8000,0x8000,0x8000,0x8000,0x8000,0x8000,0x8000,0x8000,0x8000,0xB1AD,0xE318,0xDAD6,0xDAD6,0xDAD6,0xDAD6,0xDAD6,
  0xDAD6,0xDAD6,0xDAD6,0xD6B5,0xCE73,0xC210,0xAD6B,0x9084,0x8000,0x8000,0x8000,0x8000,0x8000,0x8000,0x8000,0x8000,
  0x8000,0x8000,0x8000,0x8000,0x8000,0x8000,0x8000,0x8000,0x8000,0xB18C,0xDEF7,0xD6B5,0xDAD6,0xDAD6,0xDAD6,0xDAD6,
  0xDAD6,0xDAD6,0xDAD6,0xDAD6,0xDAD6,0xDAD6,0xDAD6,0xDEF7,0xCE73,0x8000,0x8000,0x8000,0x8000,0x8000,0x8000,0x8000,
  0x8000,0x8000,0x8000,0x8000,0x8000,0xA108,0xE318,0xDAD6,0xDEF7,0xDEF7,0xDEF7,0xDEF7,0xDEF7,0xDEF7,0xDEF7,0xDEF7,
  0xDAD7,0xE318,0xC210,0x8000,0x8000,0x8000,0x8000,0x8000,0x8000,0x8000,0x8000,0x8000,0x8000,0x8000,0x8000,0xB18C,
  0xE739,0xDEF7,0xDEF7,0xDEF7,0xDEF7,0xDEF7,0xDEF7,0xDEF7,0xDEF7,0xE318,0xDEF7,0x8842,0x8000,0x8000,0x8000,0x8000,
  0x8000,0x8000,0x8000,0x8000,0x8000,0x8000,0x8421,0xDAD6,0xE318,0xE318,0xE318,0xE318,0xE318,0xE318,0xE318,0xE318,
  0xE318,0xE318,0xE318,0xEB5A,0xC631,0x8000,0x8000,0x8000,0x8000,0x8000,0x8000,0x8000,0x8000,0x8000,0x8000,0xD294,
  0xEB5A,0xE318,0xE739,0xE739,0xE739,0xE739,0xE739,0xE739,0xE719,0xEF7B,0xAD6B,0x8000,0x8000,0x8000,0x8000,0x8000,
  0x8000,0x8000,0x8000,0x8000,0x8000,0x8000,0x8000,0xD6B5,0xEB5A,0xE739,0xE739,0xE739,0xE75A,0xEB5A,0xEB5A,0xEB5A,
  0xEB5A,0xEB5A,0xE739,0xEF7B,0xA529,0x8000,0x8000,0x8000,0x8000,0x8000,0x8000,0x8000,0x8000,0x8000,0x8000,0x8000,
  0xA529,0xF39C,0xEB5A,0xEB5A,0xEB5A,0xEB5A,0xEB5A,0xEB5A,0xEB5A,0xEB5A,0xEB5A,0xEB5A,0xEB5A,0xEB5A,0xEF7B,0xEB5A,
  0xF39C,0xA94A,0x8000,0x8000,0x8000,0x8000,0x8000,0x8000,0x8000,0x8000,0x8000,0x8000,0x8000,0x8000,0xBDEF,0xF7BD,
  0xEF7B,0xEF7B,0xEF7B,0xEF7B,0xEF7B,0xEF7B,0xEF7B,0xEF7B,0xEF7B,0xEF7B,0xEF7B,0xEF7B,0xEF7B,0xEF7B,0xEF7B,0xEF7B,
  0xF39C,0xF39C,0xF39C,0xF39C,0xF37B,0xF39C,0xEB5A,0x8421,0x8000,0x8000,0x8000,0x8000,0x8000,0x8000,0x8000,0x8000,
  0x8000,0x8000,0x8000,0x8421,0xE739,0xF7BD,0xF39C,0xF39C,0xF39C,0xF39C,0xF39C,0xF39C,0xF39C,0xF39C,0xF39C,0xF39C,
  0xF39C,0xF39C,0xF7BD,0xF7BD,0xF39C,0xFBDD,0xE739,0x8000,0x8000,0x8000,0x8000,0x8000,0x8000,0x8000,0x8000,0x8000,
  0x8000,0x8000,0x8000,0xAD6B,0xFFFF,0xF7BD,0xF7BD,0xF7BD,0xF7BD,0xF7BD,0xF7BD,0xF7BD,0xF7BD,0xF7BD,0xF7BD,0xFFFF,
  0xCE73,0x8000,0x8000,0x8000,0x8000,0x8000,0x8000,0x8000,0x8000,0x8000,0x8000,0x8000,0x8000,0xA529,0xFFFF,0xFFFF,
  0x0000,0x0000,0x0000,0x0000,0x0000,0x0000,0x0000,0x0000,0x0000,0x0000,0x0000,0x0000,0x0000,0x0000,0x0000,0x0000,
  0x0000,0x0000,0x0000,0x0000,0x0000,0x0000,0x0000,0x0000,0x0000,0x0000,0x0000,0x0000,0x0000,0x0000,0x0000,0x0000,
  0x0000,0x0000,0x0000,0x0000,0x0000,0x0000,0x0000,0x0000,0x0000,0x0000,0x0000,0x0000,0x0000,0x0000,0x0000,0x0000,
  0x0000,0x0000,0x0000,0x0000,0x0000,0x0000,0x0000,0x0000,0x0000,0x0000,0x0000,0x0000,0x0000,0x0000,0x0000,0x0000,
  0x0000,0x0000,0x0000,0x0000,0x0000,0x0000,0x0000,0x0000,0x0000,0x0000,0x0000,0x0000,0x0000,0x0000,0x0000,0x0000,
  0x0000,0x0000,0x0000,0x0000,0x0000,0x0000,0x0000,0x0000,0x0000,0x0000,0x0000,0x0000,0x0000,0x0000,0x0000,0x0000,
  0x0000,0x0000,0x0000,0x0000,0x0000,0x0000,0x0000,0x0000,0x0000,0x0000,0x0000,0x0000,0x0000,0x0000,0x0000,0x0000,
  0x0000,0x0000,0x0000,0x0000,0x0000,0x0000,0x0000,0x0000,0x0000,0x0000,0x0000,0x0000,0x0000,0x0000,0x0000,0x0000,
  0xF35A,0xEAD7,0xEEF8,0xA929,0x8000,0x8000,0x8000,0x8000,0x8000,0x8000,0x8000,0x8000,0x8000,0x8000,0x8000,0x8000,
  0x8000,0xC1AE,0xF2F8,0xEAB6,0xEAD7,0xEAD7,0xEAD7,0xEAD7,0xEAD7,0xEAD7,0xEAD7,0xEAD7,0xEAD7,0xEAB6,0xEED7,0xE6B6,
  0x98A6,0x8000,0x8000,0x8000,0x8000,0x8000,0x8000,0x8000,0x8000,0x8000,0x8000,0x8000,0x8000,0x8000,0x8000,0x8000,
  0x8000,0x8000,0x8000,0x8000,0x8000,0x8000,0x8000,0x8000,0x8000,0x8000,0xA0E7,0xC5CF,0x8000,0x8000,0x8000,0x8000,
  0x8000,0x8000,0x8000,0x8000,0x8000,0x8000,0x8000,0x8000,0x8000,0x94A5,0xA529,0xA108,0xA108,0xA108,0xA108,0xA108,
  0xA108,0x98C6,0x94A5,0x8C63,0x8421,0x8000,0x8000,0x8000,0x8000,0x8000,0x8000,0x8000,0x8000,0x8000,0x8000,0x8000,
  0x8000,0x8000,0x8000,0x8000,0x8000,0x8000,0x8000,0x8000,0x8C63,0xDAD6,0xDAD6,0xDAD6,0xDAD6,0xDAD6,0xDAD6,0xDAD6,
  0xDAD6,0xDAD6,0xDAD6,0xDAD6,0xDAD6,0xDAD6,0xDAD6,0xE317,0xB9CE,0x8000,0x8000,0x8000,0x8000,0x8000,0x8000,0x8000,
  0x8000,0x8000,0x8000,0x8000,0x8000,0xB9CE,0xE318,0xDAD6,0xDEF7,0xDEF7,0xDEF7,0xDEF7,0xDEF7,0xDEF7,0xDEF7,0xDEF7,
  0xDEF7,0xDEF7,0xD6B5,0x8421,0x8000,0x8000,0x8000,0x8000,0x8000,0x8000,0x8000,0x8000,0x8000,0x8000,0x8000,0x9CE7,
  0xE318,0xDEF7,0xDEF7,0xDEF7,0xDEF7,0xDEF7,0xDEF7,0xDEF7,0xDEF7,0xE318,0xDAB6,0x8421,0x8000,0x8000,0x8000,0x8000,
  0x8000,0x8000,0x8000,0x8000,0x8000,0x8000,0x98C6,0xE739,0xE318,0xE318,0xE318,0xE318,0xE318,0xE318,0xE318,0xE318,
  0xE318,0xE318,0xE318,0xE318,0xE318,0x8C63,0x8000,0x8000,0x8000,0x8000,0x8000,0x8000,0x8000,0x8000,0x8000,0xBDEF,
  0xEB5A,0xE318,0xE739,0xE739,0xE739,0xE739,0xE739,0xE739,0xE739,0xEB5A,0x94A5,0x8000,0x8000,0x8000,0x8000,0x8000,
  0x8000,0x8000,0x8000,0x8000,0x8000,0x8000,0x8C63,0xE739,0xE739,0xE739,0xE739,0xE73A,0xEB5A,0xEB5A,0xEB5A,0xEB5A,
  0xEB5A,0xEB5A,0xE739,0xEF9B,0xBDEF,0x8000,0x8000,0x8000,0x8000,0x8000,0x8000,0x8000,0x8000,0x8000,0x8000,0x8000,
  0x90A4,0xEB5A,0xEB5A,0xEB5A,0xEB5A,0xEB5A,0xEB5A,0xEB5A,0xEB5A,0xEB5A,0xEB5A,0xEB5A,0xEB5A,0xEB5A,0xEF7B,0xEB5A,
  0xF39C,0xA94A,0x8000,0x8000,0x8000,0x8000,0x8000,0x8000,0x8000,0x8000,0x8000,0x8000,0x8000,0x8000,0xBDEF,0xF7BD,
  0xEF7B,0xEF7B,0xEF7B,0xEF7B,0xEF7B,0xEF7B,0xEF7B,0xEF7B,0xEF7B,0xEF7B,0xEF7B,0xEF7B,0xEF7B,0xEF7B,0xEF7B,0xEF7B,
  0xF39C,0xF39C,0xF39C,0xF39C,0xF37C,0xF39C,0xEB5A,0x8421,0x8000,0x8000,0x8000,0x8000,0x8000,0x8000,0x8000,0x8000,
  0x8000,0x8000,0x8000,0x8421,0xE739,0xF7BD,0xF39C,0xF39C,0xF39C,0xF39C,0xF39C,0xF39C,0xF39C,0xF39C,0xF39C,0xF39C,
  0xF39C,0xF39C,0xF7BD,0xF7BD,0xF39C,0xFBDE,0xCE73,0x8000,0x8000,0x8000,0x8000,0x8000,0x8000,0x8000,0x8000,0x8000,
  0x8000,0x8000,0x8000,0xCE73,0xFFFF,0xF7BD,0xF7BD,0xF7BD,0xF7BD,0xF7BD,0xF7BD,0xF7BD,0xF7BD,0xF7BD,0xF7BD,0xFBDE,
  0xE739,0x8000,0x8000,0x8000,0x8000,0x8000,0x8000,0x8000,0x8000,0x8000,0x8000,0x8000,0x8000,0x9084,0xFFFF,0xFFFF,
  0x0000,0x0000,0x0000,0x0000,0x0000,0x0000,0x0000,0x0000,0x0000,0x0000,0x0000,0x0000,0x0000,0x0000,0x0000,0x0000,
  0x0000,0x0000,0x0000,0x0000,0x0000,0x0000,0x0000,0x0000,0x0000,0x0000,0x0000,0x0000,0x0000,0x0000,0x0000,0x0000,
  0x0000,0x0000,0x0000,0x0000,0x0000,0x0000,0x0000,0x0000,0x0000,0x0000,0x0000,0x0000,0x0000,0x0000,0x0000,0x0000,
  0x0000,0x0000,0x0000,0x0000,0x0000,0x0000,0x0000,0x0000,0x0000,0x0000,0x0000,0x0000,0x0000,0x0000,0x0000,0x0000,
  0x0000,0x0000,0x0000,0x0000,0x0000,0x0000,0x0000,0x0000,0x0000,0x0000,0x0000,0x0000,0x0000,0x0000,0x0000,0x0000,
  0x0000,0x0000,0x0000,0x0000,0x0000,0x0000,0x0000,0x0000,0x0000,0x0000,0x0000,0x0000,0x0000,0x0000,0x0000,0x0000,
  0x0000,0x0000,0x0000,0x0000,0x0000,0x0000,0x0000,0x0000,0x0000,0x0000,0x0000,0x0000,0x0000,0x0000,0x0000,0x0000,
  0x0000,0x0000,0x0000,0x0000,0x0000,0x0000,0x0000,0x0000,0x0000,0x0000,0x0000,0x0000,0x0000,0x0000,0x0000,0x0000,
  0xF33A,0xF2F8,0xC9F0,0x8000,0x8000,0x8000,0x8000,0x8000,0x8000,0x8000,0x8000,0x8000,0x8000,0x8000,0x8000,0x8000,
  0x8000,0xA508,0xEEF8,0xEAB6,0xEAD7,0xEAB7,0xEAB7,0xEAD7,0xEAB7,0xEAB7,0xEAB7,0xEAD7,0xEAB6,0xEAD7,0xEAB6,0x98A5,
  0x8000,0x8000,0x8000,0x8000,0x8000,0x8000,0x8000,0x8000,0x8000,0x8000,0x8000,0x8000,0x8421,0x9063,0x9485,0x98A5,
  0x9484,0x8821,0x8000,0x8000,0x8000,0x8000,0x8000,0x8000,0x8000,0x8000,0x8000,0xA0E7,0x8000,0x8000,0x8000,0x8000,
  0x8000,0x8000,0x8000,0x8000,0x8000,0x8000,0x8000,0x8000,0x8000,0x8000,0x8000,0x8000,0x8000,0x8000,0x8000,0x8000,
  0x8000,0x8000,0x8000,0x8000,0x8000,0x8000,0x8000,0x8000,0x8000,0x8000,0x8000,0x8000,0x8000,0x8000,0x8000,0x8000,
  0x8000,0x8000,0x8000,0x8000,0x8000,0x8000,0x8000,0x8000,0xC631,0xDEF7,0xD6B5,0xDAD6,0xDAD6,0xDAD6,0xDAD6,0xDAD6,
  0xDAD6,0xDAD6,0xDAD6,0xDAD6,0xDAD6,0xDAD6,0xDAD6,0xE318,0xA94A,0x8000,0x8000,0x8000,0x8000,0x8000,0x8000,0x8000,
  0x8000,0x8000,0x8000,0x8000,0x8000,0xCE73,0xDEF7,0xDAD6,0xDEF7,0xDEF7,0xDEF7,0xDEF7,0xDEF7,0xDEF7,0xDEF7,0xDEF7,
  0xDEF7,0xDEF7,0xDEF7,0x94A5,0x8000,0x8000,0x8000,0x8000,0x8000,0x8000,0x8000,0x8000,0x8000,0x8000,0x8000,0x8C63,
  0xDEF7,0xDEF7,0xDEF7,0xDEF7,0xDEF7,0xDEF7,0xDEF7,0xDEF7,0xDEF7,0xE318,0xD6B5,0x8000,0x8000,0x8000,0x8000,0x8000,
  0x8000,0x8000,0x8000,0x8000,0x8000,0x8000,0xA108,0xE739,0xE318,0xE318,0xE318,0xE318,0xE318,0xE318,0xE318,0xE318,
  0xE318,0xE318,0xE318,0xE318,0xEB5A,0xAD6B,0x8000,0x8000,0x8000,0x8000,0x8000,0x8000,0x8000,0x8000,0x8000,0xA94A,
  0xEB5A,0xE318,0xE739,0xE739,0xE739,0xE739,0xE739,0xE739,0xE739,0xDEF7,0x8422,0x8000,0x8000,0x8000,0x8000,0x8000,
  0x8000,0x8000,0x8000,0x8000,0x8000,0x8000,0xA0E7,0xEF7B,0xE739,0xE739,0xE739,0xE739,0xEB5A,0xEB5A,0xEB5A,0xEB5A,
  0xEB5A,0xEB5A,0xE739,0xEF7B,0xCE73,0x8000,0x8000,0x8000,0x8000,0x8000,0x8000,0x8000,0x8000,0x8000,0x8000,0x8000,
  0x8421,0xE318,0xEF7B,0xEB5A,0xEB5A,0xEB5A,0xEB5A,0xEB5A,0xEB5A,0xEB5A,0xEB5A,0xEB5A,0xEB5A,0xEB5A,0xEF7B,0xEB5A,
  0xF39C,0xA94A,0x8000,0x8000,0x8000,0x8000,0x8000,0x8000,0x8000,0x8000,0x8000,0x8000,0x8000,0x8000,0xBDEF,0xF7BD,
  0xEF7B,0xEF7B,0xEF7B,0xEF7B,0xEF7B,0xEF7B,0xEF7B,0xEF7B,0xEF7B,0xEF7B,0xEF7B,0xEF7B,0xEF7B,0xEF7B,0xEF7B,0xEF7B,
  0xF39C,0xF39C,0xF39C,0xF39C,0xF39C,0xF39C,0xEB5A,0x8421,0x8000,0x8000,0x8000,0x8000,0x8000,0x8000,0x8000,0x8000,
  0x8000,0x8000,0x8000,0x8421,0xE739,0xF7BD,0xF39C,0xF39C,0xF39C,0xF39C,0xF39C,0xF39C,0xF39C,0xF39C,0xF39C,0xF39C,
  0xF39C,0xF39C,0xF7BD,0xF7BD,0xF39C,0xFFFF,0xB9CE,0x8000,0x8000,0x8000,0x8000,0x8000,0x8000,0x8000,0x8000,0x8000,
  0x8000,0x8000,0x8000,0xE739,0xFBDE,0xF7BD,0xF7BD,0xF7BD,0xF7BD,0xF7BD,0xF7BD,0xF7BD,0xF7BD,0xF7BD,0xF7BD,0xFBDE,
  0xF39C,0x8842,0x8000,0x8000,0x8000,0x8000,0x8000,0x8000,0x8000,0x8000,0x8000,0x8000,0x8000,0x8421,0xF39C,0xFFFF,
  0x0000,0x0000,0x0000,0x0000,0x0000,0x0000,0x0000,0x0000,0x0000,0x0000,0x0000,0x0000,0x0000,0x0000,0x0000,0x0000,
  0x0000,0x0000,0x0000,0x0000,0x0000,0x0000,0x0000,0x0000,0x0000,0x0000,0x0000,0x0000,0x0000,0x0000,0x0000,0x0000,
  0x0000,0x0000,0x0000,0x0000,0x0000,0x0000,0x0000,0x0000,0x0000,0x0000,0x0000,0x0000,0x0000,0x0000,0x0000,0x0000,
  0x0000,0x0000,0x0000,0x0000,0x0000,0x0000,0x0000,0x0000,0x0000,0x0000,0x0000,0x0000,0x0000,0x0000,0x0000,0x0000,
  0x0000,0x0000,0x0000,0x0000,0x0000,0x0000,0x0000,0x0000,0x0000,0x0000,0x0000,0x0000,0x0000,0x0000,0x0000,0x0000,
  0x0000,0x0000,0x0000,0x0000,0x0000,0x0000,0x0000,0x0000,0x0000,0x0000,0x0000,0x0000,0x0000,0x0000,0x0000,0x0000,
  0x0000,0x0000,0x0000,0x0000,0x0000,0x0000,0x0000,0x0000,0x0000,0x0000,0x0000,0x0000,0x0000,0x0000,0x0000,0x0000,
  0x0000,0x0000,0x0000,0x0000,0x0000,0x0000,0x0000,0x0000,0x0000,0x0000,0x0000,0x0000,0x0000,0x0000,0x0000,0x0000,
  0xF35A,0xEED7,0x9064,0x8000,0x8000,0x8000,0x8000,0x8000,0x8000,0x8000,0x8000,0x8000,0x8C42,0xA0E7,0xB56C,0xC5CF,
  0xD632,0xDE74,0xEAB7,0xEAB6,0xEAB6,0xEAB6,0xEAB6,0xEAB6,0xEAB6,0xEAB6,0xEAB6,0xEAB6,0xEAB6,0xEED7,0x9CC6,0x8000,
  0x8000,0x8000,0x8000,0x8000,0x8000,0x8000,0x8000,0x8000,0x8000,0x8000,0xA0E7,0xC9F0,0xDE74,0xEAB6,0xEAD7,0xEED7,
  0xEAD7,0xE295,0xCE10,0x9CC6,0x8000,0x8000,0x8000,0x8000,0x8000,0x8000,0x8000,0x8000,0x8000,0x8000,0x8000,0x8000,
  0x8000,0x8000,0x8000,0x8000,0x8000,0x8000,0x8000,0x8000,0x8000,0x8000,0x8000,0x8000,0x8000,0x8000,0x8000,0x8000,
  0x8000,0x8000,0x8000,0x8000,0x8000,0x8000,0x8000,0x8000,0x8000,0x8000,0x8000,0x8000,0x8000,0x8000,0x8000,0x8000,
  0x8000,0x8000,0x8000,0x8000,0x8000,0x8000,0x8000,0xB18C,0xDEF7,0xD6B5,0xDAD6,0xDAD6,0xDAD6,0xDAD6,0xDAD6,0xDAD6,
  0xDAD6,0xDAD6,0xDAD6,0xDAD6,0xDAD6,0xDAD6,0xDAD6,0xDEF7,0x98C6,0x8000,0x8000,0x8000,0x8000,0x8000,0x8000,0x8000,
  0x8000,0x8000,0x8000,0x8000,0x8421,0xD6B5,0xDEF7,0xDAD6,0xDEF7,0xDEF7,0xDEF7,0xDEF7,0xDEF7,0xDEF7,0xDEF7,0xDEF7,
  0xDEF7,0xDEF7,0xE318,0xA108,0x8000,0x8000,0x8000,0x8000,0x8000,0x8000,0x8000,0x8000,0x8000,0x8000,0x8000,0x8000,
  0xD294,0xE318,0xDEF7,0xDEF7,0xDEF7,0xDEF7,0xDEF7,0xDEF7,0xDEF7,0xE318,0xD294,0x8000,0x8000,0x8000,0x8000,0x8000,
  0x8000,0x8000,0x8000,0x8000,0x8000,0x8000,0xA509,0xE739,0xE318,0xE318,0xE318,0xE318,0xE318,0xE318,0xE318,0xE318,
  0xE318,0xE318,0xE318,0xE318,0xEB5A,0xCA52,0x8000,0x8000,0x8000,0x8000,0x8000,0x8000,0x8000,0x8000,0x8000,0x94A5,
  0xEB5A,0xE718,0xE739,0xE739,0xE739,0xE739,0xE739,0xE739,0xEB5A,0xD294,0x8000,0x8000,0x8000,0x8000,0x8000,0x8000,
  0x8000,0x8000,0x8000,0x8000,0x8000,0x8000,0xAD6B,0xEF7B,0xE739,0xE739,0xE739,0xE739,0xEB5A,0xEB5A,0xEB5A,0xEB5A,
  0xEB5A,0xEB5A,0xE73A,0xEF7B,0xDAD6,0x8000,0x8000,0x8000,0x8000,0x8000,0x8000,0x8000,0x8000,0x8000,0x8000,0x8000,
  0x8000,0xD6B5,0xEF7B,0xEB5A,0xEB5A,0xEB5A,0xEB5A,0xEB5A,0xEB5A,0xEB5A,0xEB5A,0xEB5A,0xEB5A,0xEB5A,0xEF5B,0xEB5A,
  0xF39C,0xA94A,0x8000,0x8000,0x8000,0x8000,0x8000,0x8000,0x8000,0x8000,0x8000,0x8000,0x8000,0x8000,0xBDEF,0xF7BD,
  0xEF7B,0xEF7B,0xEF7B,0xEF7B,0xEF7B,0xEF7B,0xEF7B,0xEF7B,0xEF7B,0xEF7B,0xEF7B,0xEF7B,0xEF7B,0xEF7B,0xEF7B,0xF37B,
  0xF39C,0xF39C,0xF39C,0xF39C,0xEF7B,0xF39C,0xEB5A,0x8421,0x8000,0x8000,0x8000,0x8000,0x8000,0x8000,0x8000,0x8000,
  0x8000,0x8000,0x8000,0x8421,0xE739,0xF7BD,0xF39C,0xF39C,0xF39C,0xF39C,0xF39C,0xF39C,0xF39C,0xF39C,0xF39C,0xF39C,
  0xF39C,0xF3BD,0xF7BD,0xF7BD,0xF39C,0xFBDE,0xA529,0x8000,0x8000,0x8000,0x8000,0x8000,0x8000,0x8000,0x8000,0x8000,
  0x8000,0x8000,0x8842,0xEF7B,0xF7BE,0xF7BD,0xF7BD,0xF7BD,0xF7BD,0xF7BD,0xF7BD,0xF7BD,0xF7BD,0xF7BD,0xF7BD,0xF7BD,
  0xF7BD,0x94A5,0x8000,0x8000,0x8000,0x8000,0x8000,0x8000,0x8000,0x8000,0x8000,0x8000,0x8000,0x8000,0xE739,0xFFFF,
  0x0000,0x0000,0x0000,0x0000,0x0000,0x0000,0x0000,0x0000,0x0000,0x0000,0x0000,0x0000,0x0000,0x0000,0x0000,0x0000,
  0x0000,0x0000,0x0000,0x0000,0x0000,0x0000,0x0000,0x0000,0x0000,0x0000,0x0000,0x0000,0x0000,0x0000,0x0000,0x0000,
  0x0000,0x0000,0x0000,0x0000,0x0000,0x0000,0x0000,0x0000,0x0000,0x0000,0x0000,0x0000,0x0000,0x0000,0x0000,0x0000,
  0x0000,0x0000,0x0000,0x0000,0x0000,0x0000,0x0000,0x0000,0x0000,0x0000,0x0000,0x0000,0x0000,0x0000,0x0000,0x0000,
  0x0000,0x0000,0x0000,0x0000,0x0000,0x0000,0x0000,0x0000,0x0000,0x0000,0x0000,0x0000,0x0000,0x0000,0x0000,0x0000,
  0x0000,0x0000,0x0000,0x0000,0x0000,0x0000,0x0000,0x0000,0x0000,0x0000,0x0000,0x0000,0x0000,0x0000,0x0000,0x0000,
  0x0000,0x0000,0x0000,0x0000,0x0000,0x0000,0x0000,0x0000,0x0000,0x0000,0x0000,0x0000,0x0000,0x0000,0x0000,0x0000,
  0x0000,0x0000,0x0000,0x0000,0x0000,0x0000,0x0000,0x0000,0x0000,0x0000,0x0000,0x0000,0x0000,0x0000,0x0000,0x0000,
  0xFB7C,0xD231,0x8000,0x8000,0x8000,0x8000,0x8000,0x8000,0x8000,0x8000,0x9CC6,0xCE10,0xE6B6,0xEED8,0xF2F8,0xEEF8,
  0xEED7,0xEED7,0xEAB6,0xEAB6,0xEAB6,0xEAB6,0xEAB6,0xEAB6,0xEAB6,0xEAB6,0xEAB6,0xEAB6,0xEEF8,0xA909,0x8000,0x8000,
  0x8000,0x8000,0x8000,0x8000,0x8000,0x8000,0x8000,0x8000,0x9063,0xD231,0xEEF8,0xEED8,0xEAD7,0xEAB6,0xEAB6,0xEAB6,
  0xEAB6,0xEAD7,0xEED8,0xEEF8,0xB14B,0x8000,0x8000,0x8000,0x8000,0x8000,0x8000,0x8000,0x8000,0x8000,0x8000,0x8000,
  0x8000,0x8000,0x8000,0x8000,0x8000,0x8000,0x8000,0x8000,0x8000,0x8000,0x8000,0x8000,0x8000,0x8000,0x8000,0x8000,
  0x8000,0x8000,0x8000,0x8000,0x8000,0x8000,0x8000,0x8000,0x8000,0x8000,0x8000,0x8000,0x8000,0x8000,0x8000,0x8000,
  0x8000,0x8000,0x8000,0x8000,0x8000,0x8000,0xAD6B,0xDEF7,0xD6B5,0xDAD6,0xDAD6,0xDAD6,0xDAD6,0xDAD6,0xDAD6,0xDAD6,
  0xDAD6,0xDAD6,0xDAD6,0xDAD6,0xDAD6,0xDAD6,0xDAD6,0xDAD6,0x8C63,0x8000,0x8000,0x8000,0x8000,0x8000,0x8000,0x8000,
  0x8000,0x8000,0x8000,0x8000,0x8842,0xDAD6,0xDEF7,0xDAD6,0xDEF7,0xDEF7,0xDEF7,0xDEF7,0xDEF7,0xDEF7,0xDEF7,0xDEF7,
  0xDEF7,0xDAD6,0xE318,0xA94A,0x8000,0x8000,0x8000,0x8000,0x8000,0x8000,0x8000,0x8000,0x8000,0x8000,0x8000,0x8000,
  0xC631,0xE739,0xDEF7,0xDEF7,0xDEF7,0xDEF7,0xDEF7,0xDEF7,0xDEF7,0xE318,0xD6B5,0x8000,0x8000,0x8000,0x8000,0x8000,
  0x8000,0x8000,0x8000,0x8000,0x8000,0x8000,0x98C6,0xE739,0xE318,0xE318,0xE318,0xE318,0xE318,0xE318,0xE318,0xE318,
  0xE318,0xE318,0xE318,0xE318,0xE739,0xDAD6,0x8421,0x8000,0x8000,0x8000,0x8000,0x8000,0x8000,0x8000,0x8000,0x9CE7,
  0xE739,0xE739,0xE739,0xE739,0xE739,0xE739,0xE739,0xE739,0xEB5A,0xC631,0x8000,0x8000,0x8000,0x8000,0x8000,0x8000,
  0x8000,0x8000,0x8000,0x8000,0x8000,0x8000,0xB9CE,0xEF7B,0xE739,0xE739,0xE739,0xE739,0xEB5A,0xEB5A,0xEB5A,0xEB5A,
  0xEB5A,0xEB5A,0xEB5A,0xEB5A,0xE318,0x8421,0x8000,0x8000,0x8000,0x8000,0x8000,0x8000,0x8000,0x8000,0x8000,0x8000,
  0x8000,0xCA52,0xF39C,0xEB5A,0xEB5A,0xEB5A,0xEB5A,0xEB5A,0xEB5A,0xEB5A,0xEB5A,0xEB5A,0xEB5A,0xEB5A,0xEF7B,0xEB5A,
  0xF39C,0xA94A,0x8000,0x8000,0x8000,0x8000,0x8000,0x8000,0x8000,0x8000,0x8000,0x8000,0x8000,0x8000,0xBDEF,0xF7BD,
  0xEF7B,0xEF7B,0xEF7B,0xEF7B,0xEF7B,0xEF7B,0xEF7B,0xEF7B,0xEF7B,0xEF7B,0xEF7B,0xEF7B,0xEF7B,0xEF7B,0xEF7B,0xEF7B,
  0xF39C,0xF39C,0xF39C,0xF39C,0xEF7B,0xF39C,0xEB5A,0x8421,0x8000,0x8000,0x8000,0x8000,0x8000,0x8000,0x8000,0x8000,
  0x8000,0x8000,0x8000,0x8421,0xE739,0xF7BD,0xF39C,0xF39C,0xF39C,0xF39C,0xF39C,0xF39C,0xF39C,0xF39C,0xF39C,0xF39C,
  0xF39C,0xF3BC,0xF7BD,0xF7BD,0xF39C,0xF7BD,0x98C6,0x8000,0x8000,0x8000,0x8000,0x8000,0x8000,0x8000,0x8000,0x8000,
  0x8000,0x8000,0x9084,0xF7BD,0xF7BD,0xF7BD,0xF7BD,0xF7BD,0xF7BD,0xF7BD,0xF7BD,0xF7BD,0xF7BD,0xF7BD,0xF7BD,0xF7BD,
  0xFFFF,0x9CE7,0x8000,0x8000,0x8000,0x8000,0x8000,0x8000,0x8000,0x8000,0x8000,0x8000,0x8000,0x8000,0xDEF7,0xFFFF,
  0x0000,0x0000,0x0000,0x0000,0x0000,0x0000,0x0000,0x0000,0x0000,0x0000,0x0000,0x0000,0x0000,0x0000,0x0000,0x0000,
  0x0000,0x0000,0x0000,0x0000,0x0000,0x0000,0x0000,0x0000,0x0000,0x0000,0x0000,0x0000,0x0000,0x0000,0x0000,0x0000,
  0x0000,0x0000,0x0000,0x0000,0x0000,0x0000,0x0000,0x0000,0x0000,0x0000,0x0000,0x0000,0x0000,0x0000,0x0000,0x0000,
  0x0000,0x0000,0x0000,0x0000,0x0000,0x0000,0x0000,0x0000,0x0000,0x0000,0x0000,0x0000,0x0000,0x0000,0x0000,0x0000,
  0x0000,0x0000,0x0000,0x0000,0x0000,0x0000,0x0000,0x0000,0x0000,0x0000,0x0000,0x0000,0x0000,0x0000,0x0000,0x0000,
  0x0000,0x0000,0x0000,0x0000,0x0000,0x0000,0x0000,0x0000,0x0000,0x0000,0x0000,0x0000,0x0000,0x0000,0x0000,0x0000,
  0x0000,0x0000,0x0000,0x0000,0x0000,0x0000,0x0000,0x0000,0x0000,0x0000,0x0000,0x0000,0x0000,0x0000,0x0000,0x0000,
  0x0000,0x0000,0x0000,0x0000,0x0000,0x0000,0x0000,0x0000,0x0000,0x0000,0x0000,0x0000,0x0000,0x0000,0x0000,0x0000,
  0xFB7C,0xB14A,0x8000,0x8000,0x8000,0x8000,0x8000,0x8000,0x8000,0xC1AE,0xEED8,0xEED7,0xEAB6,0xE6B6,0xE6B6,0xE6B6,
  0xEAB6,0xEAB6,0xEAB6,0xEAB6,0xEAB6,0xEAB6,0xEAB6,0xEAB6,0xEAB6,0xEAB6,0xE6B6,0xF2F8,0xB56B,0x8000,0x8000,0x8000,
  0x8000,0x8000,0x8000,0x8000,0x8000,0x8000,0x8000,0xA0C7,0xE6B6,0xEED8,0xE6B6,0xE6B6,0xEAB6,0xEAB6,0xEAB6,0xEAB6,
  0xEAB6,0xEAB6,0xE6B6,0xEAB6,0xF2F8,0x9CC6,0x8000,0x8000,0x8000,0x8000,0x8000,0x8000,0x8000,0x8000,0x8000,0x8000,
  0x8000,0x8000,0x8000,0x8000,0x8000,0x8000,0x8000,0x8000,0x8000,0x8000,0x8000,0x8000,0x8000,0x8000,0x8000,0x8000,
  0x8000,0x8000,0x8000,0x8000,0x8000,0x8000,0x8000,0x8000,0x8000,0x8000,0x8000,0x8000,0x8000,0x8000,0x8000,0x8000,
  0x8000,0x8000,0x8000,0x8000,0x8000,0xB5AD,0xDEF7,0xD6B5,0xDAD6,0xDAD6,0xDAD6,0xDAD6,0xDAD6,0xDAD6,0xDAD6,0xDAD6,
  0xDAD6,0xDAD6,0xDAD6,0xDAD6,0xDAD6,0xDAD6,0xDAD6,0xD294,0x8421,0x8000,0x8000,0x8000,0x8000,0x8000,0x8000,0x8000,
  0x8000,0x8000,0x8000,0x8000,0x9084,0xDEF7,0xDAF7,0xDAD6,0xDEF7,0xDEF7,0xDEF7,0xDEF7,0xDEF7,0xDEF7,0xDEF7,0xDEF7,
  0xDEF7,0xDAD6,0xE739,0xAD6B,0x8000,0x8000,0x8000,0x8000,0x8000,0x8000,0x8000,0x8000,0x8000,0x8000,0x8000,0x8000,
  0xB9CE,0xE739,0xDEF7,0xDEF7,0xDEF7,0xDEF7,0xDEF7,0xDEF7,0xDEF7,0xE318,0xD6B5,0x8421,0x8000,0x8000,0x8000,0x8000,
  0x8000,0x8000,0x8000,0x8000,0x8000,0x8000,0x8421,0xDAD6,0xE318,0xE318,0xE318,0xE318,0xE318,0xE318,0xE318,0xE318,
  0xE318,0xE318,0xE318,0xE318,0xE318,0xE739,0x94A5,0x8000,0x8000,0x8000,0x8000,0x8000,0x8C63,0xA94A,0xCE73,0xE318,
  0xE739,0xE739,0xE739,0xE739,0xE739,0xE739,0xE739,0xE318,0xEF7B,0xB9CE,0x8000,0x8000,0x8000,0x8000,0x8000,0x8000,
  0x8000,0x8000,0x8000,0x8000,0x8000,0x8000,0xC210,0xEF7B,0xE739,0xE739,0xE739,0xE739,0xEB39,0xEB5A,0xEB5A,0xEB5A,
  0xEB5A,0xEB5A,0xEB5A,0xEB5A,0xE739,0x8842,0x8000,0x8000,0x8000,0x8000,0x8000,0x8000,0x8000,0x8000,0x8000,0x8000,
  0x8000,0xBDEF,0xF39C,0xEB5A,0xEB5A,0xEB5A,0xEB5A,0xEB5A,0xEB5A,0xEB5A,0xEB5A,0xEB5A,0xEB5A,0xEB5A,0xEF7A,0xEB5A,
  0xF39C,0xA94A,0x8000,0x8000,0x8000,0x8000,0x8000,0x8000,0x8000,0x8000,0x8000,0x8000,0x8000,0x8000,0xBDEF,0xF7BD,
  0xEF7B,0xEF7B,0xEF7B,0xEF7B,0xEF7B,0xEF7B,0xEF7B,0xEF7B,0xEF7B,0xEF7B,0xEF7B,0xEF7B,0xEF7B,0xEF7B,0xEF7B,0xEF7B,
  0xF39C,0xF39C,0xF39C,0xF39C,0xF39B,0xF39C,0xEB5A,0x8421,0x8000,0x8000,0x8000,0x8000,0x8000,0x8000,0x8000,0x8000,
  0x8000,0x8000,0x8000,0x8421,0xE739,0xF7BD,0xF39C,0xF39C,0xF39C,0xF39C,0xF39C,0xF39C,0xF39C,0xF39C,0xF39C,0xF39C,
  0xF39C,0xF39C,0xF7BD,0xF39C,0xF7BD,0xF39C,0x9084,0x8000,0x8000,0x8000,0x8000,0x8000,0x8000,0x8000,0x8000,0x8000,
  0x8000,0x8000,0x94A5,0xF7BD,0xF7BD,0xF7BD,0xF7BD,0xF7BD,0xF7BD,0xF7BD,0xF7BD,0xF7BD,0xF7BD,0xF7BD,0xF7BD,0xF7BD,
  0xFFFF,0xA529,0x8000,0x8000,0x8000,0x8000,0x8000,0x8000,0x8000,0x8000,0x8000,0x8000,0x8000,0x8000,0xD6B5,0xFFFF,
  0x0000,0x0000,0x0000,0x0000,0x0000,0x0000,0x0000,0x0000,0x0000,0x0000,0x0000,0x0000,0x0000,0x0000,0x0000,0x0000,
  0x0000,0x0000,0x0000,0x0000,0x0000,0x0000,0x0000,0x0000,0x0000,0x0000,0x0000,0x0000,0x0000,0x0000,0x0000,0x0000,
  0x0000,0x0000,0x0000,0x0000,0x0000,0x0000,0x0000,0x0000,0x0000,0x0000,0x0000,0x0000,0x0000,0x0000,0x0000,0x0000,
  0x0000,0x0000,0x0000,0x0000,0x0000,0x0000,0x0000,0x0000,0x0000,0x0000,0x0000,0x0000,0x0000,0x0000,0x0000,0x0000,
  0x0000,0x0000,0x0000,0x0000,0x0000,0x0000,0x0000,0x0000,0x0000,0x0000,0x0000,0x0000,0x0000,0x0000,0x0000,0x0000,
  0x0000,0x0000,0x0000,0x0000,0x0000,0x0000,0x0000,0x0000,0x0000,0x0000,0x0000,0x0000,0x0000,0x0000,0x0000,0x0000,
  0x0000,0x0000,0x0000,0x0000,0x0000,0x0000,0x0000,0x0000,0x0000,0x0000,0x0000,0x0000,0x0000,0x0000,0x0000,0x0000,
  0x0000,0x0000,0x0000,0x0000,0x0000,0x0000,0x0000,0x0000,0x0000,0x0000,0x0000,0x0000,0x0000,0x0000,0x0000,0x0000,
  0xF75B,0x98A5,0x8000,0x8000,0x8000,0x8000,0x8000,0x8000,0xC1AE,0xF2F8,0xE6B6,0xE6B6,0xEAB6,0xEAB6,0xEAB6,0xEAB6,
  0xEAB6,0xEAB6,0xEAB6,0xEAB6,0xEAB6,0xEAB6,0xEAB6,0xEAB6,0xEAB6,0xE6B6,0xF2F8,0xC1AE,0x8000,0x8000,0x8000,0x8000,
  0x8000,0x8000,0x8000,0x8000,0x8000,0x8000,0xA909,0xEED7,0xEAB7,0xE6B6,0xEAB6,0xEAB6,0xEAB6,0xEAB6,0xEAB6,0xEAB6,
  0xEAB6,0xEAB6,0xEAB6,0xE6B6,0xEED7,0xD211,0x8000,0x8000,0x8000,0x8000,0x8000,0x8000,0x8000,0x8000,0x8000,0x8000,
  0x8000,0x8000,0x8000,0x8000,0x8000,0x8000,0x8000,0x8000,0x8000,0x8000,0x8000,0x8000,0x8000,0x8000,0x8000,0x8000,
  0x8000,0x8000,0x8000,0x8000,0x8000,0x8000,0x8000,0x8000,0x8000,0x8000,0x8000,0x8000,0x8000,0x8000,0x8000,0x8000,
  0x8000,0x8000,0x8000,0x94A5,0xCA52,0xDEF7,0xD6B5,0xDAD6,0xDAD6,0xDAD6,0xDAD6,0xDAD6,0xDAD6,0xDAD6,0xDAD6,0xDAD6,
  0xDAD6,0xDAD6,0xDAD6,0xDAD6,0xDAD6,0xDAD6,0xDEF7,0xCA52,0x8000,0x8000,0x8000,0x8000,0x8000,0x8000,0x8000,0x8000,
  0x8000,0x8000,0x8000,0x8000,0x94A5,0xDEF7,0xDAD6,0xDAD6,0xDEF7,0xDEF7,0xDEF7,0xDEF7,0xDEF7,0xDEF7,0xDEF7,0xDEF7,
  0xDEF7,0xDAD6,0xE318,0xB5AD,0x8000,0x8000,0x8000,0x8000,0x8000,0x8000,0x8000,0x8000,0x8000,0x8000,0x8000,0x8000,
  0xB18C,0xE739,0xDEF7,0xDEF7,0xDEF7,0xDEF7,0xDEF7,0xDEF7,0xDEF7,0xE318,0xDEF7,0x8842,0x8000,0x8000,0x8000,0x8000,
  0x8000,0x8000,0x8000,0x8000,0x8000,0x8000,0x8000,0xBDEF,0xEB5A,0xE318,0xE318,0xE318,0xE318,0xE318,0xE318,0xE318,
  0xE318,0xE318,0xE318,0xE318,0xE318,0xEB5A,0xA529,0x8000,0x8000,0x8421,0xA108,0xC631,0xE318,0xEB5A,0xEB5A,0xE739,
  0xE739,0xE739,0xE739,0xE739,0xE739,0xE739,0xE739,0xE318,0xEF7B,0xAD6B,0x8000,0x8000,0x8000,0x8000,0x8000,0x8000,
  0x8000,0x8000,0x8000,0x8000,0x8000,0x8000,0xCA52,0xEF7B,0xE739,0xE739,0xE739,0xE739,0xE75A,0xEB5A,0xEB5A,0xEB5A,
  0xEB5A,0xEB5A,0xEB5A,0xEB5A,0xE739,0x8C63,0x8000,0x8000,0x8000,0x8000,0x8000,0x8000,0x8000,0x8000,0x8000,0x8000,
  0x8000,0xB5AD,0xF39C,0xEB5A,0xEB5A,0xEB5A,0xEB5A,0xEB5A,0xEB5A,0xEB5A,0xEB5A,0xEB5A,0xEB5A,0xEB5A,0xEF7B,0xEB5A,
  0xF39C,0xA94A,0x8000,0x8000,0x8000,0x8000,0x8000,0x8000,0x8000,0x8000,0x8000,0x8000,0x8000,0x8000,0xBDEF,0xF7BD,
  0xEF7B,0xEF7B,0xEF7B,0xEF7B,0xEF7B,0xEF7B,0xEF7B,0xEF7B,0xEF7B,0xEF7B,0xEF7B,0xEF7B,0xEF7B,0xEF7B,0xEF7B,0xEF7B,
  0xF39C,0xF39C,0xF39C,0xF39C,0xF37B,0xF39C,0xEB5A,0x8421,0x8000,0x8000,0x8000,0x8000,0x8000,0x8000,0x8000,0x8000,
  0x8000,0x8000,0x8000,0x8421,0xE739,0xF7BD,0xF39C,0xF39C,0xF39C,0xF39C,0xF39C,0xF39C,0xF39C,0xF39C,0xF39C,0xF39C,
  0xF39C,0xF79C,0xF7BD,0xF39C,0xF7BD,0xEF7B,0x8842,0x8000,0x8000,0x8000,0x8000,0x8000,0x8000,0x8000,0x8000,0x8000,
  0x8000,0x8000,0x94A5,0xF7BD,0xF7BD,0xF7BD,0xF7BD,0xF7BD,0xF7BD,0xF7BD,0xF7BD,0xF7BD,0xF7BD,0xF7BD,0xF7BD,0xF7BD,
  0xFFFF,0xA94A,0x8000,0x8000,0x8000,0x8000,0x8000,0x8000,0x8000,0x8000,0x8000,0x8000,0x8000,0x8000,0xCE73,0xFFFF,
  0x0000,0x0000,0x0000,0x0000,0x0000,0x0000,0x0000,0x0000,0x0000,0x0000,0x0000,0x0000,0x0000,0x0000,0x0000,0x0000,
  0x0000,0x0000,0x0000,0x0000,0x0000,0x0000,0x0000,0x0000,0x0000,0x0000,0x0000,0x0000,0x0000,0x0000,0x0000,0x0000,
  0x0000,0x0000,0x0000,0x0000,0x0000,0x0000,0x0000,0x0000,0x0000,0x0000,0x0000,0x0000,0x0000,0x0000,0x0000,0x0000,
  0x0000,0x0000,0x0000,0x0000,0x0000,0x0000,0x0000,0x0000,0x0000,0x0000,0x0000,0x0000,0x0000,0x0000,0x0000,0x0000,
  0x0000,0x0000,0x0000,0x0000,0x0000,0x0000,0x0000,0x0000,0x0000,0x0000,0x0000,0x0000,0x0000,0x0000,0x0000,0x0000,
  0x0000,0x0000,0x0000,0x0000,0x0000,0x0000,0x0000,0x0000,0x0000,0x0000,0x0000,0x0000,0x0000,0x0000,0x0000,0x0000,
  0x0000,0x0000,0x0000,0x0000,0x0000,0x0000,0x0000,0x0000,0x0000,0x0000,0x0000,0x0000,0x0000,0x0000,0x0000,0x0000,
  0x0000,0x0000,0x0000,0x0000,0x0000,0x0000,0x0000,0x0000,0x0000,0x0000,0x0000,0x0000,0x0000,0x0000,0x0000,0x0000,
  0xEB18,0x8842,0x8000,0x8000,0x8000,0x8000,0x8000,0x9CC6,0xEED8,0xE6B6,0xEAB6,0xEAB6,0xEAB6,0xEAB6,0xEAB6,0xEAB6,
  0xEAB6,0xEAB6,0xEAB6,0xEAB6,0xEAB6,0xEAB6,0xEAB6,0xEAB6,0xE6B6,0xEED8,0xCDF0,0x8000,0x8000,0x8000,0x8000,0x8000,
  0x8000,0x8000,0x8000,0x8000,0x8000,0xAD29,0xEED7,0xEAB6,0xE6B6,0xEAB6,0xEAB6,0xEAB6,0xEAB6,0xEAB6,0xEAB6,0xEAB6,
  0xEAB6,0xEAB6,0xEAB6,0xEAB6,0xEAB6,0xE695,0x8842,0x8000,0x8000,0x8000,0x8000,0x8000,0x8000,0x8000,0x8000,0x8000,
  0x8000,0x8000,0x8000,0x8000,0x8000,0x8000,0x8000,0x8000,0x8000,0x8000,0x8000,0x8000,0x8000,0x8000,0x8000,0x8000,
  0x8000,0x8000,0x8000,0x8000,0x8000,0x8000,0x8000,0x8000,0x8000,0x8000,0x8000,0x8000,0x8000,0x8000,0x8000,0x8000,
  0x8000,0x98C6,0xBDEF,0xDAD6,0xDAD6,0xD6B5,0xDAD6,0xDAD6,0xDAD6,0xDAD6,0xDAD6,0xDAD6,0xDAD6,0xDAD6,0xDAD6,0xDAD6,
  0xDAD6,0xDAD6,0xDAD6,0xDAD6,0xDAD6,0xDAD6,0xDEF7,0xC631,0x8000,0x8000,0x8000,0x8000,0x8000,0x8000,0x8000,0x8000,
  0x8000,0x8000,0x8000,0x8000,0x98C6,0xDEF7,0xDAD6,0xDEF6,0xDEF7,0xDEF7,0xDEF7,0xDEF7,0xDEF7,0xDEF7,0xDEF7,0xDEF7,
  0xDEF7,0xDAD6,0xE318,0xB9CE,0x8000,0x8000,0x8000,0x8000,0x8000,0x8000,0x8000,0x8000,0x8000,0x8000,0x8000,0x8000,
  0xA94A,0xE739,0xDEF7,0xDEF7,0xDEF7,0xDEF7,0xDEF7,0xDEF7,0xDEF7,0xDEF7,0xE318,0x94A5,0x8000,0x8000,0x8000,0x8000,
  0x8000,0x8000,0x8000,0x8000,0x8000,0x8000,0x8000,0x8C63,0xE318,0xE318,0xE318,0xE318,0xE318,0xE318,0xE318,0xE318,
  0xE318,0xE318,0xE318,0xE318,0xE318,0xEB5A,0xB9CE,0x98C6,0xC210,0xDEF7,0xEB5A,0xEB5A,0xE739,0xE318,0xE318,0xE739,
  0xE739,0xE739,0xE739,0xE739,0xE739,0xE739,0xE739,0xE739,0xEB5A,0xA108,0x8000,0x8000,0x8000,0x8000,0x8000,0x8000,
  0x8000,0x8000,0x8000,0x8000,0x8000,0x8000,0xCE73,0xEF7B,0xE739,0xE739,0xE739,0xE739,0xEB5A,0xEB5A,0xEB5A,0xEB5A,
  0xEB5A,0xEB5A,0xEB5A,0xEB5A,0xEB5A,0x9084,0x8000,0x8000,0x8000,0x8000,0x8000,0x8000,0x8000,0x8000,0x8000,0x8000,
  0x8000,0xA94A,0xF39C,0xEB5A,0xEB5A,0xEB5A,0xEB5A,0xEB5A,0xEB5A,0xEB5A,0xEB5A,0xEB5A,0xEB5A,0xEB5A,0xEF7B,0xEB5A,
  0xF39C,0xA94A,0x8000,0x8000,0x8000,0x8000,0x8000,0x8000,0x8000,0x8000,0x8000,0x8000,0x8000,0x8000,0xBDEF,0xF7BD,
  0xEF7B,0xEF7B,0xEF7B,0xEF7B,0xEF7B,0xEF7B,0xEF7B,0xEF7B,0xEF7B,0xEF7B,0xEF7B,0xEF7B,0xEF7B,0xEF7B,0xEF7B,0xEF7B,
  0xF39C,0xF39C,0xF39C,0xF39C,0xF37C,0xF39C,0xEB5A,0x8421,0x8000,0x8000,0x8000,0x8000,0x8000,0x8000,0x8000,0x8000,
  0x8000,0x8000,0x8000,0x8421,0xE739,0xF7BD,0xF39C,0xF39C,0xF39C,0xF39C,0xF39C,0xF39C,0xF39C,0xF39C,0xF39C,0xF39C,
  0xF39C,0xF39C,0xF7BD,0xF39C,0xF7BD,0xEB5A,0x8421,0x8000,0x8000,0x8000,0x8000,0x8000,0x8000,0x8000,0x8000,0x8000,
  0x8000,0x8000,0x94A5,0xF7BD,0xF7BD,0xF7BD,0xF7BD,0xF7BD,0xF7BD,0xF7BD,0xF7BD,0xF7BD,0xF7BD,0xF7BD,0xF7BD,0xF7BD,
  0xFFFF,0xAD6A,0x8000,0x8000,0x8000,0x8000,0x8000,0x8000,0x8000,0x8000,0x8000,0x8000,0x8000,0x8000,0xCA52,0xFFFF,
  0x0000,0x0000,0x0000,0x0000,0x0000,0x0000,0x0000,0x0000,0x0000,0x0000,0x0000,0x0000,0x0000,0x0000,0x0000,0x0000,
  0x0000,0x0000,0x0000,0x0000,0x0000,0x0000,0x0000,0x0000,0x0000,0x0000,0x0000,0x0000,0x0000,0x0000,0x0000,0x0000,
  0x0000,0x0000,0x0000,0x0000,0x0000,0x0000,0x0000,0x0000,0x0000,0x0000,0x0000,0x0000,0x0000,0x0000,0x0000,0x0000,
  0x0000,0x0000,0x0000,0x0000,0x0000,0x0000,0x0000,0x0000,0x0000,0x0000,0x0000,0x0000,0x0000,0x0000,0x0000,0x0000,
  0x0000,0x0000,0x0000,0x0000,0x0000,0x0000,0x0000,0x0000,0x0000,0x0000,0x0000,0x0000,0x0000,0x0000,0x0000,0x0000,
  0x0000,0x0000,0x0000,0x0000,0x0000,0x0000,0x0000,0x0000,0x0000,0x0000,0x0000,0x0000,0x0000,0x0000,0x0000,0x0000,
  0x0000,0x0000,0x0000,0x0000,0x0000,0x0000,0x0000,0x0000,0x0000,0x0000,0x0000,0x0000,0x0000,0x0000,0x0000,0x0000,
  0x0000,0x0000,0x0000,0x0000,0x0000,0x0000,0x0000,0x0000,0x0000,0x0000,0x0000,0x0000,0x0000,0x0000,0x0000,0x0000,
  0xDEB6,0x8000,0x8000,0x8000,0x8000,0x8000,0x8000,0xC1AE,0xEED7,0xE6B6,0xEAB6,0xEAB6,0xEAB6,0xEAB6,0xEAB6,0xEAB6,
  0xEAB6,0xEAB6,0xEAB6,0xEAB6,0xEAB6,0xEAB6,0xEAB6,0xE696,0xEED7,0xD632,0x8421,0x8000,0x8000,0x8000,0x8000,0x8000,
  0x8000,0x8000,0x8000,0x8000,0xA908,0xEED7,0xE6B6,0xE6B6,0xEAB6,0xEAB6,0xEAB6,0xEAB6,0xEAB6,0xEAB6,0xEAB6,0xEAB6,
  0xEAB6,0xEAB6,0xEAB6,0xEAB6,0xE6B6,0xEAB6,0x9484,0x8000,0x8000,0x8000,0x8000,0x8000,0x8000,0x8000,0x8000,0x8000,
  0x8000,0x8000,0x8000,0x8000,0x8000,0x8000,0x8000,0x8000,0x8000,0x8000,0x8000,0x8000,0x8000,0x8000,0x8000,0x8000,
  0x8000,0x8000,0x8000,0x8000,0x8000,0x8000,0x8000,0x8000,0x8000,0x8000,0x8000,0x8000,0x8000,0x8000,0x8000,0x8000,
  0xA92A,0xDEF7,0xDAD6,0xD6B5,0xD6B5,0xDAD6,0xDAD6,0xDAD6,0xDAD6,0xDAD6,0xDAD6,0xDAD6,0xDAD6,0xDAD6,0xDAD6,0xDAD6,
  0xDAD6,0xDAD6,0xDAD6,0xDAD6,0xDAD6,0xDAD6,0xDEF7,0xBDEF,0x8000,0x8000,0x8000,0x8000,0x8000,0x8000,0x8000,0x8000,
  0x8000,0x8000,0x8000,0x8000,0x98C6,0xE318,0xDAD6,0xDEF6,0xDEF7,0xDEF7,0xDEF7,0xDEF7,0xDEF7,0xDEF7,0xDEF7,0xDEF7,
  0xDEF7,0xDAD6,0xE318,0xB9EE,0x8000,0x8000,0x8000,0x8000,0x8000,0x8000,0x8000,0x8000,0x8000,0x8000,0x8000,0x8000,
  0xA108,0xE739,0xDEF7,0xDEF7,0xDEF7,0xDEF7,0xDEF7,0xDEF7,0xDEF7,0xDEF7,0xE739,0xA529,0x8000,0x8000,0x8000,0x8000,
  0x8000,0x8000,0x8000,0x8000,0x8000,0x8000,0x8000,0x8000,0xA529,0xEB5A,0xE318,0xE318,0xE318,0xE318,0xE318,0xE318,
  0xE318,0xE318,0xE318,0xE318,0xE318,0xE318,0xE318,0xE739,0xEB5A,0xE739,0xE318,0xE318,0xE318,0xE739,0xE739,0xE739,
  0xE739,0xE739,0xE739,0xE739,0xE739,0xE739,0xE739,0xE739,0xEB5A,0x9CE7,0x8000,0x8000,0x8000,0x8000,0x8000,0x8000,
  0x8000,0x8000,0x8000,0x8000,0x8000,0x8000,0xD294,0xEF7A,0xE739,0xE739,0xE739,0xE73A,0xEB5A,0xEB5A,0xEB5A,0xEB5A,
  0xEB5A,0xEB5A,0xEB5A,0xEB5A,0xEB5A,0x9084,0x8000,0x8000,0x8000,0x8000,0x8000,0x8000,0x8000,0x8000,0x8000,0x8000,
  0x8000,0xA108,0xF39C,0xEB5A,0xEB5A,0xEB5A,0xEB5A,0xEB5A,0xEB5A,0xEB5A,0xEB5A,0xEB5A,0xEB5A,0xEB5A,0xEF7B,0xEB5A,
  0xF39C,0xA94A,0x8000,0x8000,0x8000,0x8000,0x8000,0x8000,0x8000,0x8000,0x8000,0x8000,0x8000,0x8000,0xBDEF,0xF7BD,
  0xEF7B,0xEF7B,0xEF7B,0xEF7B,0xEF7B,0xEF7B,0xEF7B,0xEF7B,0xEF7B,0xEF7B,0xEF7B,0xEF7B,0xEF7B,0xEF7B,0xEF7B,0xEF7B,
  0xF39C,0xF39C,0xF39C,0xF39C,0xEF7C,0xF39C,0xEB5A,0x8421,0x8000,0x8000,0x8000,0x8000,0x8000,0x8000,0x8000,0x8000,
  0x8000,0x8000,0x8000,0x8421,0xE739,0xF7BD,0xF39C,0xF39C,0xF39C,0xF39C,0xF39C,0xF39C,0xF39C,0xF39C,0xF39C,0xF39C,
  0xF39C,0xF39C,0xF7BD,0xF39C,0xF7BD,0xE739,0x8421,0x8000,0x8000,0x8000,0x8000,0x8000,0x8000,0x8000,0x8000,0x8000,
  0x8000,0x8000,0x8C63,0xF7BD,0xF7BD,0xF7BD,0xF7BD,0xF7BD,0xF7BD,0xF7BD,0xF7BD,0xF7BD,0xF7BD,0xF7BD,0xF7BD,0xF7BD,
  0xFFFF,0xAD6B,0x8000,0x8000,0x8000,0x8000,0x8000,0x8000,0x8000,0x8000,0x8000,0x8000,0x8000,0x8000,0xCA52,0xFFFF,
  0x0000,0x0000,0x0000,0x0000,0x0000,0x0000,0x0000,0x0000,0x0000,0x0000,0x0000,0x0000,0x0000,0x0000,0x0000,0x0000,
  0x0000,0x0000,0x0000,0x0000,0x0000,0x0000,0x0000,0x0000,0x0000,0x0000,0x0000,0x0000,0x0000,0x0000,0x0000,0x0000,
  0x0000,0x0000,0x0000,0x0000,0x0000,0x0000,0x0000,0x0000,0x0000,0x0000,0x0000,0x0000,0x0000,0x0000,0x0000,0x0000,
  0x0000,0x0000,0x0000,0x0000,0x0000,0x0000,0x0000,0x0000,0x0000,0x0000,0x0000,0x0000,0x0000,0x0000,0x0000,0x0000,
  0x0000,0x0000,0x0000,0x0000,0x0000,0x0000,0x0000,0x0000,0x0000,0x0000,0x0000,0x0000,0x0000,0x0000,0x0000,0x0000,
  0x0000,0x0000,0x0000,0x0000,0x0000,0x0000,0x0000,0x0000,0x0000,0x0000,0x0000,0x0000,0x0000,0x0000,0x0000,0x0000,
  0x0000,0x0000,0x0000,0x0000,0x0000,0x0000,0x0000,0x0000,0x0000,0x0000,0x0000,0x0000,0x0000,0x0000,0x0000,0x0000,
  0x0000,0x0000,0x0000,0x0000,0x0000,0x0000,0x0000,0x0000,0x0000,0x0000,0x0000,0x0000,0x0000,0x0000,0x0000,0x0000,
  0xDA94,0x8000,0x8000,0x8000,0x8000,0x8000,0x8000,0xD632,0xEED7,0xE6B6,0xEAB6,0xE6B6,0xEAB6,0xE6B6,0xEAB6,0xEAB6,
  0xEAB6,0xEAB6,0xE6B6,0xE6B6,0xE6B6,0xEAB6,0xE696,0xEAB7,0xE274,0x8C42,0x8000,0x8000,0x8000,0x8000,0x8000,0x8000,
  0x8000,0x8000,0x8000,0x9CC6,0xEAD7,0xEAB6,0xE6B6,0xEAB6,0xEAB6,0xEAB6,0xEAB6,0xEAB6,0xE6B6,0xE6B6,0xEAB6,0xEAB6,
  0xEAB6,0xEAB6,0xE6B6,0xE6B6,0xE6B6,0xEAB7,0x9484,0x8000,0x8000,0x8000,0x8000,0x8000,0x8000,0x8000,0x8000,0x8000,
  0x8000,0x8000,0x8000,0x8000,0x8000,0x8000,0x8000,0x8000,0x8000,0x8000,0x8000,0x8000,0x8000,0x8000,0x8000,0x8000,
  0x8000,0x8000,0x8000,0x8000,0x8000,0x8000,0x8000,0x8000,0x8000,0x8000,0x8000,0x8000,0x8000,0x8000,0x8000,0x8000,
  0x94A5,0xDAD6,0xD6B5,0xD6B5,0xD6B5,0xD6D6,0xDAD6,0xDAD6,0xDAD6,0xDAD6,0xDAD6,0xDAD6,0xDAD6,0xDAD6,0xDAD6,0xDAD6,
  0xDAD6,0xDAD6,0xDAD6,0xDAD6,0xDAD6,0xDAD6,0xDEF7,0xB9CE,0x8000,0x8000,0x8000,0x8000,0x8000,0x8000,0x8000,0x8000,
  0x8000,0x8000,0x8000,0x8000,0x9CE7,0xE318,0xDAD6,0xDAF7,0xDEF7,0xDEF7,0xDEF7,0xDEF7,0xDEF7,0xDEF7,0xDEF7,0xDEF7,
  0xDEF7,0xDAD6,0xE318,0xBDEF,0x8000,0x8000,0x8000,0x8000,0x8000,0x8000,0x8000,0x8000,0x8000,0x8000,0x8000,0x8000,
  0x9CE7,0xE739,0xDEF7,0xDEF7,0xDEF7,0xDEF7,0xDEF7,0xDEF7,0xDEF7,0xDEF7,0xE739,0xB9CE,0x8000,0x8000,0x8000,0x8000,
  0x8000,0x8000,0x8000,0x8000,0x8000,0x8000,0x8000,0x8000,0x8000,0xB18C,0xEB5A,0xE318,0xE318,0xE318,0xE318,0xE318,
  0xE318,0xE318,0xE318,0xE318,0xE318,0xE318,0xE319,0xE318,0xE318,0xE318,0xE738,0xE739,0xE739,0xE739,0xE739,0xE739,
  0xE739,0xE739,0xE739,0xE739,0xE739,0xE739,0xE739,0xE739,0xE759,0x94A5,0x8000,0x8000,0x8000,0x8000,0x8000,0x8000,
  0x8000,0x8000,0x8000,0x8000,0x8000,0x8000,0xD6B5,0xEB5A,0xE739,0xE739,0xE739,0xE739,0xEB5A,0xEB5A,0xEB5A,0xEB5A,
  0xEB5A,0xEB5A,0xEB5A,0xEB5A,0xEB5A,0x9084,0x8000,0x8000,0x8000,0x8000,0x8000,0x8000,0x8000,0x8000,0x8000,0x8000,
  0x8000,0x98C6,0xEF7B,0xEB5A,0xEB5A,0xEB5A,0xEB5A,0xEB5A,0xEB5A,0xEB5A,0xEB5A,0xEB5A,0xEB5A,0xEB5A,0xEF7A,0xEB5A,
  0xF39C,0xA94A,0x8000,0x8000,0x8000,0x8000,0x8000,0x8000,0x8000,0x8000,0x8000,0x8000,0x8000,0x8000,0xBDEF,0xF7BD,
  0xEF7B,0xEF7B,0xEF7B,0xEF7B,0xEF7B,0xEF7B,0xEF7B,0xEF7B,0xEF7B,0xEF7B,0xEF7B,0xEF7B,0xEF7B,0xEF7B,0xEF7B,0xEF7B,
  0xF39C,0xF39C,0xF39C,0xF39C,0xF37C,0xF39C,0xEB5A,0x8421,0x8000,0x8000,0x8000,0x8000,0x8000,0x8000,0x8000,0x8000,
  0x8000,0x8000,0x8000,0x8421,0xE739,0xF7BD,0xF39C,0xF39C,0xF39C,0xF39C,0xF39C,0xF39C,0xF39C,0xF39C,0xF39C,0xF39C,
  0xF39C,0xF39C,0xF7BD,0xF7BD,0xF7BD,0xF39C,0xEB5A,0xE739,0xE318,0xDEF7,0xDEF7,0xDAD6,0xD6B5,0xD294,0xCE73,0xCA52,
  0xC631,0xBDEF,0xC631,0xF7BD,0xF7BD,0xF7BD,0xF7BD,0xF7BD,0xF7BD,0xF7BD,0xF7BD,0xF7BD,0xF7BD,0xF7BD,0xF7BD,0xF7BD,
  0xFFFF,0xAD6B,0x8000,0x8000,0x8000,0x8000,0x8000,0x8000,0x8000,0x8000,0x8000,0x8000,0x8000,0x8000,0xCA52,0xFFFF,
  0x0000,0x0000,0x0000,0x0000,0x0000,0x0000,0x0000,0x0000,0x0000,0x0000,0x0000,0x0000,0x0000,0x0000,0x0000,0x0000,
  0x0000,0x0000,0x0000,0x0000,0x0000,0x0000,0x0000,0x0000,0x0000,0x0000,0x0000,0x0000,0x0000,0x0000,0x0000,0x0000,
  0x0000,0x0000,0x0000,0x0000,0x0000,0x0000,0x0000,0x0000,0x0000,0x0000,0x0000,0x0000,0x0000,0x0000,0x0000,0x0000,
  0x0000,0x0000,0x0000,0x0000,0x0000,0x0000,0x0000,0x0000,0x0000,0x0000,0x0000,0x0000,0x0000,0x0000,0x0000,0x0000,
  0x0000,0x0000,0x0000,0x0000,0x0000,0x0000,0x0000,0x0000,0x0000,0x0000,0x0000,0x0000,0x0000,0x0000,0x0000,0x0000,
  0x0000,0x0000,0x0000,0x0000,0x0000,0x0000,0x0000,0x0000,0x0000,0x0000,0x0000,0x0000,0x0000,0x0000,0x0000,0x0000,
  0x0000,0x0000,0x0000,0x0000,0x0000,0x0000,0x0000,0x0000,0x0000,0x0000,0x0000,0x0000,0x0000,0x0000,0x0000,0x0000,
  0x0000,0x0000,0x0000,0x0000,0x0000,0x0000,0x0000,0x0000,0x0000,0x0000,0x0000,0x0000,0x0000,0x0000,0x0000,0x0000,
  0xD273,0x8000,0x8000,0x8000,0x8000,0x8000,0x8000,0xDA53,0xEAB6,0xE6B6,0xE6B6,0xE6B6,0xE6B6,0xE6B6,0xE6B6,0xE6B6,
  0xE6B6,0xE6B6,0xE6B6,0xE6B6,0xE6B6,0xE696,0xEAB6,0xE696,0x9484,0x8000,0x8000,0x8000,0x8000,0x8000,0x8000,0x8000,
  0x8000,0x8000,0x9484,0xE696,0xEAB6,0xE696,0xE6B6,0xE6B6,0xE6B6,0xE6B6,0xE6B6,0xE6B6,0xE6B6,0xE6B6,0xE6B6,0xE6B6,
  0xE6B6,0xE6B6,0xE6B6,0xE6B6,0xEAB6,0xE696,0x9063,0x8000,0x8000,0x8000,0x8000,0x8000,0x8000,0x8000,0x8000,0x8000,
  0x8000,0x8000,0x8000,0x8000,0x8000,0x8000,0x8000,0x8000,0x8000,0x8000,0x8000,0x8000,0x8000,0x8000,0x8000,0x8000,
  0x8000,0x8000,0x8000,0x8000,0x8000,0x8000,0x8000,0x8000,0x8000,0x8000,0x8000,0x8000,0x8000,0x8000,0x8000,0x8000,
  0x8000,0xCE73,0xDAD6,0xD6B5,0xD6B5,0xDAD5,0xDAD6,0xDAD6,0xDAD6,0xDAD6,0xDAD6,0xDAD6,0xDAD6,0xDAD6,0xDAD6,0xDAD6,
  0xDAD6,0xDAD6,0xDAD6,0xDAD6,0xDAD6,0xDAD6,0xE318,0xB5AD,0x8000,0x8000,0x8000,0x8000,0x8000,0x8000,0x8000,0x8000,
  0x8000,0x8000,0x8000,0x8000,0x9CE7,0xE318,0xDAD6,0xDAF7,0xDEF7,0xDEF7,0xDEF7,0xDEF7,0xDEF7,0xDEF7,0xDEF7,0xDEF7,
  0xDEF7,0xDAD6,0xE318,0xBDEF,0x8000,0x8000,0x8000,0x8000,0x8000,0x8000,0x8000,0x8000,0x8000,0x8000,0x8000,0x8000,
  0x98C6,0xE318,0xDEF7,0xDEF7,0xDEF7,0xDEF7,0xDEF7,0xDEF7,0xDEF7,0xDEF7,0xE318,0xD294,0x8000,0x8000,0x8000,0x8000,
  0x8000,0x8000,0x8000,0x8000,0x8000,0x8000,0x8000,0x8000,0x8000,0x8000,0xAD6B,0xE739,0xE318,0xE318,0xE318,0xE318,
  0xE318,0xE318,0xE318,0xE318,0xE318,0xE318,0xE318,0xE318,0xE318,0xE318,0xE339,0xE739,0xE739,0xE739,0xE739,0xE739,
  0xE739,0xE739,0xE739,0xE739,0xE739,0xE739,0xE739,0xE739,0xE739,0x9084,0x8000,0x8000,0x8000,0x8000,0x8000,0x8000,
  0x8000,0x8000,0x8000,0x8000,0x8000,0x8000,0xD6B5,0xEB5A,0xE739,0xE739,0xE739,0xE739,0xEB5A,0xEB5A,0xEB5A,0xEB5A,
  0xEB5A,0xEB5A,0xEB5A,0xEB5A,0xEB5A,0x9084,0x8000,0x8000,0x8000,0x8000,0x8000,0x8000,0x8000,0x8000,0x8000,0x8000,
  0x8000,0x94A5,0xEF7B,0xEB5A,0xEB5A,0xEB5A,0xEB5A,0xEB5A,0xEB5A,0xEB5A,0xEB5A,0xEB5A,0xEB5A,0xEB5A,0xEF7B,0xEB5A,
  0xF39C,0xA94A,0x8000,0x8000,0x8000,0x8000,0x8000,0x8000,0x8000,0x8000,0x8000,0x8000,0x8000,0x8000,0xBDEF,0xF7BD,
  0xEF7B,0xEF7B,0xEF7B,0xEF7B,0xEF7B,0xEF7B,0xEF7B,0xEF7B,0xEF7B,0xEF7B,0xEF7B,0xEF7B,0xEF7B,0xEF7B,0xEF7B,0xF37B,
  0xF39C,0xF39C,0xF39C,0xF39C,0xEF7B,0xF39C,0xEB5A,0x8421,0x8000,0x8000,0x8000,0x8000,0x8000,0x8000,0x8000,0x8000,
  0x8000,0x8000,0x8000,0x8421,0xE739,0xF7BD,0xF39C,0xF39C,0xF39C,0xF39C,0xF39C,0xF39C,0xF39C,0xF39C,0xF39C,0xF39C,
  0xF39C,0xF3BD,0xF7BD,0xF7BD,0xF7BD,0xF7BD,0xF7BD,0xFBDE,0xFBDE,0xFBDE,0xFBDE,0xFBDE,0xFBDE,0xFFFF,0xFFFF,0xFFFF,
  0xFFFF,0xFFFF,0xFFFF,0xF7BD,0xF7BD,0xF7BD,0xF7BD,0xF7BD,0xF7BD,0xF7BD,0xF7BD,0xF7BD,0xF7BD,0xF7BD,0xF7BD,0xF7BD,
  0xFFFF,0xAD6B,0x8000,0x8000,0x8000,0x8000,0x8000,0x8000,0x8000,0x8000,0x8000,0x8000,0x8000,0x8000,0xCA52,0xFFFF,
  0x0000,0x0000,0x0000,0x0000,0x0000,0x0000,0x0000,0x0000,0x0000,0x0000,0x0000,0x0000,0x0000,0x0000,0x0000,0x0000,
  0x0000,0x0000,0x0000,0x0000,0x0000,0x0000,0x0000,0x0000,0x0000,0x0000,0x0000,0x0000,0x0000,0x0000,0x0000,0x0000,
  0x0000,0x0000,0x0000,0x0000,0x0000,0x0000,0x0000,0x0000,0x0000,0x0000,0x0000,0x0000,0x0000,0x0000,0x0000,0x0000,
  0x0000,0x0000,0x0000,0x0000,0x0000,0x0000,0x0000,0x0000,0x0000,0x0000,0x0000,0x0000,0x0000,0x0000,0x0000,0x0000,
  0x0000,0x0000,0x0000,0x0000,0x0000,0x0000,0x0000,0x0000,0x0000,0x0000,0x0000,0x0000,0x0000,0x0000,0x0000,0x0000,
  0x0000,0x0000,0x0000,0x0000,0x0000,0x0000,0x0000,0x0000,0x0000,0x0000,0x0000,0x0000,0x0000,0x0000,0x0000,0x0000,
  0x0000,0x0000,0x0000,0x0000,0x0000,0x0000,0x0000,0x0000,0x0000,0x0000,0x0000,0x0000,0x0000,0x0000,0x0000,0x0000,
  0x0000,0x0000,0x0000,0x0000,0x0000,0x0000,0x0000,0x0000,0x0000,0x0000,0x0000,0x0000,0x0000,0x0000,0x0000,0x0000,
  0xD673,0x8000,0x8000,0x8000,0x8000,0x8000,0x8000,0xDA53,0xEAB6,0xE696,0xE6B6,0xE6B6,0xE6B6,0xE6B6,0xE6B6,0xE6B6,
  0xE6B6,0xE6B6,0xE6B6,0xE6B6,0xE696,0xE696,0xEAB7,0xA0C6,0x8000,0x8000,0x8000,0x8000,0x8000,0x8000,0x8000,0x8000,
  0x8000,0x8C42,0xE274,0xEAB6,0xE695,0xE6B6,0xE6B6,0xE6B6,0xE6B6,0xE6B6,0xE6B6,0xE6B6,0xE6B6,0xE6B6,0xE6B6,0xE6B6,
  0xE6B6,0xE6B6,0xE6B6,0xE696,0xEAB6,0xDA53,0x8000,0x8000,0x8000,0x8000,0x8000,0x8000,0x8000,0x8000,0x8000,0x8000,
  0x8000,0x8000,0x8000,0x8000,0x8000,0x8000,0x8000,0x8000,0x8000,0x9CE7,0xB9CE,0xB5AD,0xB5AD,0xB5AD,0xB5AD,0xB5AD,
  0xB5AD,0xB5AD,0xB5AD,0xB9CE,0x8C63,0x8000,0x8000,0x8000,0x8000,0x8000,0x8000,0x8000,0x8000,0x8000,0x8000,0x8000,
  0x8000,0xB9CE,0xDEF7,0xD6B5,0xD6B5,0xDAB6,0xDAD6,0xDAD6,0xDAD6,0xDAD6,0xDAD6,0xDAD6,0xDAD6,0xDAD6,0xDAD6,0xDAD6,
  0xDAD6,0xDAD6,0xDAD6,0xDAD6,0xDAD6,0xDAD6,0xE318,0xB5AD,0x8000,0x8000,0x8000,0x8000,0x8000,0x8000,0x8000,0x8000,
  0x8000,0x8000,0x8000,0x8000,0x9CE7,0xE318,0xDAD6,0xDEF7,0xDEF7,0xDEF7,0xDEF7,0xDEF7,0xDEF7,0xDEF7,0xDEF7,0xDEF7,
  0xDEF7,0xDAD6,0xE318,0xBE10,0x8000,0x8000,0x8000,0x8000,0x8000,0x8000,0x8000,0x8000,0x8000,0x8000,0x8000,0x8000,
  0x98C6,0xE318,0xDEF7,0xDEF7,0xDEF7,0xDEF7,0xDEF7,0xDEF7,0xDEF7,0xE2F8,0xDEF7,0xE739,0x98C6,0x8000,0x8000,0x8000,
  0x8000,0x8000,0x8000,0x8000,0x8000,0x8000,0x8000,0x8000,0x8000,0x8000,0x8000,0xA529,0xE739,0xE318,0xE318,0xE318,
  0xE318,0xE318,0xE318,0xE318,0xE318,0xE318,0xE318,0xE318,0xE318,0xE318,0xE738,0xE739,0xE739,0xE739,0xE739,0xE739,
  0xE739,0xE739,0xE739,0xE739,0xE739,0xE739,0xE739,0xE739,0xE739,0x8C63,0x8000,0x8000,0x8000,0x8000,0x8000,0x8000,
  0x8000,0x8000,0x8000,0x8000,0x8000,0x8000,0xD6B5,0xEB5A,0xE739,0xE739,0xE739,0xE739,0xEB5A,0xEB5A,0xEB5A,0xEB5A,
  0xEB5A,0xEB5A,0xEB5A,0xEB5A,0xEB5A,0x9084,0x8000,0x8000,0x8000,0x8000,0x8000,0x8000,0x8000,0x8000,0x8000,0x8000,
  0x8000,0x9084,0xEB5A,0xEB5A,0xEB5A,0xEB5A,0xEB5A,0xEB5A,0xEB5A,0xEB5A,0xEB5A,0xEB5A,0xEB5A,0xEB5A,0xEF7B,0xEB5A,
  0xF39C,0xA94A,0x8000,0x8000,0x8000,0x8000,0x8000,0x8000,0x8000,0x8000,0x8000,0x8000,0x8000,0x8000,0xBDEF,0xF7BD,
  0xEF7B,0xEF7B,0xEF7B,0xEF7B,0xEF7B,0xEF7B,0xEF7B,0xEF7B,0xEF7B,0xEF7B,0xEF7B,0xEF7B,0xEF7B,0xEF7B,0xEF7B,0xEF7B,
  0xF39C,0xF39C,0xF39C,0xF39C,0xF37B,0xF39C,0xEB5A,0x8421,0x8000,0x8000,0x8000,0x8000,0x8000,0x8000,0x8000,0x8000,
  0x8000,0x8000,0x8000,0x8421,0xE739,0xF7BD,0xF39C,0xF39C,0xF39C,0xF39C,0xF39C,0xF39C,0xF39C,0xF39C,0xF39C,0xF39C,
  0xF39C,0xF39C,0xF7BD,0xF7BD,0xF7BD,0xF7BD,0xF79C,0xF39C,0xF39C,0xF39C,0xF79C,0xF39C,0xF39C,0xF39C,0xF39C,0xF39C,
  0xF39C,0xF79C,0xF7BD,0xF7BD,0xF7BD,0xF7BD,0xF7BD,0xF7BD,0xF7BD,0xF7BD,0xF7BD,0xF7BD,0xF7BD,0xF7BD,0xF7BD,0xF7BD,
  0xFFFF,0xAD6B,0x8000,0x8000,0x8000,0x8000,0x8000,0x8000,0x8000,0x8000,0x8000,0x8000,0x8000,0x8000,0xCA52,0xFFFF,
  0x0000,0x0000,0x0000,0x0000,0x0000,0x0000,0x0000,0x0000,0x0000,0x0000,0x0000,0x0000,0x0000,0x0000,0x0000,0x0000,
  0x0000,0x0000,0x0000,0x0000,0x0000,0x0000,0x0000,0x0000,0x0000,0x0000,0x0000,0x0000,0x0000,0x0000,0x0000,0x0000,
  0x0000,0x0000,0x0000,0x0000,0x0000,0x0000,0x0000,0x0000,0x0000,0x0000,0x0000,0x0000,0x0000,0x0000,0x0000,0x0000,
  0x0000,0x0000,0x0000,0x0000,0x0000,0x0000,0x0000,0x0000,0x0000,0x0000,0x0000,0x0000,0x0000,0x0000,0x0000,0x0000,
  0x0000,0x0000,0x0000,0x0000,0x0000,0x0000,0x0000,0x0000,0x0000,0x0000,0x0000,0x0000,0x0000,0x0000,0x0000,0x0000,
  0x0000,0x0000,0x0000,0x0000,0x0000,0x0000,0x0000,0x0000,0x0000,0x0000,0x0000,0x0000,0x0000,0x0000,0x0000,0x0000,
  0x0000,0x0000,0x0000,0x0000,0x0000,0x0000,0x0000,0x0000,0x0000,0x0000,0x0000,0x0000,0x0000,0x0000,0x0000,0x0000,
  0x0000,0x0000,0x0000,0x0000,0x0000,0x0000,0x0000,0x0000,0x0000,0x0000,0x0000,0x0000,0x0000,0x0000,0x0000,0x0000,
  0xDA95,0x8000,0x8000,0x8000,0x8000,0x8000,0x8000,0xD211,0xEAB7,0xE695,0xE696,0xE696,0xE696,0xE696,0xE696,0xE696,
  0xE696,0xE696,0xE696,0xE696,0xE695,0xEED7,0xA909,0x8000,0x8000,0x8000,0x8000,0x8000,0x8000,0x8000,0x8000,0x8000,
  0x8421,0xD632,0xEEB7,0xE695,0xE696,0xE696,0xE696,0xE696,0xE696,0xE696,0xE696,0xE696,0xE696,0xE696,0xE696,0xE696,
  0xE696,0xE696,0xE696,0xE695,0xF2D8,0xB56B,0x8000,0x8000,0x8000,0x8000,0x8000,0x8000,0x8000,0x8000,0x8000,0x8000,
  0x8000,0x8000,0x8000,0x8000,0x8000,0x8000,0x8000,0x8000,0x8000,0xB18C,0xE318,0xDAD6,0xDAD6,0xDAD6,0xDAD6,0xDAD6,
  0xDAD6,0xDAD6,0xDAD6,0xE318,0xA94A,0x8000,0x8000,0x8000,0x8000,0x8000,0x8000,0x8000,0x8000,0x8000,0x8000,0x8000,
  0x8000,0xA108,0xDEF7,0xD6B5,0xD6B5,0xDAD6,0xDAD6,0xDAD6,0xDAD6,0xDAD6,0xDAD6,0xDAD6,0xDAD6,0xDAD6,0xDAD6,0xDAD6,
  0xDAD6,0xDAD6,0xDAD6,0xDAD6,0xDAD6,0xDAD6,0xE318,0xB5AD,0x8000,0x8000,0x8000,0x8000,0x8000,0x8000,0x8000,0x8000,
  0x8000,0x8000,0x8000,0x8000,0x9CE7,0xE318,0xDAD6,0xDEF7,0xDEF7,0xDEF7,0xDEF7,0xDEF7,0xDEF7,0xDEF7,0xDEF7,0xDEF7,
  0xDEF7,0xDAD7,0xE318,0xC210,0x8000,0x8000,0x8000,0x8000,0x8000,0x8000,0x8000,0x8000,0x8000,0x8000,0x8000,0x8000,
  0x98C6,0xE318,0xDEF7,0xDEF7,0xDEF7,0xDEF7,0xDEF7,0xDEF7,0xDEF7,0xE318,0xDEF7,0xE739,0xC631,0x8000,0x8000,0x8000,
  0x8000,0x8000,0x8000,0x8000,0x8000,0x8000,0x8000,0x8000,0x8000,0x8000,0x8000,0x8000,0x9D08,0xE318,0xE739,0xE318,
  0xE318,0xE318,0xE318,0xE318,0xE318,0xE318,0xE318,0xE318,0xE318,0xE318,0xE738,0xE739,0xE739,0xE739,0xE739,0xE739,
  0xE739,0xE739,0xE739,0xE739,0xE739,0xE739,0xE739,0xE739,0xE318,0x8C63,0x8000,0x8000,0x8000,0x8000,0x8000,0x8000,
  0x8000,0x8000,0x8000,0x8000,0x8000,0x8000,0xD6B5,0xEB5A,0xE739,0xE739,0xE739,0xE739,0xEB39,0xEB5A,0xEB5A,0xEB5A,
  0xEB5A,0xEB5A,0xEB5A,0xEB5A,0xEB5A,0x9084,0x8000,0x8000,0x8000,0x8000,0x8000,0x8000,0x8000,0x8000,0x8000,0x8000,
  0x8000,0x8C63,0xEB5A,0xEB5A,0xEB5A,0xEB5A,0xEB5A,0xEB5A,0xEB5A,0xEB5A,0xEB5A,0xEB5A,0xEB5A,0xEB5A,0xEF7B,0xEB5A,
  0xF39C,0xA94A,0x8000,0x8000,0x8000,0x8000,0x8000,0x8000,0x8000,0x8000,0x8000,0x8000,0x8000,0x8000,0xBDEF,0xF7BD,
  0xEF7B,0xEF7B,0xEF7B,0xEF7B,0xEF7B,0xEF7B,0xEF7B,0xEF7B,0xEF7B,0xEF7B,0xEF7B,0xEF7B,0xEF7B,0xEF7B,0xEF7B,0xEF7B,
  0xF39C,0xF39C,0xF39C,0xF39C,0xF39B,0xF39C,0xEB5A,0x8421,0x8000,0x8000,0x8000,0x8000,0x8000,0x8000,0x8000,0x8000,
  0x8000,0x8000,0x8000,0x8421,0xE739,0xF7BD,0xF39C,0xF39C,0xF39C,0xF39C,0xF39C,0xF39C,0xF39C,0xF39C,0xF39C,0xF39C,
  0xF39C,0xF39C,0xF7BD,0xF7BD,0xF7BD,0xF7BD,0xF7BD,0xF7BD,0xF7BD,0xF7BD,0xF7BD,0xF7BD,0xF7BD,0xF7BD,0xF7BD,0xF7BD,
  0xF7BD,0xF7BD,0xF7BD,0xF7BD,0xF7BD,0xF7BD,0xF7BD,0xF7BD,0xF7BD,0xF7BD,0xF7BD,0xF7BD,0xF7BD,0xF7BD,0xF7BD,0xF39C,
  0xFFFF,0xAD6B,0x8000,0x8000,0x8000,0x8000,0x8000,0x8000,0x8000,0x8000,0x8000,0x8000,0x8000,0x8000,0xCA52,0xFFFF,
  0x0000,0x0000,0x0000,0x0000,0x0000,0x0000,0x0000,0x0000,0x0000,0x0000,0x0000,0x0000,0x0000,0x0000,0x0000,0x0000,
  0x0000,0x0000,0x0000,0x0000,0x0000,0x0000,0x0000,0x0000,0x0000,0x0000,0x0000,0x0000,0x0000,0x0000,0x0000,0x0000,
  0x0000,0x0000,0x0000,0x0000,0x0000,0x0000,0x0000,0x0000,0x0000,0x0000,0x0000,0x0000,0x0000,0x0000,0x0000,0x0000,
  0x0000,0x0000,0x0000,0x0000,0x0000,0x0000,0x0000,0x0000,0x0000,0x0000,0x0000,0x0000,0x0000,0x0000,0x0000,0x0000,
  0x0000,0x0000,0x0000,0x0000,0x0000,0x0000,0x0000,0x0000,0x0000,0x0000,0x0000,0x0000,0x0000,0x0000,0x0000,0x0000,
  0x0000,0x0000,0x0000,0x0000,0x0000,0x0000,0x0000,0x0000,0x0000,0x0000,0x0000,0x0000,0x0000,0x0000,0x0000,0x0000,
  0x0000,0x0000,0x0000,0x0000,0x0000,0x0000,0x0000,0x0000,0x0000,0x0000,0x0000,0x0000,0x0000,0x0000,0x0000,0x0000,
  0x0000,0x0000,0x0000,0x0000,0x0000,0x0000,0x0000,0x0000,0x0000,0x0000,0x0000,0x0000,0x0000,0x0000,0x0000,0x0000,
  0xE2D7,0x8421,0x8000,0x8000,0x8000,0x8000,0x8000,0xB98C,0xEED7,0xE695,0xE696,0xE696,0xE696,0xE696,0xE696,0xE695,
  0xE696,0xE696,0xE695,0xE695,0xEED7,0xB56B,0x8000,0x8000,0x8000,0x8000,0x8000,0x8000,0x8000,0x8000,0x8000,0x8000,
  0xCDF0,0xEED7,0xE695,0xE696,0xE696,0xE696,0xE696,0xE696,0xE696,0xE695,0xE696,0xE696,0xE696,0xE696,0xE696,0xE696,
  0xE695,0xE695,0xE695,0xEED7,0xD632,0x8421,0x8000,0x8000,0x8000,0x8000,0x8000,0x8000,0x8000,0x8000,0x8000,0x8000,
  0x8000,0x8000,0x8000,0x8000,0x8000,0x8000,0x8000,0x8000,0x8000,0xB18C,0xDAD6,0xD294,0xD294,0xD695,0xD6B5,0xD6B5,
  0xD6B5,0xD6B5,0xD294,0xDAD6,0xC210,0x8000,0x8000,0x8000,0x8000,0x8000,0x8000,0x8000,0x8000,0x8000,0x8000,0x8000,
  0x8000,0x8C63,0xD6B5,0xDAD6,0xD6B5,0xDAD6,0xDAD6,0xDAD6,0xDAD6,0xDAD6,0xDAD6,0xDAD6,0xDAD6,0xDAD6,0xDAD6,0xDAD6,
  0xDAD6,0xDAD6,0xDAD6,0xDAD6,0xDAD6,0xDAD6,0xE318,0xB5AD,0x8000,0x8000,0x8000,0x8000,0x8000,0x8000,0x8000,0x8000,
  0x8000,0x8000,0x8000,0x8000,0x9CE7,0xE318,0xDAD6,0xDED7,0xDEF7,0xDEF7,0xDEF7,0xDEF7,0xDEF7,0xDEF7,0xDEF7,0xDEF7,
  0xDEF7,0xDAF7,0xE318,0xC210,0x8000,0x8000,0x8000,0x8000,0x8000,0x8000,0x8000,0x8000,0x8000,0x8000,0x8000,0x8000,
  0x98C6,0xE318,0xDEF7,0xDEF7,0xDEF7,0xDEF7,0xDEF7,0xDEF7,0xDEF7,0xE318,0xE318,0xDEF7,0xE739,0x9CE7,0x8000,0x8000,
  0x8000,0x8000,0x8000,0x8000,0x8000,0x8000,0x8000,0x8000,0x8000,0x8000,0x8000,0x8000,0x8000,0x98C6,0xE318,0xE739,
  0xE318,0xE318,0xE318,0xE318,0xE318,0xE318,0xE318,0xE318,0xE318,0xE318,0xE338,0xE739,0xE739,0xE739,0xE739,0xE739,
  0xE739,0xE739,0xE739,0xE739,0xE739,0xE739,0xE739,0xE739,0xE318,0x8C63,0x8000,0x8000,0x8000,0x8000,0x8000,0x8000,
  0x8000,0x8000,0x8000,0x8000,0x8000,0x8000,0xD6B5,0xEB5A,0xE739,0xE739,0xE739,0xE739,0xE739,0xE739,0xE739,0xE739,
  0xE739,0xE739,0xE739,0xE739,0xEB5A,0x9084,0x8000,0x8000,0x8000,0x8000,0x8000,0x8000,0x8000,0x8000,0x8000,0x8000,
  0x8000,0x8C63,0xE739,0xEB5A,0xEB5A,0xEB5A,0xEB5A,0xEB5A,0xEB5A,0xEB5A,0xEB5A,0xEB5A,0xEB5A,0xEB5A,0xEF7B,0xEB5A,
  0xF39C,0xA94A,0x8000,0x8000,0x8000,0x8000,0x8000,0x8000,0x8000,0x8000,0x8000,0x8000,0x8000,0x8000,0xBDEF,0xF7BD,
  0xEF7B,0xEF7B,0xEF7B,0xEF7B,0xEF7B,0xEF7B,0xEF7B,0xEF7B,0xEF7B,0xEF7B,0xEF7B,0xEF7B,0xEF7B,0xEF7B,0xEF7B,0xEF7B,
  0xF39C,0xF39C,0xF39C,0xF39C,0xF37B,0xF39C,0xEB5A,0x8421,0x8000,0x8000,0x8000,0x8000,0x8000,0x8000,0x8000,0x8000,
  0x8000,0x8000,0x8000,0x8421,0xE739,0xF7BD,0xF39C,0xF39C,0xF39C,0xF39C,0xF39C,0xF39C,0xF39C,0xF39C,0xF39C,0xF39C,
  0xF39C,0xF39C,0xF7BD,0xF7BD,0xF7BD,0xF7BD,0xF7BD,0xF7BD,0xF7BD,0xF7BD,0xF7BD,0xF7BD,0xF7BD,0xF7BD,0xF7BD,0xF7BD,
  0xF7BD,0xF7BD,0xF7BD,0xF7BD,0xF7BD,0xF7BD,0xF7BD,0xF7BD,0xF7BD,0xF7BD,0xF7BD,0xF7BD,0xF7BD,0xF7BD,0xFFFF,0xFFFF,
  0xF7BD,0xA108,0x8000,0x8000,0x8000,0x8000,0x8000,0x8000,0x8000,0x8000,0x8000,0x8000,0x8000,0x8000,0xCA52,0xFFFF,
  0x0000,0x0000,0x0000,0x0000,0x0000,0x0000,0x0000,0x0000,0x0000,0x0000,0x0000,0x0000,0x0000,0x0000,0x0000,0x0000,
  0x0000,0x0000,0x0000,0x0000,0x0000,0x0000,0x0000,0x0000,0x0000,0x0000,0x0000,0x0000,0x0000,0x0000,0x0000,0x0000,
  0x0000,0x0000,0x0000,0x0000,0x0000,0x0000,0x0000,0x0000,0x0000,0x0000,0x0000,0x0000,0x0000,0x0000,0x0000,0x0000,
  0x0000,0x0000,0x0000,0x0000,0x0000,0x0000,0x0000,0x0000,0x0000,0x0000,0x0000,0x0000,0x0000,0x0000,0x0000,0x0000,
  0x0000,0x0000,0x0000,0x0000,0x0000,0x0000,0x0000,0x0000,0x0000,0x0000,0x0000,0x0000,0x0000,0x0000,0x0000,0x0000,
  0x0000,0x0000,0x0000,0x0000,0x0000,0x0000,0x0000,0x0000,0x0000,0x0000,0x0000,0x0000,0x0000,0x0000,0x0000,0x0000,
  0x0000,0x0000,0x0000,0x0000,0x0000,0x0000,0x0000,0x0000,0x0000,0x0000,0x0000,0x0000,0x0000,0x0000,0x0000,0x0000,
  0x0000,0x0000,0x0000,0x0000,0x0000,0x0000,0x0000,0x0000,0x0000,0x0000,0x0000,0x0000,0x0000,0x0000,0x0000,0x0000,
  0xEF3A,0x8C63,0x8000,0x8000,0x8000,0x8000,0x8000,0x9064,0xEAB6,0xE695,0xE695,0xE695,0xE695,0xE695,0xE695,0xE695,
  0xE695,0xE695,0xE695,0xEED7,0xB96C,0x8000,0x8000,0x8000,0x8000,0x8000,0x8000,0x8000,0x8000,0x8000,0x8000,0xC1AE,
  0xEED7,0xE695,0xE695,0xE695,0xE695,0xE695,0xE695,0xE695,0xE695,0xE695,0xE695,0xE695,0xE695,0xE695,0xE695,0xE695,
  0xE695,0xEAB6,0xEED7,0xD211,0x8C42,0x8000,0x8000,0x8000,0x8000,0x8000,0x8000,0x8000,0x8000,0x8000,0x8000,0x8000,
  0x8000,0x8000,0x8000,0x8000,0x8000,0x8000,0x8000,0x8000,0x8000,0xB18C,0xDAD6,0xD294,0xD6B5,0xD6B5,0xD6B5,0xD6B5,
  0xD6B5,0xD6B5,0xD6B5,0xD6B5,0xD294,0x8842,0x8000,0x8000,0x8000,0x8000,0x8000,0x8000,0x8000,0x8000,0x8000,0x8000,
  0x8000,0x8000,0xC631,0xDAD6,0xD6B5,0xDAB6,0xDAD6,0xDAD6,0xDAD6,0xDAD6,0xDAD6,0xDAD6,0xDAD6,0xDAD6,0xDAD6,0xDAD6,
  0xDAD6,0xDAD6,0xDAD6,0xDAD6,0xDAD6,0xDAD6,0xE318,0xB5AD,0x8000,0x8000,0x8000,0x8000,0x8000,0x8000,0x8000,0x8000,
  0x8000,0x8000,0x8000,0x8000,0x9CE7,0xE318,0xDAD6,0xDEF7,0xDEF7,0xDEF7,0xDEF7,0xDEF7,0xDEF7,0xDEF7,0xDEF7,0xDEF7,
  0xDEF7,0xDAF6,0xE318,0xC210,0x8000,0x8000,0x8000,0x8000,0x8000,0x8000,0x8000,0x8000,0x8000,0x8000,0x8000,0x8000,
  0x98C6,0xE318,0xDEF7,0xDEF7,0xDEF7,0xDEF7,0xDEF7,0xDEF7,0xDEF7,0xE318,0xE318,0xDEF7,0xE318,0xD6B5,0x8421,0x8000,
  0x8000,0x8000,0x8000,0x8000,0x8000,0x8000,0x8000,0x8000,0x8000,0x8000,0x8000,0x8000,0x8000,0x8000,0x94A5,0xDEF7,
  0xE739,0xE318,0xE318,0xE318,0xE318,0xE318,0xE318,0xE318,0xE318,0xE318,0xE338,0xE739,0xE739,0xE739,0xE739,0xE739,
  0xE739,0xE739,0xE739,0xE739,0xE739,0xE739,0xE739,0xE739,0xE318,0x8842,0x8000,0x8000,0x8000,0x8000,0x8000,0x8000,
  0x8000,0x8000,0x8000,0x8000,0x8000,0x8000,0xDAD6,0xF39C,0xEF7B,0xEF7B,0xEF7B,0xEF7B,0xEF7B,0xEF7B,0xEF7B,0xEF7B,
  0xEF7B,0xEF7B,0xEF7B,0xEF7B,0xF39C,0x94A5,0x8000,0x8000,0x8000,0x8000,0x8000,0x8000,0x8000,0x8000,0x8000,0x8000,
  0x8000,0x8842,0xE739,0xEB5B,0xEB5A,0xEB5A,0xEB5A,0xEB5A,0xEB5A,0xEB5A,0xEB5A,0xEB5A,0xEB5A,0xEB5A,0xEF7B,0xEB5A,
  0xF39C,0xA94A,0x8000,0x8000,0x8000,0x8000,0x8000,0x8000,0x8000,0x8000,0x8000,0x8000,0x8000,0x8000,0xBDEF,0xF7BD,
  0xEF7B,0xEF7B,0xEF7B,0xEF7B,0xEF7B,0xEF7B,0xEF7B,0xEF7B,0xEF7B,0xEF7B,0xEF7B,0xEF7B,0xEF7B,0xEF7B,0xEF7B,0xEF7B,
  0xF39C,0xF39C,0xF39C,0xF39C,0xF37C,0xF39C,0xEB5A,0x8421,0x8000,0x8000,0x8000,0x8000,0x8000,0x8000,0x8000,0x8000,
  0x8000,0x8000,0x8000,0x8421,0xE739,0xF7BD,0xF39C,0xF39C,0xF39C,0xF39C,0xF39C,0xF39C,0xF39C,0xF39C,0xF39C,0xF39C,
  0xF39C,0xF39C,0xF7BD,0xF7BD,0xF7BD,0xF7BD,0xF7BD,0xF7BD,0xF7BD,0xF7BD,0xF7BD,0xF7BD,0xF7BD,0xF7BD,0xF7BD,0xF7BD,
  0xF7BD,0xF7BD,0xF7BD,0xF7BD,0xF7BD,0xF7BD,0xF7BD,0xF7BD,0xF7BD,0xF7BD,0xF7BD,0xF7BD,0xFFFF,0xFBDE,0xE318,0xB5AD,
  0x8C63,0x8000,0x8000,0x8000,0x8000,0x8000,0x8000,0x8000,0x8000,0x8000,0x8000,0x8000,0x8000,0x8000,0xCA52,0xFFFF,
  0x0000,0x0000,0x0000,0x0000,0x0000,0x0000,0x0000,0x0000,0x0000,0x0000,0x0000,0x0000,0x0000,0x0000,0x0000,0x0000,
  0x0000,0x0000,0x0000,0x0000,0x0000,0x0000,0x0000,0x0000,0x0000,0x0000,0x0000,0x0000,0x0000,0x0000,0x0000,0x0000,
  0x0000,0x0000,0x0000,0x0000,0x0000,0x0000,0x0000,0x0000,0x0000,0x0000,0x0000,0x0000,0x0000,0x0000,0x0000,0x0000,
  0x0000,0x0000,0x0000,0x0000,0x0000,0x0000,0x0000,0x0000,0x0000,0x0000,0x0000,0x0000,0x0000,0x0000,0x0000,0x0000,
  0x0000,0x0000,0x0000,0x0000,0x0000,0x0000,0x0000,0x0000,0x0000,0x0000,0x0000,0x0000,0x0000,0x0000,0x0000,0x0000,
  0x0000,0x0000,0x0000,0x0000,0x0000,0x0000,0x0000,0x0000,0x0000,0x0000,0x0000,0x0000,0x0000,0x0000,0x0000,0x0000,
  0x0000,0x0000,0x0000,0x0000,0x0000,0x0000,0x0000,0x0000,0x0000,0x0000,0x0000,0x0000,0x0000,0x0000,0x0000,0x0000,
  0x0000,0x0000,0x0000,0x0000,0x0000,0x0000,0x0000,0x0000,0x0000,0x0000,0x0000,0x0000,0x0000,0x0000,0x0000,0x0000,
  0xFB7C,0xA0E7,0x8000,0x8000,0x8000,0x8000,0x8000,0x8000,0xAD2A,0xEED7,0xEAB6,0xE695,0xE695,0xE695,0xE695,0xE695,
  0xE696,0xEEB7,0xEAB6,0xB12A,0x8000,0x8000,0x8000,0x8000,0x8000,0x8000,0x8000,0x8000,0x8000,0x8000,0xB56B,0xEED7,
  0xE695,0xE695,0xE695,0xE695,0xE695,0xE695,0xE695,0xE695,0xE695,0xE695,0xE695,0xE695,0xE695,0xE695,0xEAB6,0xEEB7,
  0xEEB7,0xDE74,0xB14A,0x8000,0x8000,0x8000,0x8000,0x8000,0x8000,0x8000,0x8000,0x8421,0x8000,0x8000,0x8000,0x8000,
  0x8000,0x8000,0x8000,0x8000,0x8000,0x8000,0x8000,0x8000,0x8000,0xB18C,0xDAD6,0xD294,0xD6B5,0xD6B5,0xD6B5,0xD6B5,
  0xD6B5,0xD6B5,0xD6B5,0xD6B5,0xDAD6,0x9CE7,0x8000,0x8000,0x8000,0x8000,0x8000,0x8000,0x8000,0x8000,0x8000,0x8000,
  0x8000,0x8000,0xAD6B,0xDEF7,0xD6B5,0xD6D6,0xDAD6,0xDAD6,0xDAD6,0xDAD6,0xDAD6,0xDAD6,0xDAD6,0xDAD6,0xDAD6,0xDAD6,
  0xDAD6,0xDAD6,0xDAD6,0xDAD6,0xDAD6,0xDAD6,0xE318,0xB5AD,0x8000,0x8000,0x8000,0x8000,0x8000,0x8000,0x8000,0x8000,
  0x8000,0x8000,0x8000,0x8000,0x9CE7,0xE318,0xDAD6,0xDEF6,0xDEF7,0xDEF7,0xDEF7,0xDEF7,0xDEF7,0xDEF7,0xDEF7,0xDEF7,
  0xDEF7,0xDED6,0xE318,0xC210,0x8000,0x8000,0x8000,0x8000,0x8000,0x8000,0x8000,0x8000,0x8000,0x8000,0x8000,0x8000,
  0x98C6,0xE318,0xDEF7,0xDEF7,0xDEF7,0xDEF7,0xDEF7,0xDEF7,0xDEF7,0xE318,0xE318,0xE318,0xDEF7,0xE739,0xBDEF,0x8000,
  0x8000,0x8000,0x8000,0x8000,0x8000,0x8000,0x8000,0x8000,0x8000,0x8000,0x8000,0x8000,0x8000,0x8000,0x8000,0x9084,
  0xDAD6,0xEB39,0xE318,0xE318,0xE318,0xE318,0xE318,0xE318,0xE318,0xE318,0xE738,0xE739,0xE739,0xE739,0xE739,0xE739,
  0xE739,0xE739,0xE739,0xE739,0xE739,0xE739,0xE739,0xE739,0xE318,0x8842,0x8000,0x8000,0x8000,0x8000,0x8000,0x8000,
  0x8000,0x8000,0x8000,0x8000,0x8000,0x8000,0xB5AD,0xC631,0xC210,0xC210,0xC210,0xC210,0xC210,0xC210,0xC210,0xC210,
  0xC210,0xC210,0xC210,0xC210,0xC631,0x8C63,0x8000,0x8000,0x8000,0x8000,0x8000,0x8000,0x8000,0x8000,0x8000,0x8000,
  0x8000,0x8842,0xE739,0xEF7B,0xEB5A,0xEB5A,0xEB5A,0xEB5A,0xEB5A,0xEB5A,0xEB5A,0xEB5A,0xEB5A,0xEB5A,0xEF7B,0xEB5A,
  0xF39C,0xA94A,0x8000,0x8000,0x8000,0x8000,0x8000,0x8000,0x8000,0x8000,0x8000,0x8000,0x8000,0x8000,0xBDEF,0xF7BD,
  0xEF7B,0xEF7B,0xEF7B,0xEF7B,0xEF7B,0xEF7B,0xEF7B,0xEF7B,0xEF7B,0xEF7B,0xEF7B,0xEF7B,0xEF7B,0xEF7B,0xEF7B,0xEF7B,
  0xF39C,0xF39C,0xF39C,0xF39C,0xF39C,0xF39C,0xEB5A,0x8421,0x8000,0x8000,0x8000,0x8000,0x8000,0x8000,0x8000,0x8000,
  0x8000,0x8000,0x8000,0x8421,0xE739,0xF7BD,0xF39C,0xF39C,0xF39C,0xF39C,0xF39C,0xF39C,0xF39C,0xF39C,0xF39C,0xF39C,
  0xF39C,0xF39C,0xF7BD,0xF7BD,0xF7BD,0xF7BD,0xF7BD,0xF7BD,0xF7BD,0xF7BD,0xF7BD,0xF7BD,0xF7BD,0xF7BD,0xF7BD,0xF7BD,
  0xF7BD,0xF7BD,0xF7BD,0xF7BD,0xF7BD,0xF7BD,0xF7BD,0xF7BD,0xF7BD,0xFBDE,0xFFFF,0xF7BD,0xD294,0xA108,0x8000,0x8000,
  0x8000,0x8000,0x8000,0x8000,0x8000,0x8000,0x8000,0x8000,0x8000,0x8000,0x8000,0x8000,0x8000,0x8000,0xCA52,0xFFFF,
  0x0000,0x0000,0x0000,0x0000,0x0000,0x0000,0x0000,0x0000,0x0000,0x0000,0x0000,0x0000,0x0000,0x0000,0x0000,0x0000,
  0x0000,0x0000,0x0000,0x0000,0x0000,0x0000,0x0000,0x0000,0x0000,0x0000,0x0000,0x0000,0x0000,0x0000,0x0000,0x0000,
  0x0000,0x0000,0x0000,0x0000,0x0000,0x0000,0x0000,0x0000,0x0000,0x0000,0x0000,0x0000,0x0000,0x0000,0x0000,0x0000,
  0x0000,0x0000,0x0000,0x0000,0x0000,0x0000,0x0000,0x0000,0x0000,0x0000,0x0000,0x0000,0x0000,0x0000,0x0000,0x0000,
  0x0000,0x0000,0x0000,0x0000,0x0000,0x0000,0x0000,0x0000,0x0000,0x0000,0x0000,0x0000,0x0000,0x0000,0x0000,0x0000,
  0x0000,0x0000,0x0000,0x0000,0x0000,0x0000,0x0000,0x0000,0x0000,0x0000,0x0000,0x0000,0x0000,0x0000,0x0000,0x0000,
  0x0000,0x0000,0x0000,0x0000,0x0000,0x0000,0x0000,0x0000,0x0000,0x0000,0x0000,0x0000,0x0000,0x0000,0x0000,0x0000,
  0x0000,0x0000,0x0000,0x0000,0x0000,0x0000,0x0000,0x0000,0x0000,0x0000,0x0000,0x0000,0x0000,0x0000,0x0000,0x0000,
  0xFB7C,0xBDAD,0x8000,0x8000,0x8000,0x8000,0x8000,0x8000,0x8000,0xA4E8,0xDA32,0xEAB6,0xEEB7,0xEEB7,0xEEB7,0xEAB6,
  0xE274,0xC9CF,0x9484,0x8000,0x8000,0x8000,0x8000,0x8000,0x8000,0x8000,0x8000,0x8000,0x8000,0xAD09,0xEEB7,0xE695,
  0xE695,0xE695,0xE695,0xE695,0xE695,0xE695,0xE695,0xE695,0xE695,0xEAB6,0xEEB7,0xEEB7,0xEAB6,0xE695,0xDA33,0xC5AE,
  0xA4E8,0x8821,0x8000,0x8000,0x8000,0x8000,0x8000,0x8000,0x8000,0x8000,0x8401,0xA909,0x8000,0x8000,0x8000,0x8000,
  0x8000,0x8000,0x8000,0x8000,0x8000,0x8000,0x8000,0x8000,0x8000,0xB18C,0xDAD6,0xD294,0xD6B5,0xD6B5,0xD6B5,0xD6B5,
  0xD6B5,0xD6B5,0xD6B5,0xD6B5,0xDAF6,0xB18C,0x8000,0x8000,0x8000,0x8000,0x8000,0x8000,0x8000,0x8000,0x8000,0x8000,
  0x8000,0x8000,0x94A5,0xDAD6,0xD6B5,0xD6B5,0xDAD6,0xDAD6,0xDAD6,0xDAD6,0xDAD6,0xDAD6,0xDAD6,0xDAD6,0xDAD6,0xDAD6,
  0xDAD6,0xDAD6,0xDAD6,0xDAD6,0xDAD6,0xDAD6,0xE318,0xB5AD,0x8000,0x8000,0x8000,0x8000,0x8000,0x8000,0x8000,0x8000,
  0x8000,0x8000,0x8000,0x8000,0x9CE7,0xE318,0xDAD6,0xDAF7,0xDEF7,0xDEF7,0xDEF7,0xDEF7,0xDEF7,0xDEF7,0xDEF7,0xDEF7,
  0xDEF7,0xDAD7,0xE318,0xC210,0x8000,0x8000,0x8000,0x8000,0x8000,0x8000,0x8000,0x8000,0x8000,0x8000,0x8000,0x8000,
  0x98C6,0xE318,0xDEF7,0xDEF7,0xDEF7,0xDEF7,0xDEF7,0xDEF7,0xDEF7,0xE318,0xE318,0xE318,0xE318,0xDEF7,0xE739,0xA94A,
  0x8000,0x8000,0x8000,0x8000,0x8000,0x8000,0x8000,0x8000,0x8000,0x8000,0x8000,0x8000,0x8000,0x8000,0x8000,0x8000,
  0x8842,0xD294,0xEB5A,0xE318,0xE318,0xE318,0xE318,0xE318,0xE318,0xE318,0xE739,0xE739,0xE739,0xE739,0xE739,0xE739,
  0xE739,0xE739,0xE739,0xE739,0xE739,0xE739,0xE739,0xE739,0xE318,0x8842,0x8000,0x8000,0x8000,0x8000,0x8000,0x8000,
  0x8000,0x8000,0x8000,0x8000,0x8000,0x8000,0x8000,0x8000,0x8000,0x8000,0x8000,0x8000,0x8000,0x8000,0x8000,0x8000,
  0x8000,0x8000,0x8000,0x8000,0x8000,0x8000,0x8000,0x8000,0x8000,0x8000,0x8000,0x8000,0x8000,0x8000,0x8000,0x8000,
  0x8000,0x8842,0xE739,0xEF7B,0xEB5A,0xEB5A,0xEB5A,0xEB5A,0xEB5A,0xEB5A,0xEB5A,0xEB5A,0xEB5A,0xEB5A,0xEF5B,0xEB5A,
  0xF39C,0xA94A,0x8000,0x8000,0x8000,0x8000,0x8000,0x8000,0x8000,0x8000,0x8000,0x8000,0x8000,0x8000,0xBDEF,0xF7BD,
  0xEF7B,0xEF7B,0xEF7B,0xEF7B,0xEF7B,0xEF7B,0xEF7B,0xEF7B,0xEF7B,0xEF7B,0xEF7B,0xEF7B,0xEF7B,0xEF7B,0xEF7B,0xF37B,
  0xF39C,0xF39C,0xF39C,0xF39C,0xEF7B,0xF39C,0xEB5A,0x8421,0x8000,0x8000,0x8000,0x8000,0x8000,0x8000,0x8000,0x8000,
  0x8000,0x8000,0x8000,0x8421,0xE739,0xF7BD,0xF39C,0xF39C,0xF39C,0xF39C,0xF39C,0xF39C,0xF39C,0xF39C,0xF39C,0xF39C,
  0xF39C,0xF3BD,0xF7BD,0xF7BD,0xF7BD,0xF7BD,0xF7BD,0xF7BD,0xF7BD,0xF7BD,0xF7BD,0xF7BD,0xF7BD,0xF7BD,0xF7BD,0xF7BD,
  0xF7BD,0xF7BD,0xF7BD,0xF7BD,0xF7BD,0xF7BD,0xF7BD,0xFBDE,0xFFFF,0xEB5A,0xBDEF,0x9084,0x8000,0x8000,0x8000,0x8000,
  0x8000,0x8000,0x8000,0x8000,0x8000,0x8000,0x8000,0x8000,0x8000,0x8000,0x8000,0x8000,0x8000,0x8000,0xCA52,0xFFFF,
  0x0000,0x0000,0x0000,0x0000,0x0000,0x0000,0x0000,0x0000,0x0000,0x0000,0x0000,0x0000,0x0000,0x0000,0x0000,0x0000,
  0x0000,0x0000,0x0000,0x0000,0x0000,0x0000,0x0000,0x0000,0x0000,0x0000,0x0000,0x0000,0x0000,0x0000,0x0000,0x0000,
  0x0000,0x0000,0x0000,0x0000,0x0000,0x0000,0x0000,0x0000,0x0000,0x0000,0x0000,0x0000,0x0000,0x0000,0x0000,0x0000,
  0x0000,0x0000,0x0000,0x0000,0x0000,0x0000,0x0000,0x0000,0x0000,0x0000,0x0000,0x0000,0x0000,0x0000,0x0000,0x0000,
  0x0000,0x0000,0x0000,0x0000,0x0000,0x0000,0x0000,0x0000,0x0000,0x0000,0x0000,0x0000,0x0000,0x0000,0x0000,0x0000,
  0x0000,0x0000,0x0000,0x0000,0x0000,0x0000,0x0000,0x0000,0x0000,0x0000,0x0000,0x0000,0x0000,0x0000,0x0000,0x0000,
  0x0000,0x0000,0x0000,0x0000,0x0000,0x0000,0x0000,0x0000,0x0000,0x0000,0x0000,0x0000,0x0000,0x0000,0x0000,0x0000,
  0x0000,0x0000,0x0000,0x0000,0x0000,0x0000,0x0000,0x0000,0x0000,0x0000,0x0000,0x0000,0x0000,0x0000,0x0000,0x0000,
  0xF75B,0xDE74,0x8401,0x8000,0x8000,0x8000,0x8000,0x8000,0x8000,0x8000,0x8000,0x9484,0xA4E7,0xA908,0xA4E8,0x9CA6,
  0x8842,0x8000,0x8000,0x8000,0x8000,0x8000,0x8000,0x8000,0x8000,0x8000,0x8000,0x8000,0xA0C7,0xEAB6,0xE695,0xE695,
  0xE695,0xE695,0xE695,0xE695,0xE695,0xE695,0xE695,0xE695,0xEA96,0xD632,0xB96B,0xAD29,0x9CC6,0x9063,0x8000,0x8000,
  0x8000,0x8000,0x8000,0x8000,0x8000,0x8000,0x8000,0x8000,0x8000,0x8000,0xAD29,0xC5AE,0x8000,0x8000,0x8000,0x8000,
  0x8000,0x8000,0x8000,0x8000,0x8000,0x8000,0x8000,0x8000,0x8000,0xB18C,0xDAD6,0xD294,0xD6B5,0xD6B5,0xD6B5,0xD6B5,
  0xD6B5,0xD6B5,0xD6B5,0xD6B5,0xDAD6,0xCA52,0x8000,0x8000,0x8000,0x8000,0x8000,0x8000,0x8000,0x8000,0x8000,0x8000,
  0x8000,0x8000,0x8421,0xD294,0xDAD6,0xD6B5,0xDAD6,0xDAD6,0xDAD6,0xDAD6,0xDAD6,0xDAD6,0xDAD6,0xDAD6,0xDAD6,0xDAD6,
  0xDAD6,0xDAD6,0xDAD6,0xDAD6,0xDAD6,0xDAD6,0xE318,0xB5AD,0x8000,0x8000,0x8000,0x8000,0x8000,0x8000,0x8000,0x8000,
  0x8000,0x8000,0x8000,0x8000,0x9CE7,0xE318,0xDAD6,0xDEF7,0xDEF7,0xDEF7,0xDEF7,0xDEF7,0xDEF7,0xDEF7,0xDEF7,0xDEF7,
  0xDEF7,0xDAD6,0xE318,0xC210,0x8000,0x8000,0x8000,0x8000,0x8000,0x8000,0x8000,0x8000,0x8000,0x8000,0x8000,0x8000,
  0x98C6,0xE318,0xDEF7,0xDEF7,0xDEF7,0xDEF7,0xDEF7,0xDEF7,0xDEF8,0xE318,0xE318,0xE318,0xE318,0xE318,0xE318,0xE318,
  0x9CE7,0x8000,0x8000,0x8000,0x8000,0x8000,0x8000,0x8000,0x8000,0x8000,0x8000,0x8000,0x8000,0x8000,0x8000,0x8000,
  0x8000,0x8421,0xCE73,0xEB5A,0xE318,0xE318,0xE318,0xE318,0xE318,0xE318,0xE339,0xE739,0xE739,0xE739,0xE739,0xE739,
  0xE739,0xE739,0xE739,0xE739,0xE739,0xE739,0xE739,0xE739,0xE318,0x8842,0x8000,0x8000,0x8000,0x8000,0x8000,0x8000,
  0x8000,0x8000,0x8000,0x8000,0x8000,0x8000,0x8000,0x8000,0x8000,0x8000,0x8000,0x8000,0x8000,0x8000,0x8000,0x8000,
  0x8000,0x8000,0x8000,0x8000,0x8000,0x8000,0x8000,0x8000,0x8000,0x8000,0x8000,0x8000,0x8000,0x8000,0x8000,0x8000,
  0x8000,0x8842,0xE739,0xEF7B,0xEB5A,0xEB5A,0xEB5A,0xEB5A,0xEB5A,0xEB5A,0xEB5A,0xEB5A,0xEB5A,0xEB5A,0xEF7B,0xEB5A,
  0xF39C,0xA94A,0x8000,0x8000,0x8000,0x8000,0x8000,0x8000,0x8000,0x8000,0x8000,0x8000,0x8000,0x8000,0xBDEF,0xF7BD,
  0xEF7B,0xEF7B,0xEF7B,0xEF7B,0xEF7B,0xEF7B,0xEF7B,0xEF7B,0xEF7B,0xEF7B,0xEF7B,0xEF7B,0xEF7B,0xEF7B,0xEF7B,0xEF7B,
  0xF39C,0xF39C,0xF39C,0xF39C,0xEF7B,0xF39C,0xEB5A,0x8421,0x8000,0x8000,0x8000,0x8000,0x8000,0x8000,0x8000,0x8000,
  0x8000,0x8000,0x8000,0x8421,0xE739,0xF7BD,0xF39C,0xF39C,0xF39C,0xF39C,0xF39C,0xF39C,0xF39C,0xF39C,0xF39C,0xF39C,
  0xF39C,0xF3BC,0xF7BD,0xF7BD,0xF7BD,0xF7BD,0xF7BD,0xF7BD,0xF7BD,0xF7BD,0xF7BD,0xF7BD,0xF7BD,0xF7BD,0xF7BD,0xF7BD,
  0xF7BD,0xF7BD,0xF7BD,0xF7BD,0xF7BD,0xFBDE,0xFFFF,0xE318,0xB18C,0x8421,0x8000,0x8000,0x8000,0x8000,0x8000,0x8000,
  0x8000,0x8000,0x8000,0x8000,0x8000,0x8000,0x8000,0x8000,0x8000,0x8000,0x8000,0x8000,0x8000,0x8000,0xCA52,0xFFFF,
  0x0000,0x0000,0x0000,0x0000,0x0000,0x0000,0x0000,0x0000,0x0000,0x0000,0x0000,0x0000,0x0000,0x0000,0x0000,0x0000,
  0x0000,0x0000,0x0000,0x0000,0x0000,0x0000,0x0000,0x0000,0x0000,0x0000,0x0000,0x0000,0x0000,0x0000,0x0000,0x0000,
  0x0000,0x0000,0x0000,0x0000,0x0000,0x0000,0x0000,0x0000,0x0000,0x0000,0x0000,0x0000,0x0000,0x0000,0x0000,0x0000,
  0x0000,0x0000,0x0000,0x0000,0x0000,0x0000,0x0000,0x0000,0x0000,0x0000,0x0000,0x0000,0x0000,0x0000,0x0000,0x0000,
  0x0000,0x0000,0x0000,0x0000,0x0000,0x0000,0x0000,0x0000,0x0000,0x0000,0x0000,0x0000,0x0000,0x0000,0x0000,0x0000,
  0x0000,0x0000,0x0000,0x0000,0x0000,0x0000,0x0000,0x0000,0x0000,0x0000,0x0000,0x0000,0x0000,0x0000,0x0000,0x0000,
  0x0000,0x0000,0x0000,0x0000,0x0000,0x0000,0x0000,0x0000,0x0000,0x0000,0x0000,0x0000,0x0000,0x0000,0x0000,0x0000,
  0x0000,0x0000,0x0000,0x0000,0x0000,0x0000,0x0000,0x0000,0x0000,0x0000,0x0000,0x0000,0x0000,0x0000,0x0000,0x0000,
  0xF33A,0xEED7,0xAD29,0x8000,0x8000,0x8000,0x8000,0x8000,0x8000,0x8000,0x8000,0x8000,0x8000,0x8000,0x8000,0x8000,
  0x8000,0x8000,0x8000,0x8000,0x8000,0x8000,0x8000,0x8000,0x8000,0x8000,0x8000,0x9484,0xE695,0xE695,0xE695,0xE695,
  0xE695,0xE695,0xE695,0xE695,0xE695,0xE695,0xE695,0xE695,0xEAB6,0xCDF0,0x8000,0x8000,0x8000,0x8000,0x8000,0x8000,
  0x8000,0x8000,0x8000,0x8000,0x8000,0x8000,0x8000,0x8000,0x8000,0x8842,0xE695,0xC18D,0x8000,0x8000,0x8000,0x8000,
  0x8000,0x8000,0x8000,0x8000,0x8000,0x8000,0x8000,0x8000,0x8000,0xB18C,0xDAD6,0xD294,0xD6B5,0xD6B5,0xD6B5,0xD6B5,
  0xD6B5,0xD6B5,0xD6B5,0xD6B5,0xD6B5,0xD6B5,0x8C63,0x8000,0x8000,0x8000,0x8000,0x8000,0x8000,0x8000,0x8000,0x8000,
  0x8000,0x8000,0x8000,0xBDEF,0xDEF7,0xD6B5,0xDAD6,0xDAD6,0xDAD6,0xDAD6,0xDAD6,0xDAD6,0xDAD6,0xDAD6,0xDAD6,0xDAD6,
  0xDAD6,0xDAD6,0xDAD6,0xDAD6,0xDAD6,0xDAD6,0xE318,0xB5AD,0x8000,0x8000,0x8000,0x8000,0x8000,0x8000,0x8000,0x8000,
  0x8000,0x8000,0x8000,0x8000,0x9CE7,0xE318,0xDAD6,0xDEF7,0xDEF7,0xDEF7,0xDEF7,0xDEF7,0xDEF7,0xDEF7,0xDEF7,0xDEF7,
  0xDEF7,0xDAD6,0xE318,0xC210,0x8000,0x8000,0x8000,0x8000,0x8000,0x8000,0x8000,0x8000,0x8000,0x8000,0x8000,0x8000,
  0x98C6,0xE318,0xDEF7,0xDEF7,0xDEF7,0xDEF7,0xDEF7,0xDEF7,0xDEF7,0xE318,0xE318,0xE318,0xE318,0xE318,0xE2F7,0xE318,
  0xDEF7,0x94A5,0x8000,0x8000,0x8000,0x8000,0x8000,0x8000,0x8000,0x8000,0x8000,0x8000,0x8000,0x8000,0x8000,0x8000,
  0x8000,0x8000,0x8421,0xCA52,0xEB5A,0xE318,0xE318,0xE318,0xE318,0xE318,0xE738,0xE739,0xE739,0xE739,0xE739,0xE739,
  0xE739,0xE739,0xE739,0xE739,0xE739,0xE739,0xE739,0xE739,0xE318,0x8842,0x8000,0x8000,0x8000,0x8000,0x8000,0x8000,
  0x8000,0x8000,0x8000,0x8000,0x8000,0x8000,0x8000,0x8000,0x8000,0x8000,0x8000,0x8000,0x8000,0x8000,0x8000,0x8000,
  0x8000,0x8000,0x8000,0x8000,0x8000,0x8000,0x8000,0x8000,0x8000,0x8000,0x8000,0x8000,0x8000,0x8000,0x8000,0x8000,
  0x8000,0x8842,0xE739,0xEF7B,0xEB5A,0xEB5A,0xEB5A,0xEB5A,0xEB5A,0xEB5A,0xEB5A,0xEB5A,0xEB5A,0xEB5A,0xEF7A,0xEB5A,
  0xF39C,0xA94A,0x8000,0x8000,0x8000,0x8000,0x8000,0x8000,0x8000,0x8000,0x8000,0x8000,0x8000,0x8000,0xBDEF,0xF7BD,
  0xEF7B,0xEF7B,0xEF7B,0xEF7B,0xEF7B,0xEF7B,0xEF7B,0xEF7B,0xEF7B,0xEF7B,0xEF7B,0xEF7B,0xEF7B,0xEF7B,0xEF7B,0xEF7B,
  0xF39C,0xF39C,0xF39C,0xF39C,0xF39B,0xF39C,0xEB5A,0x8421,0x8000,0x8000,0x8000,0x8000,0x8000,0x8000,0x8000,0x8000,
  0x8000,0x8000,0x8000,0x8421,0xE739,0xF7BD,0xF39C,0xF39C,0xF39C,0xF39C,0xF39C,0xF39C,0xF39C,0xF39C,0xF39C,0xF39C,
  0xF39C,0xF39C,0xF7BD,0xF7BD,0xF7BD,0xF7BD,0xF7BD,0xF7BD,0xF7BD,0xF7BD,0xF7BD,0xF7BD,0xF7BD,0xF7BD,0xF7BD,0xF7BD,
  0xF7BD,0xF7BD,0xF7BD,0xFBDE,0xFFFF,0xDEF7,0xA529,0x8000,0x8000,0x8000,0x8000,0x8000,0x8000,0x8000,0x8000,0x8000,
  0x8000,0x8000,0x8000,0x8000,0x8000,0x8000,0x8000,0x8000,0x8000,0x8000,0x8000,0x8000,0x8000,0x8000,0xCA52,0xFFFF,
  0x0000,0x0000,0x0000,0x0000,0x0000,0x0000,0x0000,0x0000,0x0000,0x0000,0x0000,0x0000,0x0000,0x0000,0x0000,0x0000,
  0x0000,0x0000,0x0000,0x0000,0x0000,0x0000,0x0000,0x0000,0x0000,0x0000,0x0000,0x0000,0x0000,0x0000,0x0000,0x0000,
  0x0000,0x0000,0x0000,0x0000,0x0000,0x0000,0x0000,0x0000,0x0000,0x0000,0x0000,0x0000,0x0000,0x0000,0x0000,0x0000,
  0x0000,0x0000,0x0000,0x0000,0x0000,0x0000,0x0000,0x0000,0x0000,0x0000,0x0000,0x0000,0x0000,0x0000,0x0000,0x0000,
  0x0000,0x0000,0x0000,0x0000,0x0000,0x0000,0x0000,0x0000,0x0000,0x0000,0x0000,0x0000,0x0000,0x0000,0x0000,0x0000,
  0x0000,0x0000,0x0000,0x0000,0x0000,0x0000,0x0000,0x0000,0x0000,0x0000,0x0000,0x0000,0x0000,0x0000,0x0000,0x0000,
  0x0000,0x0000,0x0000,0x0000,0x0000,0x0000,0x0000,0x0000,0x0000,0x0000,0x0000,0x0000,0x0000,0x0000,0x0000,0x0000,
  0x0000,0x0000,0x0000,0x0000,0x0000,0x0000,0x0000,0x0000,0x0000,0x0000,0x0000,0x0000,0x0000,0x0000,0x0000,0x0000,
  0xF35A,0xEAB6,0xE274,0x8C42,0x8000,0x8000,0x8000,0x8000,0x8000,0x8000,0x8000,0x8000,0x8000,0x8000,0x8000,0x8000,
  0x8000,0x8000,0x8000,0x8000,0x8000,0x8000,0x8000,0x8000,0x8000,0x8000,0x9063,0xE274,0xEA95,0xE675,0xE695,0xE695,
  0xE695,0xE695,0xE695,0xE695,0xE695,0xE695,0xE695,0xE695,0xE695,0xE675,0x8C43,0x8000,0x8000,0x8000,0x8000,0x8000,
  0x8000,0x8000,0x8000,0x8000,0x8000,0x8000,0x8000,0x8000,0x8421,0xD211,0xF2D7,0xBD8D,0x8000,0x8000,0x8000,0x8000,
  0x8000,0x8000,0x8000,0x8000,0x8000,0x8000,0x8000,0x8000,0x8000,0xB18C,0xDAD6,0xD294,0xD6B5,0xD6B5,0xD6B5,0xD6B5,
  0xD6B5,0xD6B5,0xD6B5,0xD6B5,0xD6B5,0xDEF7,0xA529,0x8000,0x8000,0x8000,0x8000,0x8000,0x8000,0x8000,0x8000,0x8000,
  0x8000,0x8000,0x8000,0xA529,0xDEF7,0xD6B5,0xDAD6,0xDAD6,0xDAD6,0xDAD6,0xDAD6,0xDAD6,0xDAD6,0xDAD6,0xDAD6,0xDAD6,
  0xDAD6,0xDAD6,0xDAD6,0xDAD6,0xDAD6,0xDAD6,0xE318,0xB5AD,0x8000,0x8000,0x8000,0x8000,0x8000,0x8000,0x8000,0x8000,
  0x8000,0x8000,0x8000,0x8000,0x9CE7,0xE318,0xDAD6,0xDED7,0xDEF7,0xDEF7,0xDEF7,0xDEF7,0xDEF7,0xDEF7,0xDEF7,0xDEF7,
  0xDEF7,0xDED7,0xE318,0xC210,0x8000,0x8000,0x8000,0x8000,0x8000,0x8000,0x8000,0x8000,0x8000,0x8000,0x8000,0x8000,
  0x98C6,0xE318,0xDEF7,0xDEF7,0xDEF7,0xDEF7,0xDEF7,0xDEF7,0xE2F7,0xE318,0xE318,0xE318,0xE318,0xE318,0xE318,0xDEF7,
  0xE318,0xDEF7,0x94A5,0x8000,0x8000,0x8000,0x8000,0x8000,0x8000,0x8000,0x8000,0x8000,0x8000,0x8000,0x8000,0x8000,
  0x8000,0x8000,0x8000,0x8000,0xC210,0xEB5A,0xE318,0xE318,0xE318,0xE318,0xE738,0xE739,0xE739,0xE739,0xE739,0xE739,
  0xE739,0xE739,0xE739,0xE739,0xE739,0xE739,0xE739,0xE739,0xE318,0x8842,0x8000,0x8000,0x8000,0x8000,0x8000,0x8000,
  0x8000,0x8000,0x8000,0x8000,0x8000,0x8000,0x8000,0x8000,0x8000,0x8000,0x8000,0x8000,0x8000,0x8000,0x8000,0x8000,
  0x8000,0x8000,0x8000,0x8000,0x8000,0x8000,0x8000,0x8000,0x8000,0x8000,0x8000,0x8000,0x8000,0x8000,0x8000,0x8000,
  0x8000,0x8842,0xE739,0xEF7B,0xEB5A,0xEB5A,0xEB5A,0xEB5A,0xEB5A,0xEB5A,0xEB5A,0xEB5A,0xEB5A,0xEB5A,0xEF7B,0xEB5A,
  0xF39C,0xA94A,0x8000,0x8000,0x8000,0x8000,0x8000,0x8000,0x8000,0x8000,0x8000,0x8000,0x8000,0x8000,0xBDEF,0xF7BD,
  0xEF7B,0xEF7B,0xEF7B,0xEF7B,0xEF7B,0xEF7B,0xEF7B,0xEF7B,0xEF7B,0xEF7B,0xEF7B,0xEF7B,0xEF7B,0xEF7B,0xEF7B,0xEF7B,
  0xF39C,0xF39C,0xF39C,0xF39C,0xF37B,0xF39C,0xEB5A,0x8421,0x8000,0x8000,0x8000,0x8000,0x8000,0x8000,0x8000,0x8000,
  0x8000,0x8000,0x8000,0x8421,0xE739,0xF7BD,0xF39C,0xF39C,0xF39C,0xF39C,0xF39C,0xF39C,0xF39C,0xF39C,0xF39C,0xF39C,
  0xF39C,0xF79C,0xF7BD,0xF7BD,0xF7BD,0xF7BD,0xF7BD,0xF7BD,0xF7BD,0xF7BD,0xF7BD,0xF7BD,0xF7BD,0xF7BD,0xF7BD,0xF7BD,
  0xF39C,0xF7BD,0xFFFF,0xE318,0xA529,0x8000,0x8000,0x8000,0x8000,0x8000,0x8000,0x8000,0x8000,0x8000,0x8000,0x8000,
  0x8000,0x8000,0x8000,0x8000,0x8000,0x8000,0x8000,0x8000,0x8000,0x8000,0x8000,0x8000,0x8000,0x8000,0xCA52,0xFFFF,
  0x0000,0x0000,0x0000,0x0000,0x0000,0x0000,0x0000,0x0000,0x0000,0x0000,0x0000,0x0000,0x0000,0x0000,0x0000,0x0000,
  0x0000,0x0000,0x0000,0x0000,0x0000,0x0000,0x0000,0x0000,0x0000,0x0000,0x0000,0x0000,0x0000,0x0000,0x0000,0x0000,
  0x0000,0x0000,0x0000,0x0000,0x0000,0x0000,0x0000,0x0000,0x0000,0x0000,0x0000,0x0000,0x0000,0x0000,0x0000,0x0000,
  0x0000,0x0000,0x0000,0x0000,0x0000,0x0000,0x0000,0x0000,0x0000,0x0000,0x0000,0x0000,0x0000,0x0000,0x0000,0x0000,
  0x0000,0x0000,0x0000,0x0000,0x0000,0x0000,0x0000,0x0000,0x0000,0x0000,0x0000,0x0000,0x0000,0x0000,0x0000,0x0000,
  0x0000,0x0000,0x0000,0x0000,0x0000,0x0000,0x0000,0x0000,0x0000,0x0000,0x0000,0x0000,0x0000,0x0000,0x0000,0x0000,
  0x0000,0x0000,0x0000,0x0000,0x0000,0x0000,0x0000,0x0000,0x0000,0x0000,0x0000,0x0000,0x0000,0x0000,0x0000,0x0000,
  0x0000,0x0000,0x0000,0x0000,0x0000,0x0000,0x0000,0x0000,0x0000,0x0000,0x0000,0x0000,0x0000,0x0000,0x0000,0x0000,
  0xF35A,0xE695,0xEA96,0xD1F0,0x8000,0x8000,0x8000,0x8000,0x8000,0x8000,0x8000,0x8000,0x8000,0x8000,0x8000,0x8000,
  0x8000,0x8000,0x8000,0x8000,0x8000,0x8000,0x8000,0x8000,0x8000,0x9063,0xDE53,0xEA96,0xE275,0xE695,0xE695,0xE695,
  0xE695,0xE695,0xE695,0xE695,0xE695,0xE695,0xE695,0xE695,0xE275,0xEAB6,0xA4E7,0x8000,0x8000,0x8000,0x8000,0x8000,
  0x8000,0x8000,0x8000,0x8000,0x8000,0x8000,0x8000,0x8821,0xCDF0,0xEA96,0xEAB6,0xBD8D,0x8000,0x8000,0x8000,0x8000,
  0x8000,0x8000,0x8000,0x8000,0x8000,0x8000,0x8000,0x8000,0x8000,0xB18C,0xDAD6,0xD294,0xD6B5,0xD6B5,0xD6B5,0xD6B5,
  0xD6B5,0xD6B5,0xD6B5,0xD6B5,0xD6B5,0xDAD6,0xBDEF,0x8000,0x8000,0x8000,0x8000,0x8000,0x8000,0x8000,0x8000,0x8000,
  0x8000,0x8000,0x8000,0x8C63,0xD6B5,0xDAD6,0xDAD6,0xDAD6,0xDAD6,0xDAD6,0xDAD6,0xDAD6,0xDAD6,0xDAD6,0xDAD6,0xDAD6,
  0xDAD6,0xDAD6,0xDAD6,0xDAD6,0xDAD6,0xDAD6,0xE318,0xB5AD,0x8000,0x8000,0x8000,0x8000,0x8000,0x8000,0x8000,0x8000,
  0x8000,0x8000,0x8000,0x8000,0x9CE7,0xE318,0xDAD6,0xDEF7,0xDEF7,0xDEF7,0xDEF7,0xDEF7,0xDEF7,0xDEF7,0xDEF7,0xDEF7,
  0xDEF7,0xDAF7,0xE318,0xC210,0x8000,0x8000,0x8000,0x8000,0x8000,0x8000,0x8000,0x8000,0x8000,0x8000,0x8000,0x8000,
  0x98C6,0xE318,0xDEF7,0xDEF7,0xDEF7,0xDEF7,0xDEF7,0xDEF7,0xDEF7,0xE318,0xE318,0xE318,0xE318,0xE318,0xE318,0xE318,
  0xDEF7,0xE318,0xE318,0x9CE7,0x8000,0x8000,0x8000,0x8000,0x8000,0x8000,0x8000,0x8000,0x8000,0x8000,0x8000,0x8000,
  0x8000,0x8000,0x8000,0x8000,0x8000,0xBDEF,0xEB5A,0xE318,0xE318,0xE318,0xE338,0xE739,0xE739,0xE739,0xE739,0xE739,
  0xE739,0xE739,0xE739,0xE739,0xE739,0xE739,0xE739,0xE739,0xE318,0x8842,0x8000,0x8000,0x8000,0x8000,0x8000,0x8000,
  0x8000,0x8000,0x8000,0x8000,0x8000,0x8000,0x8000,0x8000,0x8000,0x8000,0x8000,0x8000,0x8000,0x8000,0x8000,0x8000,
  0x8000,0x8000,0x8000,0x8000,0x8000,0x8000,0x8000,0x8000,0x8000,0x8000,0x8000,0x8000,0x8000,0x8000,0x8000,0x8000,
  0x8000,0x8842,0xE739,0xEF7B,0xEB5A,0xEB5A,0xEB5A,0xEB5A,0xEB5A,0xEB5A,0xEB5A,0xEB5A,0xEB5A,0xEB5A,0xEF7B,0xEB5A,
  0xF39C,0xA94A,0x8000,0x8000,0x8000,0x8000,0x8000,0x8000,0x8000,0x8000,0x8000,0x8000,0x8000,0x8000,0xBDEF,0xF7BD,
  0xEF7B,0xEF7B,0xEF7B,0xEF7B,0xEF7B,0xEF7B,0xEF7B,0xEF7B,0xEF7B,0xEF7B,0xEF7B,0xEF7B,0xEF7B,0xEF7B,0xEF7B,0xEF7B,
  0xF39C,0xF39C,0xF39C,0xF39C,0xF37C,0xF39C,0xEB5A,0x8421,0x8000,0x8000,0x8000,0x8000,0x8000,0x8000,0x8000,0x8000,
  0x8000,0x8000,0x8000,0x8421,0xE739,0xF7BD,0xF39C,0xF39C,0xF39C,0xF39C,0xF39C,0xF39C,0xF39C,0xF39C,0xF39C,0xF39C,
  0xF39C,0xF39C,0xF7BD,0xF7BD,0xF7BD,0xF7BD,0xF7BD,0xF7BD,0xF7BD,0xF7BD,0xF7BD,0xF7BD,0xF7BD,0xF7BD,0xF7BD,0xF7BD,
  0xFFFF,0xEF7B,0xB18C,0x8000,0x8000,0x8000,0x8000,0x8000,0x8000,0x8000,0x8000,0x8000,0x8000,0x8000,0x8000,0x8000,
  0x8000,0x8000,0x8000,0x8000,0x8000,0x8000,0x8000,0x8000,0x8000,0x8000,0x8000,0x8000,0x8000,0x8000,0xCA52,0xFFFF,
  0x0000,0x0000,0x0000,0x0000,0x0000,0x0000,0x0000,0x0000,0x0000,0x0000,0x0000,0x0000,0x0000,0x0000,0x0000,0x0000,
  0x0000,0x0000,0x0000,0x0000,0x0000,0x0000,0x0000,0x0000,0x0000,0x0000,0x0000,0x0000,0x0000,0x0000,0x0000,0x0000,
  0x0000,0x0000,0x0000,0x0000,0x0000,0x0000,0x0000,0x0000,0x0000,0x0000,0x0000,0x0000,0x0000,0x0000,0x0000,0x0000,
  0x0000,0x0000,0x0000,0x0000,0x0000,0x0000,0x0000,0x0000,0x0000,0x0000,0x0000,0x0000,0x0000,0x0000,0x0000,0x0000,
  0x0000,0x0000,0x0000,0x0000,0x0000,0x0000,0x0000,0x0000,0x0000,0x0000,0x0000,0x0000,0x0000,0x0000,0x0000,0x0000,
  0x0000,0x0000,0x0000,0x0000,0x0000,0x0000,0x0000,0x0000,0x0000,0x0000,0x0000,0x0000,0x0000,0x0000,0x0000,0x0000,
  0x0000,0x0000,0x0000,0x0000,0x0000,0x0000,0x0000,0x0000,0x0000,0x0000,0x0000,0x0000,0x0000,0x0000,0x0000,0x0000,
  0x0000,0x0000,0x0000,0x0000,0x0000,0x0000,0x0000,0x0000,0x0000,0x0000,0x0000,0x0000,0x0000,0x0000,0x0000,0x0000,
  0xF35A,0xE6B6,0xE274,0xEAB6,0xC9CF,0x8401,0x8000,0x8000,0x8000,0x8000,0x8000,0x8000,0x8000,0x8000,0x8000,0x8000,
  0x8000,0x8000,0x8000,0x8000,0x8000,0x8000,0x8000,0x8000,0x9CC6,0xE274,0xEA95,0xE274,0xE695,0xE675,0xE675,0xE675,
  0xE675,0xE675,0xE675,0xE695,0xE675,0xE675,0xE675,0xE675,0xE274,0xEAB6,0xBD8D,0x8000,0x8000,0x8000,0x8000,0x8000,
  0x8000,0x8000,0x8000,0x8000,0x8000,0x8000,0x9CA5,0xDA32,0xEAB6,0xE274,0xEAB6,0xBD8D,0x8000,0x8000,0x8000,0x8000,
  0x8000,0x8000,0x8000,0x8000,0x8000,0x8000,0x8000,0x8000,0x8000,0xB18C,0xDAD6,0xD294,0xD6B5,0xD6B5,0xD6B5,0xD6B5,
  0xD6B5,0xD6B5,0xD6B5,0xD6B5,0xD6B5,0xD6B5,0xCE73,0x8421,0x8000,0x8000,0x8000,0x8000,0x8000,0x8000,0x8000,0x8000,
  0x8000,0x8000,0x8000,0x8000,0xCA52,0xDAD6,0xD6B5,0xDAD6,0xDAD6,0xDAD6,0xDAD6,0xDAD6,0xDAD6,0xDAD6,0xDAD6,0xDAD6,
  0xDAD6,0xDAD6,0xDAD6,0xDAD6,0xDAD6,0xDAD6,0xE318,0xB5AD,0x8000,0x8000,0x8000,0x8000,0x8000,0x8000,0x8000,0x8000,
  0x8000,0x8000,0x8000,0x8000,0x9CE7,0xE318,0xDAD6,0xDEF6,0xDEF7,0xDEF7,0xDEF7,0xDEF7,0xDEF7,0xDEF7,0xDEF7,0xDEF7,
  0xDEF7,0xDED6,0xE318,0xBE10,0x8000,0x8000,0x8000,0x8000,0x8000,0x8000,0x8000,0x8000,0x8000,0x8000,0x8000,0x8000,
  0x98C6,0xE318,0xDEF7,0xDEF7,0xDEF7,0xDEF7,0xDEF7,0xDEF7,0xDEF7,0xE318,0xE318,0xE318,0xE318,0xE318,0xE318,0xE318,
  0xE318,0xDEF7,0xE318,0xE718,0xA92A,0x8000,0x8000,0x8000,0x8000,0x8000,0x8000,0x8000,0x8000,0x8000,0x8000,0x8000,
  0x8000,0x8000,0x8000,0x8000,0x8000,0x8000,0xB5AD,0xEB5A,0xE318,0xE318,0xE739,0xE739,0xE739,0xE739,0xE739,0xE739,
  0xE739,0xE739,0xE739,0xE739,0xE739,0xE739,0xE739,0xE739,0xE318,0x8842,0x8000,0x8000,0x8000,0x8000,0x8000,0x8000,
  0x8000,0x8000,0x8000,0x8000,0x8000,0x8000,0x8000,0x8000,0x8000,0x8000,0x8000,0x8000,0x8000,0x8000,0x8000,0x8000,
  0x8000,0x8000,0x8000,0x8000,0x8000,0x8000,0x8000,0x8000,0x8000,0x8000,0x8000,0x8000,0x8000,0x8000,0x8000,0x8000,
  0x8000,0x8000,0xE739,0xEF7B,0xEB5A,0xEB5A,0xEB5A,0xEB5A,0xEB5A,0xEB5A,0xEB5A,0xEB5A,0xEB5A,0xEB5A,0xEF7B,0xEB5A,
  0xF39C,0xA94A,0x8000,0x8000,0x8000,0x8000,0x8000,0x8000,0x8000,0x8000,0x8000,0x8000,0x8000,0x8000,0xBDEF,0xF7BD,
  0xEF7B,0xEF7B,0xEF7B,0xEF7B,0xEF7B,0xEF7B,0xEF7B,0xEF7B,0xEF7B,0xEF7B,0xEF7B,0xEF7B,0xEF7B,0xEF7B,0xEF7B,0xEF7B,
  0xF39C,0xF39C,0xF39C,0xF39C,0xEF7C,0xF39C,0xEB5A,0x8421,0x8000,0x8000,0x8000,0x8000,0x8000,0x8000,0x8000,0x8000,
  0x8000,0x8000,0x8000,0x8421,0xE739,0xF7BD,0xF39C,0xF39C,0xF39C,0xF39C,0xF39C,0xF39C,0xF39C,0xF39C,0xF39C,0xF39C,
  0xF39C,0xF39C,0xF7BD,0xF7BD,0xF7BD,0xF7BD,0xF7BD,0xF7BD,0xF7BD,0xF7BD,0xF7BD,0xF7BD,0xF7BD,0xF39C,0xF7BD,0xFFFF,
  0xCE73,0x8C63,0x8000,0x8000,0x8000,0x8000,0x8000,0x8000,0x8000,0x8000,0x8000,0x8000,0x8000,0x8000,0x8000,0x8000,
  0x8421,0x8842,0x8000,0x8000,0x8000,0x8000,0x8000,0x8000,0x8000,0x8000,0x8000,0x8000,0x8000,0x8000,0xCA52,0xFFFF,
  0x0000,0x0000,0x0000,0x0000,0x0000,0x0000,0x0000,0x0000,0x0000,0x0000,0x0000,0x0000,0x0000,0x0000,0x0000,0x0000,
  0x0000,0x0000,0x0000,0x0000,0x0000,0x0000,0x0000,0x0000,0x0000,0x0000,0x0000,0x0000,0x0000,0x0000,0x0000,0x0000,
  0x0000,0x0000,0x0000,0x0000,0x0000,0x0000,0x0000,0x0000,0x0000,0x0000,0x0000,0x0000,0x0000,0x0000,0x0000,0x0000,
  0x0000,0x0000,0x0000,0x0000,0x0000,0x0000,0x0000,0x0000,0x0000,0x0000,0x0000,0x0000,0x0000,0x0000,0x0000,0x0000,
  0x0000,0x0000,0x0000,0x0000,0x0000,0x0000,0x0000,0x0000,0x0000,0x0000,0x0000,0x0000,0x0000,0x0000,0x0000,0x0000,
  0x0000,0x0000,0x0000,0x0000,0x0000,0x0000,0x0000,0x0000,0x0000,0x0000,0x0000,0x0000,0x0000,0x0000,0x0000,0x0000,
  0x0000,0x0000,0x0000,0x0000,0x0000,0x0000,0x0000,0x0000,0x0000,0x0000,0x0000,0x0000,0x0000,0x0000,0x0000,0x0000,
  0x0000,0x0000,0x0000,0x0000,0x0000,0x0000,0x0000,0x0000,0x0000,0x0000,0x0000,0x0000,0x0000,0x0000,0x0000,0x0000,
  0xF35A,0xE696,0xE674,0xE274,0xEAB6,0xD611,0x9484,0x8000,0x8000,0x8000,0x8000,0x8000,0x8000,0x8000,0x8000,0x8000,
  0x8000,0x8000,0x8000,0x8000,0x8000,0x8000,0x8821,0xB96C,0xEA95,0xE695,0xE274,0xE675,0xE675,0xE675,0xE675,0xE675,
  0xE675,0xE675,0xE675,0xE675,0xE675,0xE675,0xE675,0xE675,0xE674,0xEA95,0xD632,0x8000,0x8000,0x8000,0x8000,0x8000,
  0x8000,0x8000,0x8000,0x8000,0x9064,0xC18D,0xE695,0xE695,0xE274,0xE274,0xEAB6,0xBD8D,0x8000,0x8000,0x8000,0x8000,
  0x8000,0x8000,0x8000,0x8000,0x8000,0x8000,0x8000,0x8000,0x8000,0xB18C,0xDAD6,0xD294,0xD6B5,0xD6B5,0xD6B5,0xD6B5,
  0xD6B5,0xD6B5,0xD6B5,0xD6B5,0xD6B5,0xD6B5,0xDAD6,0x94A5,0x8000,0x8000,0x8000,0x8000,0x8000,0x8000,0x8000,0x8000,
  0x8000,0x8000,0x8000,0x8000,0xB18C,0xDEF7,0xD6B5,0xDAD6,0xDAD6,0xDAD6,0xDAD6,0xDAD6,0xDAD6,0xDAD6,0xDAD6,0xDAD6,
  0xDAD6,0xDAD6,0xDAD6,0xDAD6,0xDAD6,0xDAD6,0xE318,0xB5AD,0x8000,0x8000,0x8000,0x8000,0x8000,0x8000,0x8000,0x8000,
  0x8000,0x8000,0x8000,0x8000,0x9CE7,0xE318,0xDAD6,0xDAF7,0xDEF7,0xDEF7,0xDEF7,0xDEF7,0xDEF7,0xDEF7,0xDEF7,0xDEF7,
  0xDEF7,0xDAD6,0xE318,0xC20F,0x8000,0x8000,0x8000,0x8000,0x8000,0x8000,0x8000,0x8000,0x8000,0x8000,0x8000,0x8000,
  0x98C6,0xE318,0xDEF7,0xDEF7,0xDEF7,0xDEF7,0xDEF7,0xDEF7,0xDEF7,0xE318,0xE318,0xE318,0xE318,0xE318,0xE318,0xE318,
  0xE318,0xE318,0xE318,0xE318,0xE739,0xB5AD,0x8000,0x8000,0x8000,0x8000,0x8000,0x8000,0x8000,0x8000,0x8000,0x8000,
  0x8000,0x8000,0x8000,0x8000,0x8000,0x8000,0x8000,0xB18C,0xEB5A,0xE318,0xE318,0xE739,0xE739,0xE739,0xE739,0xE739,
  0xE739,0xE739,0xE739,0xE739,0xE739,0xE739,0xE739,0xE739,0xE318,0x8842,0x8000,0x8000,0x8000,0x8000,0x8000,0x8000,
  0x8000,0x8000,0x8000,0x8000,0x8000,0x8000,0x94A5,0x98C6,0x98C6,0x98C6,0x98C6,0x98C6,0x98C6,0x98C6,0x98C6,0x98C6,
  0x98C6,0x98C6,0x98C6,0x98C6,0x98C6,0x98C6,0x98C6,0x98C6,0x98C6,0x98C6,0x98C6,0x98C6,0x98C6,0x98C6,0x98C6,0x98C6,
  0x98C6,0xA108,0xE739,0xEB5A,0xEB5A,0xEB5A,0xEB5A,0xEB5A,0xEB5A,0xEB5A,0xEB5A,0xEB5A,0xEB5A,0xEB5A,0xEF7A,0xEB5A,
  0xF39C,0xA94A,0x8000,0x8000,0x8000,0x8000,0x8000,0x8000,0x8000,0x8000,0x8000,0x8000,0x8000,0x8000,0xBDEF,0xF7BD,
  0xEF7B,0xEF7B,0xEF7B,0xEF7B,0xEF7B,0xEF7B,0xEF7B,0xEF7B,0xEF7B,0xEF7B,0xEF7B,0xEF7B,0xEF7B,0xEF7B,0xEF7B,0xEF7B,
  0xF39C,0xF39C,0xF39C,0xF39C,0xF37C,0xF39C,0xEB5A,0x8421,0x8000,0x8000,0x8000,0x8000,0x8000,0x8000,0x8000,0x8000,
  0x8000,0x8000,0x8000,0x8421,0xE739,0xF7BD,0xF39C,0xF39C,0xF39C,0xF39C,0xF39C,0xF39C,0xF39C,0xF39C,0xF39C,0xF39C,
  0xF39C,0xF39C,0xF7BD,0xF7BD,0xF7BD,0xF7BD,0xF7BD,0xF7BD,0xF7BD,0xF7BD,0xF7BD,0xF7BD,0xF39C,0xFBDE,0xF39C,0xAD6B,
  0x8000,0x8000,0x8000,0x8000,0x8000,0x8000,0x8000,0x8000,0x8000,0x8000,0x8000,0x8000,0x8000,0x8000,0x8000,0xA108,
  0xEB5A,0xB18C,0x8000,0x8000,0x8000,0x8000,0x8000,0x8000,0x8000,0x8000,0x8000,0x8000,0x8000,0x8000,0xCA52,0xFFFF,
  0x0000,0x0000,0x0000,0x0000,0x0000,0x0000,0x0000,0x0000,0x0000,0x0000,0x0000,0x0000,0x0000,0x0000,0x0000,0x0000,
  0x0000,0x0000,0x0000,0x0000,0x0000,0x0000,0x0000,0x0000,0x0000,0x0000,0x0000,0x0000,0x0000,0x0000,0x0000,0x0000,
  0x0000,0x0000,0x0000,0x0000,0x0000,0x0000,0x0000,0x0000,0x0000,0x0000,0x0000,0x0000,0x0000,0x0000,0x0000,0x0000,
  0x0000,0x0000,0x0000,0x0000,0x0000,0x0000,0x0000,0x0000,0x0000,0x0000,0x0000,0x0000,0x0000,0x0000,0x0000,0x0000,
  0x0000,0x0000,0x0000,0x0000,0x0000,0x0000,0x0000,0x0000,0x0000,0x0000,0x0000,0x0000,0x0000,0x0000,0x0000,0x0000,
  0x0000,0x0000,0x0000,0x0000,0x0000,0x0000,0x0000,0x0000,0x0000,0x0000,0x0000,0x0000,0x0000,0x0000,0x0000,0x0000,
  0x0000,0x0000,0x0000,0x0000,0x0000,0x0000,0x0000,0x0000,0x0000,0x0000,0x0000,0x0000,0x0000,0x0000,0x0000,0x0000,
  0x0000,0x0000,0x0000,0x0000,0x0000,0x0000,0x0000,0x0000,0x0000,0x0000,0x0000,0x0000,0x0000,0x0000,0x0000,0x0000,
  0xF35A,0xE695,0xE274,0xE675,0xE274,0xEA95,0xE675,0xC18D,0x9484,0x8000,0x8000,0x8000,0x8000,0x8000,0x8000,0x8000,
  0x8000,0x8000,0x8000,0x8000,0x9063,0xB54A,0xDE53,0xEAB6,0xE274,0xE274,0xE675,0xE675,0xE675,0xE675,0xE675,0xE675,
  0xE675,0xE675,0xE675,0xE675,0xE675,0xE675,0xE675,0xE675,0xE675,0xE675,0xE695,0x9063,0x8000,0x8000,0x8000,0x8000,
  0x8000,0x8842,0xA4E7,0xC9CF,0xE675,0xEAB6,0xE274,0xE274,0xE675,0xE274,0xEAB6,0xBD8D,0x8000,0x8000,0x8000,0x8000,
  0x8000,0x8000,0x8000,0x8000,0x8000,0x8000,0x8000,0x8000,0x8000,0xB18C,0xDAD6,0xD294,0xD6B5,0xD6B5,0xD6B5,0xD6B5,
  0xD6B5,0xD6B5,0xD6B5,0xD6B5,0xD6B5,0xD6B5,0xDEF7,0xAD6B,0x8000,0x8000,0x8000,0x8000,0x8000,0x8000,0x8000,0x8000,
  0x8000,0x8000,0x8000,0x8000,0x98C6,0xDEF7,0xD6B5,0xDAD6,0xDAD6,0xDAD6,0xDAD6,0xDAD6,0xDAD6,0xDAD6,0xDAD6,0xDAD6,
  0xDAD6,0xDAD6,0xDAD6,0xDAD6,0xDAD6,0xDAD6,0xE318,0xB5AD,0x8000,0x8000,0x8000,0x8000,0x8000,0x8000,0x8000,0x8000,
  0x8000,0x8000,0x8000,0x8000,0x9CE7,0xE318,0xDAD6,0xDAF7,0xDEF7,0xDEF7,0xDEF7,0xDEF7,0xDEF7,0xDEF7,0xDEF7,0xDEF7,
  0xDEF7,0xDAD6,0xE318,0xC210,0x8000,0x8000,0x8000,0x8000,0x8000,0x8000,0x8000,0x8000,0x8000,0x8000,0x8000,0x8000,
  0x98C6,0xE318,0xDEF7,0xDEF7,0xDEF7,0xDEF7,0xDEF7,0xDEF7,0xDEF7,0xE318,0xE318,0xE318,0xE318,0xE318,0xE318,0xE318,
  0xE318,0xE318,0xE318,0xE318,0xE318,0xEB5A,0xC210,0x8000,0x8000,0x8000,0x8000,0x8000,0x8000,0x8000,0x8000,0x8000,
  0x8000,0x8000,0x8000,0x8000,0x8000,0x8000,0x8000,0x8000,0xAD6B,0xEB5A,0xE318,0xE338,0xE739,0xE739,0xE739,0xE739,
  0xE739,0xE739,0xE739,0xE739,0xE739,0xE739,0xE739,0xE739,0xE318,0x8842,0x8000,0x8000,0x8000,0x8000,0x8000,0x8000,
  0x8000,0x8000,0x8000,0x8000,0x8000,0x8000,0xDAD6,0xEF7B,0xEB5A,0xEB5A,0xEB5A,0xEB5A,0xEB5A,0xEB5A,0xEB5A,0xEF7B,
  0xEF7B,0xEF7B,0xEF7B,0xEF7B,0xEF7B,0xEF7B,0xEF7B,0xEF7B,0xEF7B,0xEF7B,0xEF7B,0xEF7B,0xEF7B,0xEF7B,0xEF7B,0xEF7B,
  0xEF7B,0xEF7B,0xEB5A,0xEB5A,0xEB5A,0xEB5A,0xEB5A,0xEB5A,0xEB5A,0xEB5A,0xEB5A,0xEB5A,0xEB5A,0xEB5A,0xEF7B,0xEB5A,
  0xF39C,0xA94A,0x8000,0x8000,0x8000,0x8000,0x8000,0x8000,0x8000,0x8000,0x8000,0x8000,0x8000,0x8000,0xBDEF,0xF7BD,
  0xEF7B,0xEF7B,0xEF7B,0xEF7B,0xEF7B,0xEF7B,0xEF7B,0xEF7B,0xEF7B,0xEF7B,0xEF7B,0xEF7B,0xEF7B,0xEF7B,0xEF7B,0xF37B,
  0xF39C,0xF39C,0xF39C,0xF39C,0xEF7B,0xF39C,0xEB5A,0x8421,0x8000,0x8000,0x8000,0x8000,0x8000,0x8000,0x8000,0x8000,
  0x8000,0x8000,0x8000,0x8421,0xE739,0xF7BD,0xF39C,0xF39C,0xF39C,0xF39C,0xF39C,0xF39C,0xF39C,0xF39C,0xF39C,0xF39C,
  0xF39C,0xF3BD,0xF7BD,0xF7BD,0xF7BD,0xF7BD,0xF7BD,0xF7BD,0xF7BD,0xF7BD,0xF7BD,0xF39C,0xFFFF,0xE739,0x94A5,0x8000,
  0x8000,0x8000,0x8000,0x8000,0x8000,0x8000,0x8000,0x8000,0x8000,0x8000,0x8000,0x8000,0x8000,0x9084,0xD294,0xFBDE,
  0xFFFF,0xAD6B,0x8000,0x8000,0x8000,0x8000,0x8000,0x8000,0x8000,0x8000,0x8000,0x8000,0x8000,0x8000,0xCA52,0xFFFF,
  0x0000,0x0000,0x0000,0x0000,0x0000,0x0000,0x0000,0x0000,0x0000,0x0000,0x0000,0x0000,0x0000,0x0000,0x0000,0x0000,
  0x0000,0x0000,0x0000,0x0000,0x0000,0x0000,0x0000,0x0000,0x0000,0x0000,0x0000,0x0000,0x0000,0x0000,0x0000,0x0000,
  0x0000,0x0000,0x0000,0x0000,0x0000,0x0000,0x0000,0x0000,0x0000,0x0000,0x0000,0x0000,0x0000,0x0000,0x0000,0x0000,
  0x0000,0x0000,0x0000,0x0000,0x0000,0x0000,0x0000,0x0000,0x0000,0x0000,0x0000,0x0000,0x0000,0x0000,0x0000,0x0000,
  0x0000,0x0000,0x0000,0x0000,0x0000,0x0000,0x0000,0x0000,0x0000,0x0000,0x0000,0x0000,0x0000,0x0000,0x0000,0x0000,
  0x0000,0x0000,0x0000,0x0000,0x0000,0x0000,0x0000,0x0000,0x0000,0x0000,0x0000,0x0000,0x0000,0x0000,0x0000,0x0000,
  0x0000,0x0000,0x0000,0x0000,0x0000,0x0000,0x0000,0x0000,0x0000,0x0000,0x0000,0x0000,0x0000,0x0000,0x0000,0x0000,
  0x0000,0x0000,0x0000,0x0000,0x0000,0x0000,0x0000,0x0000,0x0000,0x0000,0x0000,0x0000,0x0000,0x0000,0x0000,0x0000,
  0xF35A,0xE695,0xE274,0xE675,0xE674,0xE274,0xE674,0xEA96,0xE695,0xD611,0xBD8D,0xAD09,0xA0C6,0x98A5,0x9885,0x98A5,
  0xA0C6,0xAD09,0xBD6C,0xD1F1,0xE274,0xEAB6,0xE695,0xE274,0xE674,0xE674,0xE674,0xE674,0xE674,0xE674,0xE674,0xE674,
  0xE674,0xE674,0xE674,0xE674,0xE674,0xE674,0xE674,0xE674,0xE674,0xE274,0xEA96,0xB12A,0x9063,0x9CA5,0xA8E8,0xB96C,
  0xCDF0,0xDE54,0xEA96,0xEA96,0xE674,0xE274,0xE674,0xE674,0xE674,0xE274,0xEA96,0xBD8D,0x8000,0x8000,0x8000,0x8000,
  0x8000,0x8000,0x8000,0x8000,0x8000,0x8000,0x8000,0x8000,0x8000,0xB18C,0xDAD6,0xD294,0xD6B5,0xD6B5,0xD6B5,0xD6B5,
  0xD6B5,0xD6B5,0xD6B5,0xD6B5,0xD6B5,0xD6B5,0xDAD6,0xC631,0x8000,0x8000,0x8000,0x8000,0x8000,0x8000,0x8000,0x8000,
  0x8000,0x8000,0x8000,0x8000,0x8421,0xD294,0xDAD6,0xD6B5,0xDAD6,0xDAD6,0xDAD6,0xDAD6,0xDAD6,0xDAD6,0xDAD6,0xDAD6,
  0xDAD6,0xDAD6,0xDAD6,0xDAD6,0xDAD6,0xDAD6,0xE318,0xB5AD,0x8000,0x8000,0x8000,0x8000,0x8000,0x8000,0x8000,0x8000,
  0x8000,0x8000,0x8000,0x8000,0x9CE7,0xE318,0xDAD6,0xDEF7,0xDEF7,0xDEF7,0xDEF7,0xDEF7,0xDEF7,0xDEF7,0xDEF7,0xDEF7,
  0xDEF7,0xDAD6,0xE318,0xC210,0x8000,0x8000,0x8000,0x8000,0x8000,0x8000,0x8000,0x8000,0x8000,0x8000,0x8000,0x8000,
  0x98C6,0xE318,0xDEF7,0xDEF7,0xDEF7,0xDEF7,0xDEF7,0xDEF7,0xDEF7,0xE318,0xE318,0xE318,0xE318,0xE318,0xE318,0xE318,
  0xE318,0xE318,0xE318,0xE318,0xE318,0xDEF7,0xEB5A,0xCA52,0x8842,0x8000,0x8000,0x8000,0x8000,0x8000,0x8000,0x8000,
  0x8000,0x8000,0x8000,0x8000,0x8000,0x8000,0x8000,0x8000,0x8000,0xB18C,0xEB5A,0xE318,0xE739,0xE739,0xE739,0xE739,
  0xE739,0xE739,0xE739,0xE739,0xE739,0xE739,0xE739,0xE739,0xE318,0x8842,0x8000,0x8000,0x8000,0x8000,0x8000,0x8000,
  0x8000,0x8000,0x8000,0x8000,0x8000,0x8000,0xD6B5,0xEB5A,0xE739,0xE739,0xE739,0xE739,0xE739,0xE739,0xE739,0xE739,
  0xE739,0xE739,0xEB5A,0xEB3A,0xEB5A,0xEB5A,0xEB5A,0xEB5A,0xEB5A,0xEB5A,0xEB5A,0xEB5A,0xEB5A,0xEB5A,0xEB5A,0xEB5A,
  0xEB5A,0xEB5A,0xEB5A,0xEB5A,0xEB5A,0xEB5A,0xEB5A,0xEB5A,0xEB5A,0xEB5A,0xEB5A,0xEB5A,0xEB5A,0xEB5A,0xEF7B,0xEB5A,
  0xF39C,0xA94A,0x8000,0x8000,0x8000,0x8000,0x8000,0x8000,0x8000,0x8000,0x8000,0x8000,0x8000,0x8000,0xBDEF,0xF7BD,
  0xEF7B,0xEF7B,0xEF7B,0xEF7B,0xEF7B,0xEF7B,0xEF7B,0xEF7B,0xEF7B,0xEF7B,0xEF7B,0xEF7B,0xEF7B,0xEF7B,0xEF7B,0xEF7B,
  0xF39C,0xF39C,0xF39C,0xF39C,0xF37B,0xF39C,0xEB5A,0x8421,0x8000,0x8000,0x8000,0x8000,0x8000,0x8000,0x8000,0x8000,
  0x8000,0x8000,0x8000,0x8421,0xE739,0xF7BD,0xF39C,0xF39C,0xF39C,0xF39C,0xF39C,0xF39C,0xF39C,0xF39C,0xF39C,0xF39C,
  0xF39C,0xF39C,0xF7BD,0xF7BD,0xF7BD,0xF7BD,0xF7BD,0xF7BD,0xF7BD,0xF7BD,0xF39C,0xFFFF,0xDAD6,0x8842,0x8000,0x8000,
  0x8000,0x8000,0x8000,0x8000,0x8000,0x8000,0x8000,0x8000,0x8000,0x8000,0x8000,0x8000,0xB5AD,0xF39C,0xFFFF,0xF7BD,
  0xFFFF,0xAD6B,0x8000,0x8000,0x8000,0x8000,0x8000,0x8000,0x8000,0x8000,0x8000,0x8000,0x8000,0x8000,0xCA52,0xFFFF,
  0x0000,0x0000,0x0000,0x0000,0x0000,0x0000,0x0000,0x0000,0x0000,0x0000,0x0000,0x0000,0x0000,0x0000,0x0000,0x0000,
  0x0000,0x0000,0x0000,0x0000,0x0000,0x0000,0x0000,0x0000,0x0000,0x0000,0x0000,0x0000,0x0000,0x0000,0x0000,0x0000,
  0x0000,0x0000,0x0000,0x0000,0x0000,0x0000,0x0000,0x0000,0x0000,0x0000,0x0000,0x0000,0x0000,0x0000,0x0000,0x0000,
  0x0000,0x0000,0x0000,0x0000,0x0000,0x0000,0x0000,0x0000,0x0000,0x0000,0x0000,0x0000,0x0000,0x0000,0x0000,0x0000,
  0x0000,0x0000,0x0000,0x0000,0x0000,0x0000,0x0000,0x0000,0x0000,0x0000,0x0000,0x0000,0x0000,0x0000,0x0000,0x0000,
  0x0000,0x0000,0x0000,0x0000,0x0000,0x0000,0x0000,0x0000,0x0000,0x0000,0x0000,0x0000,0x0000,0x0000,0x0000,0x0000,
  0x0000,0x0000,0x0000,0x0000,0x0000,0x0000,0x0000,0x0000,0x0000,0x0000,0x0000,0x0000,0x0000,0x0000,0x0000,0x0000,
  0x0000,0x0000,0x0000,0x0000,0x0000,0x0000,0x0000,0x0000,0x0000,0x0000,0x0000,0x0000,0x0000,0x0000,0x0000,0x0000,
  0xF35A,0xE695,0xE274,0xE674,0xE274,0xE674,0xE274,0xE274,0xE274,0xE695,0xEA96,0xEA96,0xEA96,0xE695,0xE695,0xE695,
  0xEA96,0xEA96,0xEA96,0xE695,0xE674,0xE274,0xE274,0xE674,0xE274,0xE274,0xE274,0xE674,0xE274,0xE274,0xE274,0xE274,
  0xE274,0xE674,0xE674,0xE274,0xE274,0xE274,0xE274,0xE274,0xE674,0xE274,0xE674,0xE674,0xE674,0xE695,0xEA96,0xEA96,
  0xEA95,0xE675,0xE274,0xE274,0xE274,0xE674,0xE274,0xE274,0xE274,0xE274,0xEA96,0xBD8C,0x8000,0x8000,0x8000,0x8000,
  0x8000,0x8000,0x8000,0x8000,0x8000,0x8000,0x8000,0x8000,0x8000,0xB18C,0xDAD6,0xD294,0xD6B5,0xD6B5,0xD6B5,0xD6B5,
  0xD6B5,0xD6B5,0xD6B5,0xD6B5,0xD6B5,0xD6B5,0xD6B5,0xD6B5,0x8842,0x8000,0x8000,0x8000,0x8000,0x8000,0x8000,0x8000,
  0x8000,0x8000,0x8000,0x8000,0x8000,0xBDEF,0xDEF7,0xD6B5,0xDAD6,0xDAD6,0xDAD6,0xDAD6,0xDAD6,0xDAD6,0xDAD6,0xDAD6,
  0xDAD6,0xDAD6,0xDAD6,0xDAD6,0xDAD6,0xDAD6,0xE318,0xB5AD,0x8000,0x8000,0x8000,0x8000,0x8000,0x8000,0x8000,0x8000,
  0x8000,0x8000,0x8000,0x8000,0x9CE7,0xE318,0xDAD6,0xDEF7,0xDEF7,0xDEF7,0xDEF7,0xDEF7,0xDEF7,0xDEF7,0xDEF7,0xDEF7,
  0xDEF7,0xDAD7,0xE318,0xC210,0x8000,0x8000,0x8000,0x8000,0x8000,0x8000,0x8000,0x8000,0x8000,0x8000,0x8000,0x8000,
  0x98C6,0xE318,0xDEF7,0xDEF7,0xDEF7,0xDEF7,0xDEF7,0xDEF7,0xDEF7,0xE318,0xE318,0xE318,0xE318,0xE318,0xE318,0xE318,
  0xE318,0xE318,0xE318,0xE318,0xE318,0xE318,0xDEF7,0xE739,0xD6B5,0x9084,0x8000,0x8000,0x8000,0x8000,0x8000,0x8000,
  0x8000,0x8000,0x8000,0x8000,0x8000,0x8000,0x8000,0x8000,0x8000,0x8000,0xB9CE,0xEB5A,0xE318,0xE739,0xE739,0xE739,
  0xE739,0xE739,0xE739,0xE739,0xE739,0xE739,0xE739,0xE739,0xE318,0x8842,0x8000,0x8000,0x8000,0x8000,0x8000,0x8000,
  0x8000,0x8000,0x8000,0x8000,0x8000,0x8000,0xD6B5,0xEB5A,0xE739,0xE739,0xE739,0xE739,0xEB39,0xEB5A,0xEB5A,0xEB5A,
  0xEB5A,0xEB5A,0xEB5A,0xEB5A,0xEB5A,0xEB5A,0xEB5A,0xEB5A,0xEB5A,0xEB5A,0xEB5A,0xEB5A,0xEB5A,0xEB5A,0xEB5A,0xEB5A,
  0xEB5A,0xEB5A,0xEB5A,0xEB5A,0xEB5A,0xEB5A,0xEB5A,0xEB5A,0xEB5A,0xEB5A,0xEB5A,0xEB5A,0xEB5A,0xEB5A,0xEF7B,0xEB5A,
  0xF39C,0xA94A,0x8000,0x8000,0x8000,0x8000,0x8000,0x8000,0x8000,0x8000,0x8000,0x8000,0x8000,0x8000,0xBDEF,0xF7BD,
  0xEF7B,0xEF7B,0xEF7B,0xEF7B,0xEF7B,0xEF7B,0xEF7B,0xEF7B,0xEF7B,0xEF7B,0xEF7B,0xEF7B,0xEF7B,0xEF7B,0xEF7B,0xEF7B,
  0xF39C,0xF39C,0xF39C,0xF39C,0xF39B,0xF39C,0xEB5A,0x8421,0x8000,0x8000,0x8000,0x8000,0x8000,0x8000,0x8000,0x8000,
  0x8000,0x8000,0x8000,0x8421,0xE739,0xF7BD,0xF39C,0xF39C,0xF39C,0xF39C,0xF39C,0xF39C,0xF39C,0xF39C,0xF39C,0xF39C,
  0xF39C,0xF39C,0xF7BD,0xF7BD,0xF7BD,0xF7BD,0xF7BD,0xF7BD,0xF7BD,0xF39C,0xFFFF,0xDAD6,0x8421,0x8000,0x8000,0x8000,
  0x8000,0x8000,0x8000,0x8000,0x8000,0x8000,0x8000,0x8000,0x8000,0x8000,0x98C6,0xDEF7,0xFFFF,0xFBDE,0xF7BD,0xF7BD,
  0xFFFF,0xAD6B,0x8000,0x8000,0x8000,0x8000,0x8000,0x8000,0x8000,0x8000,0x8000,0x8000,0x8000,0x8000,0xCA52,0xFFFF,
  0x0000,0x0000,0x0000,0x0000,0x0000,0x0000,0x0000,0x0000,0x0000,0x0000,0x0000,0x0000,0x0000,0x0000,0x0000,0x0000,
  0x0000,0x0000,0x0000,0x0000,0x0000,0x0000,0x0000,0x0000,0x0000,0x0000,0x0000,0x0000,0x0000,0x0000,0x0000,0x0000,
  0x0000,0x0000,0x0000,0x0000,0x0000,0x0000,0x0000,0x0000,0x0000,0x0000,0x0000,0x0000,0x0000,0x0000,0x0000,0x0000,
  0x0000,0x0000,0x0000,0x0000,0x0000,0x0000,0x0000,0x0000,0x0000,0x0000,0x0000,0x0000,0x0000,0x0000,0x0000,0x0000,
  0x0000,0x0000,0x0000,0x0000,0x0000,0x0000,0x0000,0x0000,0x0000,0x0000,0x0000,0x0000,0x0000,0x0000,0x0000,0x0000,
  0x0000,0x0000,0x0000,0x0000,0x0000,0x0000,0x0000,0x0000,0x0000,0x0000,0x0000,0x0000,0x0000,0x0000,0x0000,0x0000,
  0x0000,0x0000,0x0000,0x0000,0x0000,0x0000,0x0000,0x0000,0x0000,0x0000,0x0000,0x0000,0x0000,0x0000,0x0000,0x0000,
  0x0000,0x0000,0x0000,0x0000,0x0000,0x0000,0x0000,0x0000,0x0000,0x0000,0x0000,0x0000,0x0000,0x0000,0x0000,0x0000,
  0xF35A,0xE695,0xE274,0xE274,0xE274,0xE274,0xE274,0xE274,0xE274,0xE274,0xE274,0xE274,0xE274,0xE274,0xE274,0xE274,
  0xE254,0xE254,0xE254,0xE274,0xE274,0xE274,0xE274,0xE274,0xE274,0xE274,0xE274,0xE274,0xE274,0xE274,0xE274,0xE274,
  0xE274,0xE274,0xE274,0xE274,0xE274,0xE274,0xE274,0xE274,0xE274,0xE274,0xE274,0xE274,0xE274,0xE274,0xE274,0xE274,
  0xE274,0xE274,0xE274,0xE274,0xE274,0xE274,0xE274,0xE274,0xE274,0xE274,0xEA96,0xBD8C,0x8000,0x8000,0x8000,0x8000,
  0x8000,0x8000,0x8000,0x8000,0x8000,0x8000,0x8000,0x8000,0x8000,0xB18C,0xDAD6,0xD294,0xD6B5,0xD6B5,0xD6B5,0xD6B5,
  0xD6B5,0xD6B5,0xD6B5,0xD6B5,0xD6B5,0xD6B5,0xD6B5,0xDAD6,0xA108,0x8000,0x8000,0x8000,0x8000,0x8000,0x8000,0x8000,
  0x8000,0x8000,0x8000,0x8000,0x8000,0xA529,0xDEF7,0xD6B5,0xDAD6,0xDAD6,0xDAD6,0xDAD6,0xDAD6,0xDAD6,0xDAD6,0xDAD6,
  0xDAD6,0xDAD6,0xDAD6,0xDAD6,0xDAD6,0xDAD6,0xE318,0xB5AD,0x8000,0x8000,0x8000,0x8000,0x8000,0x8000,0x8000,0x8000,
  0x8000,0x8000,0x8000,0x8000,0x9CE7,0xE318,0xDAD6,0xDED7,0xDEF7,0xDEF7,0xDEF7,0xDEF7,0xDEF7,0xDEF7,0xDEF7,0xDEF7,
  0xDEF7,0xDAF7,0xE318,0xC210,0x8000,0x8000,0x8000,0x8000,0x8000,0x8000,0x8000,0x8000,0x8000,0x8000,0x8000,0x8000,
  0x98C6,0xE318,0xDEF7,0xDEF7,0xDEF7,0xDEF7,0xDEF7,0xDEF7,0xDEF7,0xE318,0xE318,0xE318,0xE318,0xE318,0xE318,0xE318,
  0xE318,0xE318,0xE318,0xE318,0xE318,0xE318,0xE318,0xDEF7,0xE739,0xDEF7,0x98C6,0x8000,0x8000,0x8000,0x8000,0x8000,
  0x8000,0x8000,0x8000,0x8000,0x8000,0x8000,0x8000,0x8000,0x8000,0x8000,0x8000,0xC631,0xEB5A,0xE318,0xE739,0xE739,
  0xE739,0xE739,0xE739,0xE739,0xE739,0xE739,0xE739,0xE739,0xE318,0x8842,0x8000,0x8000,0x8000,0x8000,0x8000,0x8000,
  0x8000,0x8000,0x8000,0x8000,0x8000,0x8000,0xD6B5,0xEB5A,0xE739,0xE739,0xE739,0xE739,0xE75A,0xEB5A,0xEB5A,0xEB5A,
  0xEB5A,0xEB5A,0xEB5A,0xEB5A,0xEB5A,0xEB5A,0xEB5A,0xEB5A,0xEB5A,0xEB5A,0xEB5A,0xEB5A,0xEB5A,0xEB5A,0xEB5A,0xEB5A,
  0xEB5A,0xEB5A,0xEB5A,0xEB5A,0xEB5A,0xEB5A,0xEB5A,0xEB5A,0xEB5A,0xEB5A,0xEB5A,0xEB5A,0xEB5A,0xEB5A,0xEF7B,0xEB5A,
  0xF39C,0xA94A,0x8000,0x8000,0x8000,0x8000,0x8000,0x8000,0x8000,0x8000,0x8000,0x8000,0x8000,0x8000,0xBDEF,0xF7BD,
  0xEF7B,0xEF7B,0xEF7B,0xEF7B,0xEF7B,0xEF7B,0xEF7B,0xEF7B,0xEF7B,0xEF7B,0xEF7B,0xEF7B,0xEF7B,0xEF7B,0xEF7B,0xEF7B,
  0xF39C,0xF39C,0xF39C,0xF39C,0xF37B,0xF39C,0xEB5A,0x8421,0x8000,0x8000,0x8000,0x8000,0x8000,0x8000,0x8000,0x8000,
  0x8000,0x8000,0x8000,0x8421,0xE739,0xF7BD,0xF39C,0xF39C,0xF39C,0xF39C,0xF39C,0xF39C,0xF39C,0xF39C,0xF39C,0xF39C,
  0xF39C,0xF39C,0xF7BD,0xF7BD,0xF7BD,0xF7BD,0xF7BD,0xF7BD,0xF39C,0xFBDE,0xE318,0x8421,0x8000,0x8000,0x8000,0x8000,
  0x8000,0x8000,0x8000,0x8000,0x8000,0x8000,0x8000,0x8000,0x8000,0xB5AD,0xF7BD,0xFFFF,0xF7BD,0xF7BD,0xF7BD,0xF7BD,
  0xFFFF,0xAD6B,0x8000,0x8000,0x8000,0x8000,0x8000,0x8000,0x8000,0x8000,0x8000,0x8000,0x8000,0x8000,0xCA52,0xFFFF,
  0x0000,0x0000,0x0000,0x0000,0x0000,0x0000,0x0000,0x0000,0x0000,0x0000,0x0000,0x0000,0x0000,0x0000,0x0000,0x0000,
  0x0000,0x0000,0x0000,0x0000,0x0000,0x0000,0x0000,0x0000,0x0000,0x0000,0x0000,0x0000,0x0000,0x0000,0x0000,0x0000,
  0x0000,0x0000,0x0000,0x0000,0x0000,0x0000,0x0000,0x0000,0x0000,0x0000,0x0000,0x0000,0x0000,0x0000,0x0000,0x0000,
  0x0000,0x0000,0x0000,0x0000,0x0000,0x0000,0x0000,0x0000,0x0000,0x0000,0x0000,0x0000,0x0000,0x0000,0x0000,0x0000,
  0x0000,0x0000,0x0000,0x0000,0x0000,0x0000,0x0000,0x0000,0x0000,0x0000,0x0000,0x0000,0x0000,0x0000,0x0000,0x0000,
  0x0000,0x0000,0x0000,0x0000,0x0000,0x0000,0x0000,0x0000,0x0000,0x0000,0x0000,0x0000,0x0000,0x0000,0x0000,0x0000,
  0x0000,0x0000,0x0000,0x0000,0x0000,0x0000,0x0000,0x0000,0x0000,0x0000,0x0000,0x0000,0x0000,0x0000,0x0000,0x0000,
  0x0000,0x0000,0x0000,0x0000,0x0000,0x0000,0x0000,0x0000,0x0000,0x0000,0x0000,0x0000,0x0000,0x0000,0x0000,0x0000,
  0xF35A,0xE695,0xE274,0xE274,0xE274,0xE274,0xE274,0xE274,0xE274,0xE274,0xE274,0xE274,0xE274,0xE675,0xE695,0xEA95,
  0xEA95,0xEA95,0xEA95,0xEA95,0xE675,0xE674,0xE274,0xE274,0xE274,0xE274,0xE274,0xE274,0xE274,0xE274,0xE274,0xE274,
  0xE274,0xE274,0xE274,0xE274,0xE274,0xE274,0xE274,0xE274,0xE274,0xE274,0xE274,0xE274,0xE274,0xE274,0xE274,0xE274,
  0xE274,0xE274,0xE274,0xE274,0xE274,0xE274,0xE274,0xE274,0xE274,0xE274,0xEA96,0xBD8C,0x8000,0x8000,0x8000,0x8000,
  0x8000,0x8000,0x8000,0x8000,0x8000,0x8000,0x8000,0x8000,0x8000,0xB18C,0xDAD6,0xD294,0xD6B5,0xD6B5,0xD6B5,0xD6B5,
  0xD6B5,0xD6B5,0xD6B5,0xD6B5,0xD6B5,0xD6B5,0xD6B5,0xDAD6,0xB9CE,0x8000,0x8000,0x8000,0x8000,0x8000,0x8000,0x8000,
  0x8000,0x8000,0x8000,0x8000,0x8000,0x9084,0xDAD6,0xDAD6,0xDAD6,0xDAD6,0xDAD6,0xDAD6,0xDAD6,0xDAD6,0xDAD6,0xDAD6,
  0xDAD6,0xDAD6,0xDAD6,0xDAD6,0xDAD6,0xDAD6,0xE318,0xB5AD,0x8000,0x8000,0x8000,0x8000,0x8000,0x8000,0x8000,0x8000,
  0x8000,0x8000,0x8000,0x8000,0x9CE7,0xE318,0xDAD6,0xDEF7,0xDEF7,0xDEF7,0xDEF7,0xDEF7,0xDEF7,0xDEF7,0xDEF7,0xDEF7,
  0xDEF7,0xDAF6,0xE318,0xC210,0x8000,0x8000,0x8000,0x8000,0x8000,0x8000,0x8000,0x8000,0x8000,0x8000,0x8000,0x8000,
  0x98C6,0xE318,0xDEF7,0xDEF7,0xDEF7,0xDEF7,0xDEF7,0xDEF7,0xDEF7,0xE318,0xE318,0xE318,0xE318,0xE318,0xE318,0xE318,
  0xE318,0xE318,0xE318,0xE318,0xE318,0xE318,0xE318,0xE318,0xE318,0xE739,0xE318,0xA529,0x8000,0x8000,0x8000,0x8000,
  0x8000,0x8000,0x8000,0x8000,0x8000,0x8000,0x8000,0x8000,0x8000,0x8000,0x8000,0x8421,0xD6B5,0xE739,0xE318,0xE739,
  0xE739,0xE739,0xE739,0xE739,0xE739,0xE739,0xE739,0xE739,0xE318,0x8842,0x8000,0x8000,0x8000,0x8000,0x8000,0x8000,
  0x8000,0x8000,0x8000,0x8000,0x8000,0x8000,0xD6B5,0xEB5A,0xE739,0xE739,0xE739,0xE73A,0xEB5A,0xEB5A,0xEB5A,0xEB5A,
  0xEB5A,0xEB5A,0xEB5A,0xEB5A,0xEB5A,0xEB5A,0xEB5A,0xEB5A,0xEB5A,0xEB5A,0xEB5A,0xEB5A,0xEB5A,0xEB5A,0xEB5A,0xEB5A,
  0xEB5A,0xEB5A,0xEB5A,0xEB5A,0xEB5A,0xEB5A,0xEB5A,0xEB5A,0xEB5A,0xEB5A,0xEB5A,0xEB5A,0xEB5A,0xEB5A,0xEF7B,0xEB5A,
  0xF39C,0xA94A,0x8000,0x8000,0x8000,0x8000,0x8000,0x8000,0x8000,0x8000,0x8000,0x8000,0x8000,0x8000,0xBDEF,0xF7BD,
  0xEF7B,0xEF7B,0xEF7B,0xEF7B,0xEF7B,0xEF7B,0xEF7B,0xEF7B,0xEF7B,0xEF7B,0xEF7B,0xEF7B,0xEF7B,0xEF7B,0xEF7B,0xEF7B,
  0xF39C,0xF39C,0xF39C,0xF39C,0xF37C,0xF39C,0xEB5A,0x8421,0x8000,0x8000,0x8000,0x8000,0x8000,0x8000,0x8000,0x8000,
  0x8000,0x8000,0x8000,0x8421,0xE739,0xF7BD,0xF39C,0xF39C,0xF39C,0xF39C,0xF39C,0xF39C,0xF39C,0xF39C,0xF39C,0xF39C,
  0xF39C,0xF39C,0xF7BD,0xF7BD,0xF7BD,0xF7BD,0xF7BD,0xF7BD,0xF7BD,0xF39C,0x9084,0x8000,0x8000,0x8000,0x8000,0x8000,
  0x8000,0x8000,0x8000,0x8000,0x8000,0x8000,0x8000,0x8000,0xCE73,0xFFFF,0xF7BD,0xF7BD,0xF7BD,0xF7BD,0xF7BD,0xF7BD,
  0xFFFF,0xAD6B,0x8000,0x8000,0x8000,0x8000,0x8000,0x8000,0x8000,0x8000,0x8000,0x8000,0x8000,0x8000,0xCA52,0xFFFF,
  0x0000,0x0000,0x0000,0x0000,0x0000,0x0000,0x0000,0x0000,0x0000,0x0000,0x0000,0x0000,0x0000,0x0000,0x0000,0x0000,
  0x0000,0x0000,0x0000,0x0000,0x0000,0x0000,0x0000,0x0000,0x0000,0x0000,0x0000,0x0000,0x0000,0x0000,0x0000,0x0000,
  0x0000,0x0000,0x0000,0x0000,0x0000,0x0000,0x0000,0x0000,0x0000,0x0000,0x0000,0x0000,0x0000,0x0000,0x0000,0x0000,
  0x0000,0x0000,0x0000,0x0000,0x0000,0x0000,0x0000,0x0000,0x0000,0x0000,0x0000,0x0000,0x0000,0x0000,0x0000,0x0000,
  0x0000,0x0000,0x0000,0x0000,0x0000,0x0000,0x0000,0x0000,0x0000,0x0000,0x0000,0x0000,0x0000,0x0000,0x0000,0x0000,
  0x0000,0x0000,0x0000,0x0000,0x0000,0x0000,0x0000,0x0000,0x0000,0x0000,0x0000,0x0000,0x0000,0x0000,0x0000,0x0000,
  0x0000,0x0000,0x0000,0x0000,0x0000,0x0000,0x0000,0x0000,0x0000,0x0000,0x0000,0x0000,0x0000,0x0000,0x0000,0x0000,
  0x0000,0x0000,0x0000,0x0000,0x0000,0x0000,0x0000,0x0000,0x0000,0x0000,0x0000,0x0000,0x0000,0x0000,0x0000,0x0000,
  0xF35A,0xE695,0xE254,0xE274,0xE274,0xE274,0xE274,0xE274,0xE274,0xE675,0xEA95,0xEA95,0xE274,0xDA32,0xD1F0,0xC9CF,
  0xC5AE,0xC5AE,0xC5AE,0xCDCF,0xD611,0xDE53,0xE695,0xEA95,0xE675,0xE274,0xE274,0xE274,0xE274,0xE274,0xE274,0xE274,
  0xE274,0xE274,0xE274,0xE274,0xE274,0xE274,0xE274,0xE274,0xE274,0xE274,0xE274,0xE274,0xE274,0xE274,0xE274,0xE274,
  0xE274,0xE274,0xE274,0xE274,0xE274,0xE274,0xE274,0xE274,0xE274,0xE274,0xEA95,0xBD6C,0x8000,0x8000,0x8000,0x8000,
  0x8000,0x8000,0x8000,0x8000,0x8000,0x8000,0x8000,0x8000,0x8000,0xB18C,0xDAD6,0xD294,0xD6B5,0xD6B5,0xD6B5,0xD6B5,
  0xD6B5,0xD6B5,0xD6B5,0xD6B5,0xD6B5,0xD6B5,0xD6B5,0xDAD6,0xCE73,0x8000,0x8000,0x8000,0x8000,0x8000,0x8000,0x8000,
  0x8000,0x8000,0x8000,0x8000,0x8000,0x8000,0xCA52,0xDAD6,0xD6B5,0xDAD6,0xDAD6,0xDAD6,0xDAD6,0xDAD6,0xDAD6,0xDAD6,
  0xDAD6,0xDAD6,0xDAD6,0xDAD6,0xDAD6,0xDAD6,0xE318,0xB5AD,0x8000,0x8000,0x8000,0x8000,0x8000,0x8000,0x8000,0x8000,
  0x8000,0x8000,0x8000,0x8000,0x9CE7,0xE318,0xDAD6,0xDEF6,0xDEF7,0xDEF7,0xDEF7,0xDEF7,0xDEF7,0xDEF7,0xDEF7,0xDEF7,
  0xDEF7,0xDED6,0xE318,0xC210,0x8000,0x8000,0x8000,0x8000,0x8000,0x8000,0x8000,0x8000,0x8000,0x8000,0x8000,0x8000,
  0x98C6,0xE318,0xDEF7,0xDEF7,0xDEF7,0xDEF7,0xDEF7,0xDEF7,0xDEF7,0xE318,0xE318,0xE318,0xE318,0xE318,0xE318,0xE318,
  0xE318,0xE318,0xE318,0xE318,0xE318,0xE318,0xE318,0xE318,0xE318,0xE318,0xE318,0xE739,0xB18C,0x8000,0x8000,0x8000,
  0x8000,0x8000,0x8000,0x8000,0x8000,0x8000,0x8000,0x8000,0x8000,0x8000,0x8000,0x8000,0x94A5,0xE739,0xE739,0xE739,
  0xE739,0xE739,0xE739,0xE739,0xE739,0xE739,0xE739,0xE739,0xE318,0x8842,0x8000,0x8000,0x8000,0x8000,0x8000,0x8000,
  0x8000,0x8000,0x8000,0x8000,0x8000,0x8000,0xD6B5,0xEB5A,0xE739,0xE739,0xE739,0xE739,0xEB5A,0xEB5A,0xEB5A,0xEB5A,
  0xEB5A,0xEB5A,0xEB5A,0xEB5A,0xEB5A,0xEB5A,0xEB5A,0xEB5A,0xEB5A,0xEB5A,0xEB5A,0xEB5A,0xEB5A,0xEB5A,0xEB5A,0xEB5A,
  0xEB5A,0xEB5A,0xEB5A,0xEB5A,0xEB5A,0xEB5A,0xEB5A,0xEB5A,0xEB5A,0xEB5A,0xEB5A,0xEB5A,0xEB5A,0xEB5A,0xEF7B,0xEB5A,
  0xF39C,0xA94A,0x8000,0x8000,0x8000,0x8000,0x8000,0x8000,0x8000,0x8000,0x8000,0x8000,0x8000,0x8000,0xBDEF,0xF7BD,
  0xEF7B,0xEF7B,0xEF7B,0xEF7B,0xEF7B,0xEF7B,0xEF7B,0xEF7B,0xEF7B,0xEF7B,0xEF7B,0xEF7B,0xEF7B,0xEF7B,0xEF7B,0xEF7B,
  0xF39C,0xF39C,0xF39C,0xF39C,0xF39C,0xF39C,0xEB5A,0x8421,0x8000,0x8000,0x8000,0x8000,0x8000,0x8000,0x8000,0x8000,
  0x8000,0x8000,0x8000,0x8421,0xE739,0xF7BD,0xF39C,0xF39C,0xF39C,0xF39C,0xF39C,0xF39C,0xF39C,0xF39C,0xF39C,0xF39C,
  0xF39C,0xF39C,0xF7BD,0xF7BD,0xF7BD,0xF7BD,0xF7BD,0xF39C,0xFBDE,0xA94A,0x8000,0x8000,0x8000,0x8000,0x8000,0x8000,
  0x8000,0x8000,0x8000,0x8000,0x8000,0x8000,0x8421,0xDAD6,0xFFFF,0xF7BD,0xF7BD,0xF7BD,0xF7BD,0xF7BD,0xF7BD,0xF7BD,
  0xFFFF,0xAD6B,0x8000,0x8000,0x8000,0x8000,0x8000,0x8000,0x8000,0x8000,0x8000,0x8000,0x8000,0x8000,0xCA52,0xFFFF,
  0x0000,0x0000,0x0000,0x0000,0x0000,0x0000,0x0000,0x0000,0x0000,0x0000,0x0000,0x0000,0x0000,0x0000,0x0000,0x0000,
  0x0000,0x0000,0x0000,0x0000,0x0000,0x0000,0x0000,0x0000,0x0000,0x0000,0x0000,0x0000,0x0000,0x0000,0x0000,0x0000,
  0x0000,0x0000,0x0000,0x0000,0x0000,0x0000,0x0000,0x0000,0x0000,0x0000,0x0000,0x0000,0x0000,0x0000,0x0000,0x0000,
  0x0000,0x0000,0x0000,0x0000,0x0000,0x0000,0x0000,0x0000,0x0000,0x0000,0x0000,0x0000,0x0000,0x0000,0x0000,0x0000,
  0x0000,0x0000,0x0000,0x0000,0x0000,0x0000,0x0000,0x0000,0x0000,0x0000,0x0000,0x0000,0x0000,0x0000,0x0000,0x0000,
  0x0000,0x0000,0x0000,0x0000,0x0000,0x0000,0x0000,0x0000,0x0000,0x0000,0x0000,0x0000,0x0000,0x0000,0x0000,0x0000,
  0x0000,0x0000,0x0000,0x0000,0x0000,0x0000,0x0000,0x0000,0x0000,0x0000,0x0000,0x0000,0x0000,0x0000,0x0000,0x0000,
  0x0000,0x0000,0x0000,0x0000,0x0000,0x0000,0x0000,0x0000,0x0000,0x0000,0x0000,0x0000,0x0000,0x0000,0x0000,0x0000,
  0xF35A,0xE695,0xE254,0xE274,0xE274,0xE274,0xE254,0xEA95,0xE675,0xD611,0xB96B,0xA0C6,0x8C63,0x8421,0x8000,0x8000,
  0x8000,0x8000,0x8000,0x8000,0x8000,0x8842,0x9CA5,0xB54B,0xD611,0xEA95,0xE675,0xE254,0xE274,0xE274,0xE274,0xE274,
  0xE274,0xE274,0xE274,0xE274,0xE274,0xE274,0xE274,0xE274,0xE274,0xE274,0xE274,0xE274,0xE274,0xE274,0xE274,0xE274,
  0xE274,0xE274,0xE274,0xE274,0xE274,0xE274,0xE274,0xE274,0xE274,0xE254,0xEA95,0xBD6C,0x8000,0x8000,0x8000,0x8000,
  0x8000,0x8000,0x8000,0x8000,0x8000,0x8000,0x8000,0x8000,0x8000,0xB18C,0xDAD6,0xD294,0xD6B5,0xD6B5,0xD6B5,0xD6B5,
  0xD6B5,0xD6B5,0xD6B5,0xD6B5,0xD6B5,0xD6B5,0xD6B5,0xD6B5,0xDAD6,0x9084,0x8000,0x8000,0x8000,0x8000,0x8000,0x8000,
  0x8000,0x8000,0x8000,0x8000,0x8000,0x8000,0xB5AD,0xDEF7,0xD6B5,0xDAD6,0xDAD6,0xDAD6,0xDAD6,0xDAD6,0xDAD6,0xDAD6,
  0xDAD6,0xDAD6,0xDAD6,0xDAD6,0xDAD6,0xDAD6,0xE318,0xB5AD,0x8000,0x8000,0x8000,0x8000,0x8000,0x8000,0x8000,0x8000,
  0x8000,0x8000,0x8000,0x8000,0x9CE7,0xE318,0xDAD6,0xDAF7,0xDEF7,0xDEF7,0xDEF7,0xDEF7,0xDEF7,0xDEF7,0xDEF7,0xDEF7,
  0xDEF7,0xDAD7,0xE318,0xC210,0x8000,0x8000,0x8000,0x8000,0x8000,0x8000,0x8000,0x8000,0x8000,0x8000,0x8000,0x8000,
  0x98C6,0xE318,0xDEF7,0xDEF7,0xDEF7,0xDEF7,0xDEF7,0xDEF7,0xDEF7,0xE318,0xE318,0xE318,0xE318,0xE318,0xE318,0xE318,
  0xE318,0xE318,0xE318,0xE318,0xE318,0xE318,0xE318,0xE318,0xE318,0xE318,0xE318,0xE318,0xEB5A,0xBDEF,0x8000,0x8000,
  0x8000,0x8000,0x8000,0x8000,0x8000,0x8000,0x8000,0x8000,0x8000,0x8000,0x8000,0x8000,0x8000,0xB5AD,0xEB5A,0xE318,
  0xE739,0xE739,0xE739,0xE739,0xE739,0xE739,0xE739,0xE739,0xE318,0x8842,0x8000,0x8000,0x8000,0x8000,0x8000,0x8000,
  0x8000,0x8000,0x8000,0x8000,0x8000,0x8000,0xD6B5,0xEB5A,0xE739,0xE739,0xE739,0xE739,0xEB5A,0xEB5A,0xEB5A,0xEB5A,
  0xEB5A,0xEB5A,0xEB5A,0xEB5A,0xEB5A,0xEB5A,0xEB5A,0xEB5A,0xEB5A,0xEB5A,0xEB5A,0xEB5A,0xEB5A,0xEB5A,0xEB5A,0xEB5A,
  0xEB5A,0xEB5A,0xEB5A,0xEB5A,0xEB5A,0xEB5A,0xEB5A,0xEB5A,0xEB5A,0xEB5A,0xEB5A,0xEB5A,0xEB5A,0xEB5A,0xEF5B,0xEB5A,
  0xF39C,0xA94A,0x8000,0x8000,0x8000,0x8000,0x8000,0x8000,0x8000,0x8000,0x8000,0x8000,0x8000,0x8000,0xBDEF,0xF7BD,
  0xEF7B,0xEF7B,0xEF7B,0xEF7B,0xEF7B,0xEF7B,0xEF7B,0xEF7B,0xEF7B,0xEF7B,0xEF7B,0xEF7B,0xEF7B,0xEF7B,0xEF7B,0xF37B,
  0xF39C,0xF39C,0xF39C,0xF39C,0xEF7B,0xF39C,0xEB5A,0x8421,0x8000,0x8000,0x8000,0x8000,0x8000,0x8000,0x8000,0x8000,
  0x8000,0x8000,0x8000,0x8421,0xE739,0xF7BD,0xF39C,0xF39C,0xF39C,0xF39C,0xF39C,0xF39C,0xF39C,0xF39C,0xF39C,0xF39C,
  0xF39C,0xF3BD,0xF7BD,0xF7BD,0xF7BD,0xF7BD,0xF39C,0xFBDE,0xD6B5,0x8000,0x8000,0x8000,0x8000,0x8000,0x8000,0x8000,
  0x8000,0x8000,0x8000,0x8000,0x8000,0x8421,0xDEF7,0xFFFF,0xF7BD,0xF7BD,0xF7BD,0xF7BD,0xF7BD,0xF7BD,0xF7BD,0xF7BD,
  0xFFFF,0xAD6B,0x8000,0x8000,0x8000,0x8000,0x8000,0x8000,0x8000,0x8000,0x8000,0x8000,0x8000,0x8000,0xCA52,0xFFFF,
  0x0000,0x0000,0x0000,0x0000,0x0000,0x0000,0x0000,0x0000,0x0000,0x0000,0x0000,0x0000,0x0000,0x0000,0x0000,0x0000,
  0x0000,0x0000,0x0000,0x0000,0x0000,0x0000,0x0000,0x0000,0x0000,0x0000,0x0000,0x0000,0x0000,0x0000,0x0000,0x0000,
  0x0000,0x0000,0x0000,0x0000,0x0000,0x0000,0x0000,0x0000,0x0000,0x0000,0x0000,0x0000,0x0000,0x0000,0x0000,0x0000,
  0x0000,0x0000,0x0000,0x0000,0x0000,0x0000,0x0000,0x0000,0x0000,0x0000,0x0000,0x0000,0x0000,0x0000,0x0000,0x0000,
  0x0000,0x0000,0x0000,0x0000,0x0000,0x0000,0x0000,0x0000,0x0000,0x0000,0x0000,0x0000,0x0000,0x0000,0x0000,0x0000,
  0x0000,0x0000,0x0000,0x0000,0x0000,0x0000,0x0000,0x0000,0x0000,0x0000,0x0000,0x0000,0x0000,0x0000,0x0000,0x0000,
  0x0000,0x0000,0x0000,0x0000,0x0000,0x0000,0x0000,0x0000,0x0000,0x0000,0x0000,0x0000,0x0000,0x0000,0x0000,0x0000,
  0x0000,0x0000,0x0000,0x0000,0x0000,0x0000,0x0000,0x0000,0x0000,0x0000,0x0000,0x0000,0x0000,0x0000,0x0000,0x0000,
  0xF35A,0xE695,0xE254,0xE274,0xE254,0xE674,0xE695,0xC9CF,0x9CA5,0x8000,0x8000,0x8000,0x8000,0x8000,0x8000,0x8000,
  0x8000,0x8000,0x8000,0x8000,0x8000,0x8000,0x8000,0x8000,0x8000,0xA0C7,0xD1F0,0xEA95,0xE254,0xE254,0xE274,0xE274,
  0xE274,0xE274,0xE274,0xE274,0xE274,0xE274,0xE274,0xE274,0xE274,0xE274,0xE274,0xE274,0xE274,0xE274,0xE274,0xE274,
  0xE274,0xE274,0xE274,0xE274,0xE274,0xE274,0xE274,0xE274,0xE274,0xE254,0xEA95,0xBD6C,0x8000,0x8000,0x8000,0x8000,
  0x8000,0x8000,0x8000,0x8000,0x8000,0x8000,0x8000,0x8000,0x8000,0xB18C,0xDAD6,0xD294,0xD6B5,0xD6B5,0xD6B5,0xD6B5,
  0xD6B5,0xD6B5,0xD6B5,0xD6B5,0xD6B5,0xD6B5,0xD6B5,0xD6B5,0xDEF7,0xA94A,0x8000,0x8000,0x8000,0x8000,0x8000,0x8000,
  0x8000,0x8000,0x8000,0x8000,0x8000,0x8000,0x9CE7,0xDEF7,0xD6B5,0xDAD6,0xDAD6,0xDAD6,0xDAD6,0xDAD6,0xDAD6,0xDAD6,
  0xDAD6,0xDAD6,0xDAD6,0xDAD6,0xDAD6,0xDAD6,0xE318,0xB5AD,0x8000,0x8000,0x8000,0x8000,0x8000,0x8000,0x8000,0x8000,
  0x8000,0x8000,0x8000,0x8000,0x9CE7,0xE318,0xDAD6,0xDEF7,0xDEF7,0xDEF7,0xDEF7,0xDEF7,0xDEF7,0xDEF7,0xDEF7,0xDEF7,
  0xDEF7,0xDAD6,0xE318,0xC210,0x8000,0x8000,0x8000,0x8000,0x8000,0x8000,0x8000,0x8000,0x8000,0x8000,0x8000,0x8000,
  0x98C6,0xE318,0xDEF7,0xDEF7,0xDEF7,0xDEF7,0xDEF7,0xDEF7,0xDEF8,0xE318,0xE318,0xE318,0xE318,0xE318,0xE318,0xE318,
  0xE318,0xE318,0xE318,0xE318,0xE318,0xE318,0xE318,0xE318,0xE318,0xE318,0xE318,0xE318,0xE318,0xEB5A,0xCA52,0x8421,
  0x8000,0x8000,0x8000,0x8000,0x8000,0x8000,0x8000,0x8000,0x8000,0x8000,0x8000,0x8000,0x8000,0x8421,0xDAD6,0xE739,
  0xE739,0xE739,0xE739,0xE739,0xE739,0xE739,0xE739,0xE739,0xE318,0x8842,0x8000,0x8000,0x8000,0x8000,0x8000,0x8000,
  0x8000,0x8000,0x8000,0x8000,0x8000,0x8000,0xD6B5,0xEB5A,0xE739,0xE739,0xE739,0xE739,0xEB5A,0xEB5A,0xEB5A,0xEB5A,
  0xEB5A,0xEB5A,0xEB5A,0xEB5A,0xEB5A,0xEB5A,0xEB5A,0xEB5A,0xEB5A,0xEB5A,0xEB5A,0xEB5A,0xEB5A,0xEB5A,0xEB5A,0xEB5A,
  0xEB5A,0xEB5A,0xEB5A,0xEB5A,0xEB5A,0xEB5A,0xEB5A,0xEB5A,0xEB5A,0xEB5A,0xEB5A,0xEB5A,0xEB5A,0xEB5A,0xEF7B,0xEB5A,
  0xF39C,0xA94A,0x8000,0x8000,0x8000,0x8000,0x8000,0x8000,0x8000,0x8000,0x8000,0x8000,0x8000,0x8000,0xBDEF,0xF7BD,
  0xEF7B,0xEF7B,0xEF7B,0xEF7B,0xEF7B,0xEF7B,0xEF7B,0xEF7B,0xEF7B,0xEF7B,0xEF7B,0xEF7B,0xEF7B,0xEF7B,0xEF7B,0xEF7B,
  0xF39C,0xF39C,0xF39C,0xF39C,0xEF7B,0xF39C,0xEB5A,0x8421,0x8000,0x8000,0x8000,0x8000,0x8000,0x8000,0x8000,0x8000,
  0x8000,0x8000,0x8000,0x8421,0xE739,0xF7BD,0xF39C,0xF39C,0xF39C,0xF39C,0xF39C,0xF39C,0xF39C,0xF39C,0xF39C,0xF39C,
  0xF39C,0xF3BC,0xF7BD,0xF7BD,0xF7BD,0xF7BD,0xF7BD,0xF7BD,0x94A5,0x8000,0x8000,0x8000,0x8000,0x8000,0x8000,0x8000,
  0x8000,0x8000,0x8000,0x8000,0x8000,0xCE73,0xFFFF,0xF39C,0xF7BD,0xF7BD,0xF7BD,0xF7BD,0xF7BD,0xF7BD,0xF7BD,0xF7BD,
  0xFFFF,0xAD6B,0x8000,0x8000,0x8000,0x8000,0x8000,0x8000,0x8000,0x8000,0x8000,0x8000,0x8000,0x8000,0xCA52,0xFFFF,
  0x0000,0x0000,0x0000,0x0000,0x0000,0x0000,0x0000,0x0000,0x0000,0x0000,0x0000,0x0000,0x0000,0x0000,0x0000,0x0000,
  0x0000,0x0000,0x0000,0x0000,0x0000,0x0000,0x0000,0x0000,0x0000,0x0000,0x0000,0x0000,0x0000,0x0000,0x0000,0x0000,
  0x0000,0x0000,0x0000,0x0000,0x0000,0x0000,0x0000,0x0000,0x0000,0x0000,0x0000,0x0000,0x0000,0x0000,0x0000,0x0000,
  0x0000,0x0000,0x0000,0x0000,0x0000,0x0000,0x0000,0x0000,0x0000,0x0000,0x0000,0x0000,0x0000,0x0000,0x0000,0x0000,
  0x0000,0x0000,0x0000,0x0000,0x0000,0x0000,0x0000,0x0000,0x0000,0x0000,0x0000,0x0000,0x0000,0x0000,0x0000,0x0000,
  0x0000,0x0000,0x0000,0x0000,0x0000,0x0000,0x0000,0x0000,0x0000,0x0000,0x0000,0x0000,0x0000,0x0000,0x0000,0x0000,
  0x0000,0x0000,0x0000,0x0000,0x0000,0x0000,0x0000,0x0000,0x0000,0x0000,0x0000,0x0000,0x0000,0x0000,0x0000,0x0000,
  0x0000,0x0000,0x0000,0x0000,0x0000,0x0000,0x0000,0x0000,0x0000,0x0000,0x0000,0x0000,0x0000,0x0000,0x0000,0x0000,
  0xF35A,0xE695,0xE254,0xE254,0xE674,0xDE53,0xA0C7,0x8000,0x8000,0x8000,0x8000,0x8000,0x8000,0x8000,0x8000,0x8000,
  0x8000,0x8000,0x8000,0x8000,0x8000,0x8000,0x8000,0x8000,0x8000,0x8000,0x8000,0xB12A,0xE675,0xE274,0xE254,0xE254,
  0xE254,0xE254,0xE254,0xE254,0xE254,0xE254,0xE254,0xE254,0xE254,0xE254,0xE254,0xE254,0xE254,0xE254,0xE254,0xE254,
  0xE254,0xE254,0xE254,0xE254,0xE254,0xE254,0xE254,0xE254,0xE254,0xE254,0xEA95,0xBD6C,0x8000,0x8000,0x8000,0x8000,
  0x8000,0x8000,0x8000,0x8000,0x8000,0x8000,0x8000,0x8000,0x8000,0xB18C,0xDAD6,0xD294,0xD6B5,0xD6B5,0xD6B5,0xD6B5,
  0xD6B5,0xD6B5,0xD6B5,0xD6B5,0xD6B5,0xD6B5,0xD6B5,0xD6B5,0xDAD6,0xC210,0x8000,0x8000,0x8000,0x8000,0x8000,0x8000,
  0x8000,0x8000,0x8000,0x8000,0x8000,0x8000,0x8421,0xD294,0xDAD6,0xDAD6,0xDAD6,0xDAD6,0xDAD6,0xDAD6,0xDAD6,0xDAD6,
  0xDAD6,0xDAD6,0xDAD6,0xDAD6,0xDAD6,0xDAD6,0xE318,0xB5AD,0x8000,0x8000,0x8000,0x8000,0x8000,0x8000,0x8000,0x8000,
  0x8000,0x8000,0x8000,0x8000,0x9CE7,0xE318,0xDAD6,0xDEF7,0xDEF7,0xDEF7,0xDEF7,0xDEF7,0xDEF7,0xDEF7,0xDEF7,0xDEF7,
  0xDEF7,0xDAD6,0xE318,0xC210,0x8000,0x8000,0x8000,0x8000,0x8000,0x8000,0x8000,0x8000,0x8000,0x8000,0x8000,0x8000,
  0x98C6,0xE318,0xDEF7,0xDEF7,0xDEF7,0xDEF7,0xDEF7,0xDEF7,0xDEF7,0xE318,0xE318,0xE318,0xE318,0xE318,0xE318,0xE318,
  0xE318,0xE318,0xE318,0xE318,0xE318,0xE318,0xE318,0xE318,0xE318,0xE318,0xE318,0xE318,0xE318,0xE318,0xEB5A,0xD294,
  0x8C63,0x8000,0x8000,0x8000,0x8000,0x8000,0x8000,0x8000,0x8000,0x8000,0x8000,0x8000,0x8000,0x8000,0xAD6B,0xEB5A,
  0xE318,0xE739,0xE739,0xE739,0xE739,0xE739,0xE739,0xE739,0xE318,0x8C63,0x8000,0x8000,0x8000,0x8000,0x8000,0x8000,
  0x8000,0x8000,0x8000,0x8000,0x8000,0x8000,0xD6B5,0xEB5A,0xE739,0xE739,0xE739,0xE739,0xEB39,0xEB5A,0xEB5A,0xEB5A,
  0xEB5A,0xEB5A,0xEB5A,0xEB5A,0xEB5A,0xEB5A,0xEB5A,0xEB5A,0xEB5A,0xEB5A,0xEB5A,0xEB5A,0xEB5A,0xEB5A,0xEB5A,0xEB5A,
  0xEB5A,0xEB5A,0xEB5A,0xEB5A,0xEB5A,0xEB5A,0xEB5A,0xEB5A,0xEB5A,0xEB5A,0xEB5A,0xEB5A,0xEB5A,0xEB5A,0xEF7A,0xEB5A,
  0xF39C,0xA94A,0x8000,0x8000,0x8000,0x8000,0x8000,0x8000,0x8000,0x8000,0x8000,0x8000,0x8000,0x8000,0xBDEF,0xF7BD,
  0xEF7B,0xEF7B,0xEF7B,0xEF7B,0xEF7B,0xEF7B,0xEF7B,0xEF7B,0xEF7B,0xEF7B,0xEF7B,0xEF7B,0xEF7B,0xEF7B,0xEF7B,0xEF7B,
  0xF39C,0xF39C,0xF39C,0xF39C,0xF39B,0xF39C,0xEB5A,0x8421,0x8000,0x8000,0x8000,0x8000,0x8000,0x8000,0x8000,0x8000,
  0x8000,0x8000,0x8000,0x8421,0xE739,0xF7BD,0xF39C,0xF39C,0xF39C,0xF39C,0xF39C,0xF39C,0xF39C,0xF39C,0xF39C,0xF39C,
  0xF39C,0xF39C,0xF7BD,0xF7BD,0xF7BD,0xF39C,0xFBDE,0xCE73,0x8000,0x8000,0x8000,0x8000,0x8000,0x8000,0x8000,0x8000,
  0x8000,0x8000,0x8000,0x8000,0xAD6B,0xFFFF,0xF7BD,0xF7BD,0xF7BD,0xF7BD,0xF7BD,0xF7BD,0xF7BD,0xF7BD,0xF7BD,0xF7BD,
  0xFFFF,0xAD6B,0x8000,0x8000,0x8000,0x8000,0x8000,0x8000,0x8000,0x8000,0x8000,0x8000,0x8000,0x8000,0xCA52,0xFFFF,
  0x0000,0x0000,0x0000,0x0000,0x0000,0x0000,0x0000,0x0000,0x0000,0x0000,0x0000,0x0000,0x0000,0x0000,0x0000,0x0000,
  0x0000,0x0000,0x0000,0x0000,0x0000,0x0000,0x0000,0x0000,0x0000,0x0000,0x0000,0x0000,0x0000,0x0000,0x0000,0x0000,
  0x0000,0x0000,0x0000,0x0000,0x0000,0x0000,0x0000,0x0000,0x0000,0x0000,0x0000,0x0000,0x0000,0x0000,0x0000,0x0000,
  0x0000,0x0000,0x0000,0x0000,0x0000,0x0000,0x0000,0x0000,0x0000,0x0000,0x0000,0x0000,0x0000,0x0000,0x0000,0x0000,
  0x0000,0x0000,0x0000,0x0000,0x0000,0x0000,0x0000,0x0000,0x0000,0x0000,0x0000,0x0000,0x0000,0x0000,0x0000,0x0000,
  0x0000,0x0000,0x0000,0x0000,0x0000,0x0000,0x0000,0x0000,0x0000,0x0000,0x0000,0x0000,0x0000,0x0000,0x0000,0x0000,
  0x0000,0x0000,0x0000,0x0000,0x0000,0x0000,0x0000,0x0000,0x0000,0x0000,0x0000,0x0000,0x0000,0x0000,0x0000,0x0000,
  0x0000,0x0000,0x0000,0x0000,0x0000,0x0000,0x0000,0x0000,0x0000,0x0000,0x0000,0x0000,0x0000,0x0000,0x0000,0x0000,
  0xF35A,0xE695,0xE253,0xE674,0xDA32,0x9063,0x8000,0x8000,0x8000,0x8000,0x8000,0x8000,0x8000,0x8000,0x8000,0x8000,
  0x8000,0x8000,0x8000,0x8000,0x8000,0x8000,0x8000,0x8000,0x8000,0x8000,0x8000,0x8000,0xA0C7,0xE674,0xE254,0xE254,
  0xE254,0xE254,0xE254,0xE254,0xE254,0xE254,0xE254,0xE254,0xE254,0xE254,0xE254,0xE254,0xE254,0xE254,0xE254,0xE254,
  0xE254,0xE254,0xE254,0xE254,0xE254,0xE254,0xE254,0xE254,0xE254,0xE253,0xEA95,0xBD6C,0x8000,0x8000,0x8000,0x8000,
  0x8000,0x8000,0x8000,0x8000,0x8000,0x8000,0x8000,0x8000,0x8000,0xB18C,0xDAD6,0xD294,0xD6B5,0xD6B5,0xD6B5,0xD6B5,
  0xD6B5,0xD6B5,0xD6B5,0xD6B5,0xD6B5,0xD6B5,0xD6B5,0xD6B5,0xD6B5,0xD294,0x8842,0x8000,0x8000,0x8000,0x8000,0x8000,
  0x8000,0x8000,0x8000,0x8000,0x8000,0x8000,0x8000,0xC210,0xDEF7,0xD6B5,0xDAD6,0xDAD6,0xDAD6,0xDAD6,0xDAD6,0xDAD6,
  0xDAD6,0xDAD6,0xDAD6,0xDAD6,0xDAD6,0xDAD6,0xE318,0xB5AD,0x8000,0x8000,0x8000,0x8000,0x8000,0x8000,0x8000,0x8000,
  0x8000,0x8000,0x8000,0x8000,0x9CE7,0xE318,0xDAD6,0xDED7,0xDEF7,0xDEF7,0xDEF7,0xDEF7,0xDEF7,0xDEF7,0xDEF7,0xDEF7,
  0xDEF7,0xDED7,0xE318,0xC210,0x8000,0x8000,0x8000,0x8000,0x8000,0x8000,0x8000,0x8000,0x8000,0x8000,0x8000,0x8000,
  0x98C6,0xE318,0xDEF7,0xDEF7,0xDEF7,0xDEF7,0xDEF7,0xDEF7,0xE2F7,0xE318,0xE318,0xE318,0xE318,0xE318,0xE318,0xE318,
  0xE318,0xE318,0xE318,0xE318,0xE318,0xE318,0xE318,0xE318,0xE318,0xE318,0xE318,0xE318,0xE318,0xE318,0xE318,0xE739,
  0xDAD6,0x9084,0x8000,0x8000,0x8000,0x8000,0x8000,0x8000,0x8000,0x8000,0x8000,0x8000,0x8000,0x8000,0x8421,0xDAD6,
  0xE739,0xE739,0xE739,0xE739,0xE739,0xE739,0xE739,0xE739,0xE318,0x8C63,0x8000,0x8000,0x8000,0x8000,0x8000,0x8000,
  0x8000,0x8000,0x8000,0x8000,0x8000,0x8000,0xD6B5,0xEB5A,0xE739,0xE739,0xE739,0xE739,0xE75A,0xEB5A,0xEB5A,0xEB5A,
  0xEB5A,0xEB5A,0xEB5A,0xEB5A,0xEB5A,0xEF7B,0xEF7B,0xEF7B,0xEF7B,0xEF7B,0xEF7B,0xEF7B,0xEF7B,0xEF7B,0xEF7B,0xEF7B,
  0xEF7B,0xEF7B,0xEB5A,0xEB5A,0xEB5A,0xEB5A,0xEB5A,0xEB5A,0xEB5A,0xEB5A,0xEB5A,0xEB5A,0xEB5A,0xEB5A,0xEF7B,0xEB5A,
  0xF39C,0xA94A,0x8000,0x8000,0x8000,0x8000,0x8000,0x8000,0x8000,0x8000,0x8000,0x8000,0x8000,0x8000,0xBDEF,0xF7BD,
  0xEF7B,0xEF7B,0xEF7B,0xEF7B,0xEF7B,0xEF7B,0xEF7B,0xEF7B,0xEF7B,0xEF7B,0xEF7B,0xEF7B,0xEF7B,0xEF7B,0xEF7B,0xEF7B,
  0xF39C,0xF39C,0xF39C,0xF39C,0xF37B,0xF39C,0xEB5A,0x8421,0x8000,0x8000,0x8000,0x8000,0x8000,0x8000,0x8000,0x8000,
  0x8000,0x8000,0x8000,0x8421,0xE739,0xF7BD,0xF39C,0xF39C,0xF39C,0xF39C,0xF39C,0xF39C,0xF39C,0xF39C,0xF39C,0xF39C,
  0xF39C,0xF79C,0xF7BD,0xF7BD,0xF7BD,0xF39C,0xFBDE,0x98C6,0x8000,0x8000,0x8000,0x8000,0x8000,0x8000,0x8000,0x8000,
  0x8000,0x8000,0x8000,0x8842,0xEF7B,0xFBDE,0xF7BD,0xF7BD,0xF7BD,0xF7BD,0xF7BD,0xF7BD,0xF7BD,0xF7BD,0xF7BD,0xF7BD,
  0xFFFF,0xAD6B,0x8000,0x8000,0x8000,0x8000,0x8000,0x8000,0x8000,0x8000,0x8000,0x8000,0x8000,0x8000,0xCA52,0xFFFF,
  0x0000,0x0000,0x0000,0x0000,0x0000,0x0000,0x0000,0x0000,0x0000,0x0000,0x0000,0x0000,0x0000,0x0000,0x0000,0x0000,
  0x0000,0x0000,0x0000,0x0000,0x0000,0x0000,0x0000,0x0000,0x0000,0x0000,0x0000,0x0000,0x0000,0x0000,0x0000,0x0000,
  0x0000,0x0000,0x0000,0x0000,0x0000,0x0000,0x0000,0x0000,0x0000,0x0000,0x0000,0x0000,0x0000,0x0000,0x0000,0x0000,
  0x0000,0x0000,0x0000,0x0000,0x0000,0x0000,0x0000,0x0000,0x0000,0x0000,0x0000,0x0000,0x0000,0x0000,0x0000,0x0000,
  0x0000,0x0000,0x0000,0x0000,0x0000,0x0000,0x0000,0x0000,0x0000,0x0000,0x0000,0x0000,0x0000,0x0000,0x0000,0x0000,
  0x0000,0x0000,0x0000,0x0000,0x0000,0x0000,0x0000,0x0000,0x0000,0x0000,0x0000,0x0000,0x0000,0x0000,0x0000,0x0000,
  0x0000,0x0000,0x0000,0x0000,0x0000,0x0000,0x0000,0x0000,0x0000,0x0000,0x0000,0x0000,0x0000,0x0000,0x0000,0x0000,
  0x0000,0x0000,0x0000,0x0000,0x0000,0x0000,0x0000,0x0000,0x0000,0x0000,0x0000,0x0000,0x0000,0x0000,0x0000,0x0000,
  0xF35A,0xE675,0xE254,0xDE53,0x9063,0x8000,0x8000,0x8000,0x8000,0x8000,0x8000,0x8000,0x8000,0x8000,0x8000,0x8000,
  0x8000,0x8000,0x8000,0x8000,0x8000,0x8000,0x8000,0x8000,0x8000,0x8000,0x8000,0x8000,0x8000,0xA4E7,0xE675,0xE253,
  0xE254,0xE254,0xE254,0xE254,0xE254,0xE254,0xE254,0xE254,0xE254,0xE254,0xE254,0xE254,0xE254,0xE254,0xE254,0xE254,
  0xE254,0xE254,0xE254,0xE254,0xE254,0xE254,0xE254,0xE254,0xE254,0xE253,0xEA75,0xBD6C,0x8000,0x8000,0x8000,0x8000,
  0x8000,0x8000,0x8000,0x8000,0x8000,0x8000,0x8000,0x8000,0x8000,0xB18C,0xDAD6,0xD294,0xD6B5,0xD6B5,0xD6B5,0xD6B5,
  0xD6B5,0xD6B5,0xD6B5,0xD6B5,0xD6B5,0xD6B5,0xD6B5,0xD6B5,0xD6B5,0xDAD6,0x9CE7,0x8000,0x8000,0x8000,0x8000,0x8000,
  0x8000,0x8000,0x8000,0x8000,0x8000,0x8000,0x8000,0xA94A,0xDEF7,0xD6B5,0xDAD6,0xDAD6,0xDAD6,0xDAD6,0xDAD6,0xDAD6,
  0xDAD6,0xDAD6,0xDAD6,0xDAD6,0xDAD6,0xDAD6,0xE318,0xB5AD,0x8000,0x8000,0x8000,0x8000,0x8000,0x8000,0x8000,0x8000,
  0x8000,0x8000,0x8000,0x8000,0x9CE7,0xE318,0xDAD6,0xDEF7,0xDEF7,0xDEF7,0xDEF7,0xDEF7,0xDEF7,0xDEF7,0xDEF7,0xDEF7,
  0xDEF7,0xDAF7,0xE318,0xC1F0,0x8000,0x8000,0x8000,0x8000,0x8000,0x8000,0x8000,0x8000,0x8000,0x8000,0x8000,0x8000,
  0x98C6,0xE318,0xDEF7,0xDEF7,0xDEF7,0xDEF7,0xDEF7,0xDEF7,0xDEF7,0xE318,0xE318,0xE318,0xE318,0xE318,0xE318,0xE318,
  0xE318,0xE318,0xE318,0xE318,0xE318,0xE318,0xE318,0xE318,0xE318,0xE318,0xE318,0xE318,0xE318,0xE318,0xE318,0xE318,
  0xE739,0xDAD6,0x8C63,0x8000,0x8000,0x8000,0x8000,0x8000,0x8000,0x8000,0x8000,0x8000,0x8000,0x8000,0x8000,0xB9CE,
  0xEB5A,0xE318,0xE739,0xE739,0xE739,0xE739,0xE739,0xE739,0xE739,0x8C63,0x8000,0x8000,0x8000,0x8000,0x8000,0x8000,
  0x8000,0x8000,0x8000,0x8000,0x8000,0x8000,0xD6B5,0xEB5A,0xE739,0xE739,0xE739,0xE739,0xEB5A,0xEB5A,0xEB5A,0xEB5A,
  0xEB5A,0xEB5A,0xEB5A,0xEB5A,0xEB5A,0xAD6B,0xA108,0xA108,0xA108,0xA108,0xA108,0xA108,0xA108,0xA108,0xA108,0xA108,
  0xA108,0xAD6B,0xEB5A,0xEB5A,0xEB5A,0xEB5A,0xEB5A,0xEB5A,0xEB5A,0xEB5A,0xEB5A,0xEB5A,0xEB5A,0xEB5A,0xEF7B,0xEB5A,
  0xF39C,0xA94A,0x8000,0x8000,0x8000,0x8000,0x8000,0x8000,0x8000,0x8000,0x8000,0x8000,0x8000,0x8000,0xBDEF,0xF7BD,
  0xEF7B,0xEF7B,0xEF7B,0xEF7B,0xEF7B,0xEF7B,0xEF7B,0xEF7B,0xEF7B,0xEF7B,0xEF7B,0xEF7B,0xEF7B,0xEF7B,0xEF7B,0xEF7B,
  0xF39C,0xF39C,0xF39C,0xF39C,0xF37C,0xF39C,0xEB5A,0x8421,0x8000,0x8000,0x8000,0x8000,0x8000,0x8000,0x8000,0x8000,
  0x8000,0x8000,0x8000,0x8421,0xE739,0xF7BD,0xF39C,0xF39C,0xF39C,0xF39C,0xF39C,0xF39C,0xF39C,0xF39C,0xF39C,0xF39C,
  0xF39C,0xF39C,0xF7BD,0xF7BD,0xF39C,0xFBDE,0xE318,0x8000,0x8000,0x8000,0x8000,0x8000,0x8000,0x8000,0x8000,0x8000,
  0x8000,0x8000,0x8000,0xB5AD,0xFFFF,0xF7BD,0xF7BD,0xF7BD,0xF7BD,0xF7BD,0xF7BD,0xF7BD,0xF7BD,0xF7BD,0xF7BD,0xF7BD,
  0xFFFF,0xAD6B,0x8000,0x8000,0x8000,0x8000,0x8000,0x8000,0x8000,0x8000,0x8000,0x8000,0x8000,0x8000,0xCA52,0xFFFF,
  0x0000,0x0000,0x0000,0x0000,0x0000,0x0000,0x0000,0x0000,0x0000,0x0000,0x0000,0x0000,0x0000,0x0000,0x0000,0x0000,
  0x0000,0x0000,0x0000,0x0000,0x0000,0x0000,0x0000,0x0000,0x0000,0x0000,0x0000,0x0000,0x0000,0x0000,0x0000,0x0000,
  0x0000,0x0000,0x0000,0x0000,0x0000,0x0000,0x0000,0x0000,0x0000,0x0000,0x0000,0x0000,0x0000,0x0000,0x0000,0x0000,
  0x0000,0x0000,0x0000,0x0000,0x0000,0x0000,0x0000,0x0000,0x0000,0x0000,0x0000,0x0000,0x0000,0x0000,0x0000,0x0000,
  0x0000,0x0000,0x0000,0x0000,0x0000,0x0000,0x0000,0x0000,0x0000,0x0000,0x0000,0x0000,0x0000,0x0000,0x0000,0x0000,
  0x0000,0x0000,0x0000,0x0000,0x0000,0x0000,0x0000,0x0000,0x0000,0x0000,0x0000,0x0000,0x0000,0x0000,0x0000,0x0000,
  0x0000,0x0000,0x0000,0x0000,0x0000,0x0000,0x0000,0x0000,0x0000,0x0000,0x0000,0x0000,0x0000,0x0000,0x0000,0x0000,
  0x0000,0x0000,0x0000,0x0000,0x0000,0x0000,0x0000,0x0000,0x0000,0x0000,0x0000,0x0000,0x0000,0x0000,0x0000,0x0000,
  0xF35A,0xE274,0xE674,0xA4E7,0x8000,0x8000,0x8000,0x8000,0x8000,0x8000,0x8000,0x8000,0x8000,0x8000,0x8000,0x8000,
  0x8000,0x8000,0x8000,0x8000,0x8000,0x8000,0x8000,0x8000,0x8000,0x8000,0x8000,0x8000,0x8000,0x8000,0xBD6C,0xEA75,
  0xE253,0xE253,0xE254,0xE253,0xE253,0xE253,0xE253,0xE254,0xE253,0xE253,0xE254,0xE254,0xE253,0xE253,0xE253,0xE254,
  0xE254,0xE254,0xE253,0xE253,0xE253,0xE253,0xE253,0xE254,0xE254,0xE253,0xEA75,0xBD6C,0x8000,0x8000,0x8000,0x8000,
  0x8000,0x8000,0x8000,0x8000,0x8000,0x8000,0x8000,0x8000,0x8000,0xB18C,0xDAD6,0xD294,0xD6B5,0xD6B5,0xD6B5,0xD6B5,
  0xD6B5,0xD6B5,0xD6B5,0xD6B5,0xD6B5,0xD6B5,0xD6B5,0xD6B5,0xD6B5,0xDEF7,0xB5AD,0x8000,0x8000,0x8000,0x8000,0x8000,
  0x8000,0x8000,0x8000,0x8000,0x8000,0x8000,0x8000,0x9084,0xDAD6,0xDAD6,0xDAD6,0xDAD6,0xDAD6,0xDAD6,0xDAD6,0xDAD6,
  0xDAD6,0xDAD6,0xDAD6,0xDAD6,0xDAD6,0xDAD6,0xE318,0xB5AD,0x8000,0x8000,0x8000,0x8000,0x8000,0x8000,0x8000,0x8000,
  0x8000,0x8000,0x8000,0x8000,0x9CE7,0xE318,0xDAD6,0xDEF6,0xDEF7,0xDEF7,0xDEF7,0xDEF7,0xDEF7,0xDEF7,0xDEF7,0xDEF7,
  0xDEF7,0xDED6,0xE318,0xBDEF,0x8000,0x8000,0x8000,0x8000,0x8000,0x8000,0x8000,0x8000,0x8000,0x8000,0x8000,0x8000,
  0x98C6,0xE318,0xDEF7,0xDEF7,0xDEF7,0xDEF7,0xDEF7,0xDEF7,0xDEF7,0xE318,0xE318,0xE318,0xE318,0xE318,0xE318,0xE318,
  0xDF17,0xDEF7,0xE318,0xE318,0xE318,0xE318,0xE318,0xE318,0xE318,0xE318,0xE318,0xE318,0xE318,0xE318,0xE318,0xE318,
  0xE318,0xEB5A,0xD294,0x8421,0x8000,0x8000,0x8000,0x8000,0x8000,0x8000,0x8000,0x8000,0x8000,0x8000,0x8000,0x98C6,
  0xEB39,0xE739,0xE739,0xE739,0xE739,0xE739,0xE739,0xE739,0xE739,0x9084,0x8000,0x8000,0x8000,0x8000,0x8000,0x8000,
  0x8000,0x8000,0x8000,0x8000,0x8000,0x8000,0xD6B5,0xEB5A,0xE739,0xE739,0xE739,0xE73A,0xEB5A,0xEB5A,0xEB5A,0xEB5A,
  0xEB5A,0xEB5A,0xEB5A,0xEB5A,0xEB5A,0x8C63,0x8000,0x8000,0x8000,0x8000,0x8000,0x8000,0x8000,0x8000,0x8000,0x8000,
  0x8000,0x8C63,0xEB5A,0xEB5A,0xEB5A,0xEB5A,0xEB5A,0xEB5A,0xEB5A,0xEB5A,0xEB5A,0xEB5A,0xEB5A,0xEB5A,0xEF7B,0xEB5A,
  0xF39C,0xA94A,0x8000,0x8000,0x8000,0x8000,0x8000,0x8000,0x8000,0x8000,0x8000,0x8000,0x8000,0x8000,0xBDEF,0xF7BD,
  0xEF7B,0xEF7B,0xEF7B,0xEF7B,0xEF7B,0xEF7B,0xEF7B,0xEF7B,0xEF7B,0xEF7B,0xEF7B,0xEF7B,0xEF7B,0xEF7B,0xEF7B,0xEF7B,
  0xF39C,0xF39C,0xF39C,0xF39C,0xEF7C,0xF39C,0xEB5A,0x8421,0x8000,0x8000,0x8000,0x8000,0x8000,0x8000,0x8000,0x8000,
  0x8000,0x8000,0x8000,0x8421,0xE739,0xF7BD,0xF39C,0xF39C,0xF39C,0xF39C,0xF39C,0xF39C,0xF39C,0xF39C,0xF39C,0xF39C,
  0xF39C,0xF39C,0xF7BD,0xF7BD,0xF39C,0xFFFF,0xBDEF,0x8000,0x8000,0x8000,0x8000,0x8000,0x8000,0x8000,0x8000,0x8000,
  0x8000,0x8000,0x8000,0xDF18,0xFBDE,0xF7BD,0xF7BD,0xF7BD,0xF7BD,0xF7BD,0xF7BD,0xF7BD,0xF7BD,0xF7BD,0xF7BD,0xF7BD,
  0xFFFF,0xAD6B,0x8000,0x8000,0x8000,0x8000,0x8000,0x8000,0x8000,0x8000,0x8000,0x8000,0x8000,0x8000,0xCA52,0xFFFF,
  0x0000,0x0000,0x0000,0x0000,0x0000,0x0000,0x0000,0x0000,0x0000,0x0000,0x0000,0x0000,0x0000,0x0000,0x0000,0x0000,
  0x0000,0x0000,0x0000,0x0000,0x0000,0x0000,0x0000,0x0000,0x0000,0x0000,0x0000,0x0000,0x0000,0x0000,0x0000,0x0000,
  0x0000,0x0000,0x0000,0x0000,0x0000,0x0000,0x0000,0x0000,0x0000,0x0000,0x0000,0x0000,0x0000,0x0000,0x0000,0x0000,
  0x0000,0x0000,0x0000,0x0000,0x0000,0x0000,0x0000,0x0000,0x0000,0x0000,0x0000,0x0000,0x0000,0x0000,0x0000,0x0000,
  0x0000,0x0000,0x0000,0x0000,0x0000,0x0000,0x0000,0x0000,0x0000,0x0000,0x0000,0x0000,0x0000,0x0000,0x0000,0x0000,
  0x0000,0x0000,0x0000,0x0000,0x0000,0x0000,0x0000,0x0000,0x0000,0x0000,0x0000,0x0000,0x0000,0x0000,0x0000,0x0000,
  0x0000,0x0000,0x0000,0x0000,0x0000,0x0000,0x0000,0x0000,0x0000,0x0000,0x0000,0x0000,0x0000,0x0000,0x0000,0x0000,
  0x0000,0x0000,0x0000,0x0000,0x0000,0x0000,0x0000,0x0000,0x0000,0x0000,0x0000,0x0000,0x0000,0x0000,0x0000,0x0000,
  0xF33A,0xEA95,0xC9CF,0x8000,0x8000,0x8000,0x8000,0x8000,0x8000,0x8000,0x8000,0x8000,0x8000,0x8000,0x8000,0x8000,
  0x8000,0x8000,0x8000,0x8000,0x8000,0x8000,0x8000,0x8000,0x8000,0x8000,0x8000,0x8000,0x8000,0x8000,0x8821,0xDA32,
  0xE254,0xE253,0xE253,0xE253,0xE253,0xE253,0xE253,0xE253,0xE253,0xE253,0xE253,0xE253,0xE253,0xE253,0xE253,0xE253,
  0xE253,0xE253,0xE253,0xE253,0xE253,0xE253,0xE253,0xE253,0xE253,0xDE53,0xE675,0xBD6C,0x8000,0x8000,0x8000,0x8000,
  0x8000,0x8000,0x8000,0x8000,0x8000,0x8000,0x8000,0x8000,0x8000,0xB18C,0xDAD6,0xD294,0xD6B5,0xD6B5,0xD6B5,0xD6B5,
  0xD6B5,0xD6B5,0xD6B5,0xD6B5,0xD6B5,0xD6B5,0xD6B5,0xD6B5,0xD6B5,0xDAD6,0xCA52,0x8000,0x8000,0x8000,0x8000,0x8000,
  0x8000,0x8000,0x8000,0x8000,0x8000,0x8000,0x8000,0x8000,0xCE73,0xDAD6,0xDAB6,0xDAD6,0xDAD6,0xDAD6,0xDAD6,0xDAD6,
  0xDAD6,0xDAD6,0xDAD6,0xDAD6,0xDAD6,0xDAD6,0xDEF7,0xB9CE,0x8000,0x8000,0x8000,0x8000,0x8000,0x8000,0x8000,0x8000,
  0x8000,0x8000,0x8000,0x8000,0x9CE7,0xE318,0xDAD6,0xDAF7,0xDEF7,0xDEF7,0xDEF7,0xDEF7,0xDEF7,0xDEF7,0xDEF7,0xDEF7,
  0xDEF7,0xDED6,0xE318,0xBDEF,0x8000,0x8000,0x8000,0x8000,0x8000,0x8000,0x8000,0x8000,0x8000,0x8000,0x8000,0x8000,
  0x9CE7,0xE739,0xDEF7,0xDEF7,0xDEF7,0xDEF7,0xDEF7,0xDEF7,0xDEF7,0xE318,0xE318,0xE318,0xE317,0xDEF7,0xDEF7,0xE318,
  0xE739,0xE739,0xE739,0xD6B5,0xDEF7,0xE318,0xE318,0xE318,0xE318,0xE318,0xE318,0xE318,0xE318,0xE318,0xE318,0xE318,
  0xE318,0xE318,0xEB5A,0xB9CE,0x8000,0x8000,0x8000,0x8000,0x8000,0x8000,0x8000,0x8000,0x8000,0x8000,0x8000,0x8421,
  0xDAD6,0xE739,0xE739,0xE739,0xE739,0xE739,0xE739,0xE739,0xEB5A,0x94A5,0x8000,0x8000,0x8000,0x8000,0x8000,0x8000,
  0x8000,0x8000,0x8000,0x8000,0x8000,0x8000,0xD6B5,0xEB5A,0xE739,0xE739,0xE739,0xE739,0xEB5A,0xEB5A,0xEB5A,0xEB5A,
  0xEB5A,0xEB5A,0xEB5A,0xEB5A,0xEB5A,0x94A5,0x8000,0x8000,0x8000,0x8000,0x8000,0x8000,0x8000,0x8000,0x8000,0x8000,
  0x8000,0x9084,0xEB5A,0xEB5A,0xEB5A,0xEB5A,0xEB5A,0xEB5A,0xEB5A,0xEB5A,0xEB5A,0xEB5A,0xEB5A,0xEB5A,0xEF7A,0xEB5A,
  0xF39C,0xA94A,0x8000,0x8000,0x8000,0x8000,0x8000,0x8000,0x8000,0x8000,0x8000,0x8000,0x8000,0x8000,0xBDEF,0xF7BD,
  0xEF7B,0xEF7B,0xEF7B,0xEF7B,0xEF7B,0xEF7B,0xEF7B,0xEF7B,0xEF7B,0xEF7B,0xEF7B,0xEF7B,0xEF7B,0xEF7B,0xEF7B,0xEF7B,
  0xF39C,0xF39C,0xF39C,0xF39C,0xF37C,0xF39C,0xEB5A,0x8421,0x8000,0x8000,0x8000,0x8000,0x8000,0x8000,0x8000,0x8000,
  0x8000,0x8000,0x8000,0x8421,0xE739,0xF7BD,0xF39C,0xF39C,0xF39C,0xF39C,0xF39C,0xF39C,0xF39C,0xF39C,0xF39C,0xF39C,
  0xF39C,0xF39C,0xF7BD,0xF7BD,0xF39C,0xFBDE,0xA108,0x8000,0x8000,0x8000,0x8000,0x8000,0x8000,0x8000,0x8000,0x8000,
  0x8000,0x8000,0x8C63,0xF7BD,0xF7BD,0xF7BD,0xF7BD,0xF7BD,0xF7BD,0xF7BD,0xF7BD,0xF7BD,0xF7BD,0xF7BD,0xF7BD,0xF7BD,
  0xFFFF,0xAD6B,0x8000,0x8000,0x8000,0x8000,0x8000,0x8000,0x8000,0x8000,0x8000,0x8000,0x8000,0x8000,0xCA52,0xFFFF,
  0x0000,0x0000,0x0000,0x0000,0x0000,0x0000,0x0000,0x0000,0x0000,0x0000,0x0000,0x0000,0x0000,0x0000,0x0000,0x0000,
  0x0000,0x0000,0x0000,0x0000,0x0000,0x0000,0x0000,0x0000,0x0000,0x0000,0x0000,0x0000,0x0000,0x0000,0x0000,0x0000,
  0x0000,0x0000,0x0000,0x0000,0x0000,0x0000,0x0000,0x0000,0x0000,0x0000,0x0000,0x0000,0x0000,0x0000,0x0000,0x0000,
  0x0000,0x0000,0x0000,0x0000,0x0000,0x0000,0x0000,0x0000,0x0000,0x0000,0x0000,0x0000,0x0000,0x0000,0x0000,0x0000,
  0x0000,0x0000,0x0000,0x0000,0x0000,0x0000,0x0000,0x0000,0x0000,0x0000,0x0000,0x0000,0x0000,0x0000,0x0000,0x0000,
  0x0000,0x0000,0x0000,0x0000,0x0000,0x0000,0x0000,0x0000,0x0000,0x0000,0x0000,0x0000,0x0000,0x0000,0x0000,0x0000,
  0x0000,0x0000,0x0000,0x0000,0x0000,0x0000,0x0000,0x0000,0x0000,0x0000,0x0000,0x0000,0x0000,0x0000,0x0000,0x0000,
  0x0000,0x0000,0x0000,0x0000,0x0000,0x0000,0x0000,0x0000,0x0000,0x0000,0x0000,0x0000,0x0000,0x0000,0x0000,0x0000,
  0xF33A,0xEA96,0xA0C6,0x8000,0x8000,0x8000,0x8000,0x8000,0x8000,0x8000,0x8000,0x8421,0x9063,0x9CA6,0xA4E7,0xAD09,
  0xAD09,0xB129,0xAD09,0xA8E8,0x9CC6,0x9063,0x8000,0x8000,0x8000,0x8000,0x8000,0x8000,0x8000,0x8000,0x8000,0xB54A,
  0xEA75,0xDE53,0xE253,0xE253,0xE253,0xE253,0xE253,0xE253,0xE253,0xE253,0xE253,0xE253,0xE253,0xE253,0xE253,0xE253,
  0xE253,0xE253,0xE253,0xE253,0xE253,0xE253,0xE253,0xE253,0xE253,0xDE53,0xE675,0xBD6C,0x8000,0x8000,0x8000,0x8000,
  0x8000,0x8000,0x8000,0x8000,0x8000,0x8000,0x8000,0x8000,0x8000,0xB18C,0xDAD6,0xD294,0xD6B5,0xD6B5,0xD6B5,0xD6B5,
  0xD6B5,0xD6B5,0xD6B5,0xD6B5,0xD6B5,0xD6B5,0xD6B5,0xD6B5,0xD6B5,0xD6B5,0xD6B5,0x8C63,0x8000,0x8000,0x8000,0x8000,
  0x8000,0x8000,0x8000,0x8000,0x8000,0x8000,0x8000,0x8000,0xB5AD,0xDEF7,0xD6B5,0xDAD6,0xDAD6,0xDAD6,0xDAD6,0xDAD6,
  0xDAD6,0xDAD6,0xDAD6,0xDAD6,0xDAD6,0xDAD6,0xDEF7,0xBDEF,0x8000,0x8000,0x8000,0x8000,0x8000,0x8000,0x8000,0x8000,
  0x8000,0x8000,0x8000,0x8000,0x98C6,0xE318,0xDAD6,0xDAF7,0xDEF7,0xDEF7,0xDEF7,0xDEF7,0xDEF7,0xDEF7,0xDEF7,0xDEF7,
  0xDEF7,0xDAD6,0xE318,0xBDEF,0x8000,0x8000,0x8000,0x8000,0x8000,0x8000,0x8000,0x8000,0x8000,0x8000,0x8000,0x8000,
  0xA108,0xE739,0xDEF7,0xDEF7,0xDEF7,0xDEF7,0xDEF7,0xDEF7,0xE2F7,0xDEF7,0xDEF7,0xDEF7,0xE318,0xE739,0xE739,0xE318,
  0xD294,0xB5AD,0x98C6,0x8421,0xCE73,0xE739,0xE318,0xE318,0xE318,0xE318,0xE318,0xE318,0xE318,0xE318,0xE318,0xE318,
  0xE318,0xE318,0xE318,0xE739,0x9084,0x8000,0x8000,0x8000,0x8000,0x8000,0x8000,0x8000,0x8000,0x8000,0x8000,0x8000,
  0xCA52,0xEB5A,0xE318,0xE739,0xE739,0xE739,0xE739,0xE739,0xEB5A,0x9CE7,0x8000,0x8000,0x8000,0x8000,0x8000,0x8000,
  0x8000,0x8000,0x8000,0x8000,0x8000,0x8000,0xD6B5,0xEB5A,0xE739,0xE739,0xE739,0xE739,0xEB5A,0xEB5A,0xEB5A,0xEB5A,
  0xEB5A,0xEB5A,0xEB5A,0xEB5A,0xEB5A,0x9084,0x8000,0x8000,0x8000,0x8000,0x8000,0x8000,0x8000,0x8000,0x8000,0x8000,
  0x8000,0x9084,0xEB5A,0xEB5A,0xEB5A,0xEB5A,0xEB5A,0xEB5A,0xEB5A,0xEB5A,0xEB5A,0xEB5A,0xEB5A,0xEB5A,0xEF7B,0xEB5A,
  0xF39C,0xA94A,0x8000,0x8000,0x8000,0x8000,0x8000,0x8000,0x8000,0x8000,0x8000,0x8000,0x8000,0x8000,0xBDEF,0xF7BD,
  0xEF7B,0xEF7B,0xEF7B,0xEF7B,0xEF7B,0xEF7B,0xEF7B,0xEF7B,0xEF7B,0xEF7B,0xEF7B,0xEF7B,0xEF7B,0xEF7B,0xEF7B,0xF37B,
  0xF39C,0xF39C,0xF39C,0xF39C,0xEF7B,0xF39C,0xEB5A,0x8421,0x8000,0x8000,0x8000,0x8000,0x8000,0x8000,0x8000,0x8000,
  0x8000,0x8000,0x8000,0x8421,0xE739,0xF7BD,0xF39C,0xF39C,0xF39C,0xF39C,0xF39C,0xF39C,0xF39C,0xF39C,0xF39C,0xF39C,
  0xF39C,0xF3BD,0xF7BD,0xF39C,0xF7BD,0xF39C,0x8C63,0x8000,0x8000,0x8000,0x8000,0x8000,0x8000,0x8000,0x8000,0x8000,
  0x8000,0x8000,0xA108,0xFBDE,0xF7BD,0xF7BD,0xF7BD,0xF7BD,0xF7BD,0xF7BD,0xF7BD,0xF7BD,0xF7BD,0xF7BD,0xF7BD,0xF7BD,
  0xFFFF,0xAD6B,0x8000,0x8000,0x8000,0x8000,0x8000,0x8000,0x8000,0x8000,0x8000,0x8000,0x8000,0x8000,0xCA52,0xFFFF,
  0x0000,0x0000,0x0000,0x0000,0x0000,0x0000,0x0000,0x0000,0x0000,0x0000,0x0000,0x0000,0x0000,0x0000,0x0000,0x0000,
  0x0000,0x0000,0x0000,0x0000,0x0000,0x0000,0x0000,0x0000,0x0000,0x0000,0x0000,0x0000,0x0000,0x0000,0x0000,0x0000,
  0x0000,0x0000,0x0000,0x0000,0x0000,0x0000,0x0000,0x0000,0x0000,0x0000,0x0000,0x0000,0x0000,0x0000,0x0000,0x0000,
  0x0000,0x0000,0x0000,0x0000,0x0000,0x0000,0x0000,0x0000,0x0000,0x0000,0x0000,0x0000,0x0000,0x0000,0x0000,0x0000,
  0x0000,0x0000,0x0000,0x0000,0x0000,0x0000,0x0000,0x0000,0x0000,0x0000,0x0000,0x0000,0x0000,0x0000,0x0000,0x0000,
  0x0000,0x0000,0x0000,0x0000,0x0000,0x0000,0x0000,0x0000,0x0000,0x0000,0x0000,0x0000,0x0000,0x0000,0x0000,0x0000,
  0x0000,0x0000,0x0000,0x0000,0x0000,0x0000,0x0000,0x0000,0x0000,0x0000,0x0000,0x0000,0x0000,0x0000,0x0000,0x0000,
  0x0000,0x0000,0x0000,0x0000,0x0000,0x0000,0x0000,0x0000,0x0000,0x0000,0x0000,0x0000,0x0000,0x0000,0x0000,0x0000,
  0xF75B,0xDE53,0x8401,0x8000,0x8000,0x8000,0x8000,0x8000,0x8000,0x9063,0xC18D,0xDA12,0xE253,0xE674,0xE675,0xE675,
  0xE675,0xE675,0xE675,0xE675,0xE674,0xE253,0xD1F0,0xAD09,0x8000,0x8000,0x8000,0x8000,0x8000,0x8000,0x8000,0x9063,
  0xE253,0xE253,0xE253,0xE253,0xE253,0xE253,0xE253,0xE253,0xE253,0xE253,0xE253,0xE253,0xE253,0xE253,0xE253,0xE253,
  0xE253,0xE253,0xE253,0xE253,0xE253,0xE253,0xE253,0xE253,0xE253,0xDE53,0xE674,0xBD6C,0x8000,0x8000,0x8000,0x8000,
  0x8000,0x8000,0x8000,0x8000,0x8000,0x8000,0x8000,0x8000,0x8000,0xB18C,0xDAD6,0xD294,0xD6B5,0xD6B5,0xD6B5,0xD6B5,
  0xD6B5,0xD6B5,0xD6B5,0xD6B5,0xD6B5,0xD6B5,0xD6B5,0xD6B5,0xD6B5,0xD6B5,0xDEF7,0xA529,0x8000,0x8000,0x8000,0x8000,
  0x8000,0x8000,0x8000,0x8000,0x8000,0x8000,0x8000,0x8000,0x9CE7,0xDEF7,0xD6B5,0xDAD6,0xDAD6,0xDAD6,0xDAD6,0xDAD6,
  0xDAD6,0xDAD6,0xDAD6,0xDAD6,0xDAD6,0xDAD6,0xDEF7,0xC631,0x8000,0x8000,0x8000,0x8000,0x8000,0x8000,0x8000,0x8000,
  0x8000,0x8000,0x8000,0x8000,0x98C6,0xDEF7,0xDAD6,0xDEF6,0xDEF7,0xDEF7,0xDEF7,0xDEF7,0xDEF7,0xDEF7,0xDEF7,0xDEF7,
  0xDEF7,0xDAD6,0xE318,0xB9CE,0x8000,0x8000,0x8000,0x8000,0x8000,0x8000,0x8000,0x8000,0x8000,0x8000,0x8000,0x8000,
  0xA94A,0xE739,0xDEF7,0xDEF7,0xDEF7,0xDEF7,0xDEF7,0xDEF7,0xDEF7,0xE318,0xE739,0xE739,0xDEF7,0xCA52,0xAD6B,0x9084,
  0x8000,0x8000,0x8000,0x8000,0xBDEF,0xE739,0xE318,0xE318,0xE318,0xE318,0xE318,0xE318,0xE318,0xE318,0xE318,0xE318,
  0xE318,0xE318,0xE318,0xEB5A,0xBDEF,0x8000,0x8000,0x8000,0x8000,0x8000,0x8000,0x8000,0x8000,0x8000,0x8000,0x8000,
  0xB9CE,0xEB5A,0xE318,0xE739,0xE739,0xE739,0xE739,0xE739,0xEB5A,0xA529,0x8000,0x8000,0x8000,0x8000,0x8000,0x8000,
  0x8000,0x8000,0x8000,0x8000,0x8000,0x8000,0xD6B5,0xEB5A,0xE739,0xE739,0xE739,0xE739,0xEB5A,0xEB5A,0xEB5A,0xEB5A,
  0xEB5A,0xEB5A,0xEB5A,0xEB5A,0xEB5A,0x9084,0x8000,0x8000,0x8000,0x8000,0x8000,0x8000,0x8000,0x8000,0x8000,0x8000,
  0x8000,0x94A5,0xEF7B,0xEB5A,0xEB5A,0xEB5A,0xEB5A,0xEB5A,0xEB5A,0xEB5A,0xEB5A,0xEB5A,0xEB5A,0xEB5A,0xEF7B,0xEB5A,
  0xF39C,0xA94A,0x8000,0x8000,0x8000,0x8000,0x8000,0x8000,0x8000,0x8000,0x8000,0x8000,0x8000,0x8000,0xBDEF,0xF7BD,
  0xEF7B,0xEF7B,0xEF7B,0xEF7B,0xEF7B,0xEF7B,0xEF7B,0xEF7B,0xEF7B,0xEF7B,0xEF7B,0xEF7B,0xEF7B,0xEF7B,0xEF7B,0xEF7B,
  0xF39C,0xF39C,0xF39C,0xF39C,0xF37B,0xF39C,0xEB5A,0x8421,0x8000,0x8000,0x8000,0x8000,0x8000,0x8000,0x8000,0x8000,
  0x8000,0x8000,0x8000,0x8421,0xE739,0xF7BD,0xF39C,0xF39C,0xF39C,0xF39C,0xF39C,0xF39C,0xF39C,0xF39C,0xF39C,0xF39C,
  0xF39C,0xF39C,0xF7BD,0xF39C,0xFBDE,0xE318,0x8000,0x8000,0x8000,0x8000,0x8000,0x8000,0x8000,0x8000,0x8000,0x8000,
  0x8000,0x8000,0xAD6B,0xFFFF,0xF7BD,0xF7BD,0xF7BD,0xF7BD,0xF7BD,0xF7BD,0xF7BD,0xF7BD,0xF7BD,0xF7BD,0xF7BD,0xF7BD,
  0xFFFF,0xAD6B,0x8000,0x8000,0x8000,0x8000,0x8000,0x8000,0x8000,0x8000,0x8000,0x8000,0x8000,0x8000,0xCA52,0xFFFF,
  0x0000,0x0000,0x0000,0x0000,0x0000,0x0000,0x0000,0x0000,0x0000,0x0000,0x0000,0x0000,0x0000,0x0000,0x0000,0x0000,
  0x0000,0x0000,0x0000,0x0000,0x0000,0x0000,0x0000,0x0000,0x0000,0x0000,0x0000,0x0000,0x0000,0x0000,0x0000,0x0000,
  0x0000,0x0000,0x0000,0x0000,0x0000,0x0000,0x0000,0x0000,0x0000,0x0000,0x0000,0x0000,0x0000,0x0000,0x0000,0x0000,
  0x0000,0x0000,0x0000,0x0000,0x0000,0x0000,0x0000,0x0000,0x0000,0x0000,0x0000,0x0000,0x0000,0x0000,0x0000,0x0000,
  0x0000,0x0000,0x0000,0x0000,0x0000,0x0000,0x0000,0x0000,0x0000,0x0000,0x0000,0x0000,0x0000,0x0000,0x0000,0x0000,
  0x0000,0x0000,0x0000,0x0000,0x0000,0x0000,0x0000,0x0000,0x0000,0x0000,0x0000,0x0000,0x0000,0x0000,0x0000,0x0000,
  0x0000,0x0000,0x0000,0x0000,0x0000,0x0000,0x0000,0x0000,0x0000,0x0000,0x0000,0x0000,0x0000,0x0000,0x0000,0x0000,
  0x0000,0x0000,0x0000,0x0000,0x0000,0x0000,0x0000,0x0000,0x0000,0x0000,0x0000,0x0000,0x0000,0x0000,0x0000,0x0000,
  0xFB7C,0xC9CF,0x8000,0x8000,0x8000,0x8000,0x8000,0x8000,0x9484,0xDE53,0xE674,0xE253,0xE253,0xDE33,0xDE33,0xDE33,
  0xDE33,0xDE33,0xDE33,0xDE33,0xDE33,0xE253,0xE254,0xEA75,0xC9AE,0x8401,0x8000,0x8000,0x8000,0x8000,0x8000,0x8000,
  0xD1F0,0xE654,0xDE53,0xE253,0xE253,0xE253,0xE253,0xE253,0xE253,0xE253,0xE253,0xE253,0xE253,0xE253,0xE253,0xE253,
  0xE253,0xE253,0xE253,0xE253,0xE253,0xE253,0xE253,0xE253,0xE253,0xDE33,0xE674,0xBD6C,0x8000,0x8000,0x8000,0x8000,
  0x8000,0x8000,0x8000,0x8000,0x8000,0x8000,0x8000,0x8000,0x8000,0xB18C,0xDAD6,0xD294,0xD6B5,0xD6B5,0xD6B5,0xD6B5,
  0xD6B5,0xD6B5,0xD6B5,0xD6B5,0xD6B5,0xD6B5,0xD6B5,0xD6B5,0xD6B5,0xD6B5,0xDAD6,0xBDEF,0x8000,0x8000,0x8000,0x8000,
  0x8000,0x8000,0x8000,0x8000,0x8000,0x8000,0x8000,0x8000,0x8842,0xD6B5,0xDAD6,0xDAD6,0xDAD6,0xDAD6,0xDAD6,0xDAD6,
  0xDAD6,0xDAD6,0xDAD6,0xDAD6,0xDAD6,0xDAD6,0xDEF7,0xCA52,0x8000,0x8000,0x8000,0x8000,0x8000,0x8000,0x8000,0x8000,
  0x8000,0x8000,0x8000,0x8000,0x94A5,0xDEF7,0xDAD6,0xDEF6,0xDEF7,0xDEF7,0xDEF7,0xDEF7,0xDEF7,0xDEF7,0xDEF7,0xDEF7,
  0xDEF7,0xDAD6,0xE318,0xB5AD,0x8000,0x8000,0x8000,0x8000,0x8000,0x8000,0x8000,0x8000,0x8000,0x8000,0x8000,0x8000,
  0xB18C,0xE739,0xDEF7,0xDEF7,0xDEF7,0xDEF7,0xDEF7,0xDEF7,0xE318,0xDAD6,0xC210,0xA529,0x8C63,0x8000,0x8000,0x8000,
  0x8000,0x8000,0x8000,0x8000,0xAD6B,0xEB5A,0xE318,0xE318,0xE318,0xE318,0xE318,0xE318,0xE318,0xE318,0xE318,0xE318,
  0xE318,0xE318,0xE318,0xE739,0xDAD6,0x8421,0x8000,0x8000,0x8000,0x8000,0x8000,0x8000,0x8000,0x8000,0x8000,0x8000,
  0xAD6B,0xEB5A,0xE318,0xE739,0xE739,0xE739,0xE739,0xE318,0xEF7B,0xAD6B,0x8000,0x8000,0x8000,0x8000,0x8000,0x8000,
  0x8000,0x8000,0x8000,0x8000,0x8000,0x8000,0xD6B5,0xEB5A,0xE739,0xE739,0xE739,0xE739,0xEB39,0xEB5A,0xEB5A,0xEB5A,
  0xEB5A,0xEB5A,0xEB5A,0xEB5A,0xEB5A,0x9084,0x8000,0x8000,0x8000,0x8000,0x8000,0x8000,0x8000,0x8000,0x8000,0x8000,
  0x8000,0x98C6,0xEF7B,0xEB5A,0xEB5A,0xEB5A,0xEB5A,0xEB5A,0xEB5A,0xEB5A,0xEB5A,0xEB5A,0xEB5A,0xEB5A,0xEF7B,0xEB5A,
  0xF39C,0xA94A,0x8000,0x8000,0x8000,0x8000,0x8000,0x8000,0x8000,0x8000,0x8000,0x8000,0x8000,0x8000,0xBDEF,0xF7BD,
  0xEF7B,0xEF7B,0xEF7B,0xEF7B,0xEF7B,0xEF7B,0xEF7B,0xEF7B,0xEF7B,0xEF7B,0xEF7B,0xEF7B,0xEF7B,0xEF7B,0xEF7B,0xEF7B,
  0xF39C,0xF39C,0xF39C,0xF39C,0xF39B,0xF39C,0xEB5A,0x8421,0x8000,0x8000,0x8000,0x8000,0x8000,0x8000,0x8000,0x8000,
  0x8000,0x8000,0x8000,0x8421,0xE739,0xF7BD,0xF39C,0xF39C,0xF39C,0xF39C,0xF39C,0xF39C,0xF39C,0xF39C,0xF39C,0xF39C,
  0xF39C,0xF39C,0xF7BD,0xF39C,0xFBDE,0xD6B5,0x8000,0x8000,0x8000,0x8000,0x8000,0x8000,0x8000,0x8000,0x8000,0x8000,
  0x8000,0x8000,0xAD6B,0xFFFF,0xF7BD,0xF7BD,0xF7BD,0xF7BD,0xF7BD,0xF7BD,0xF7BD,0xF7BD,0xF7BD,0xF7BD,0xF7BD,0xF7BD,
  0xFFFF,0xAD6B,0x8000,0x8000,0x8000,0x8000,0x8000,0x8000,0x8000,0x8000,0x8000,0x8000,0x8000,0x8000,0xCA52,0xFFFF,
  0x0000,0x0000,0x0000,0x0000,0x0000,0x0000,0x0000,0x0000,0x0000,0x0000,0x0000,0x0000,0x0000,0x0000,0x0000,0x0000,
  0x0000,0x0000,0x0000,0x0000,0x0000,0x0000,0x0000,0x0000,0x0000,0x0000,0x0000,0x0000,0x0000,0x0000,0x0000,0x0000,
  0x0000,0x0000,0x0000,0x0000,0x0000,0x0000,0x0000,0x0000,0x0000,0x0000,0x0000,0x0000,0x0000,0x0000,0x0000,0x0000,
  0x0000,0x0000,0x0000,0x0000,0x0000,0x0000,0x0000,0x0000,0x0000,0x0000,0x0000,0x0000,0x0000,0x0000,0x0000,0x0000,
  0x0000,0x0000,0x0000,0x0000,0x0000,0x0000,0x0000,0x0000,0x0000,0x0000,0x0000,0x0000,0x0000,0x0000,0x0000,0x0000,
  0x0000,0x0000,0x0000,0x0000,0x0000,0x0000,0x0000,0x0000,0x0000,0x0000,0x0000,0x0000,0x0000,0x0000,0x0000,0x0000,
  0x0000,0x0000,0x0000,0x0000,0x0000,0x0000,0x0000,0x0000,0x0000,0x0000,0x0000,0x0000,0x0000,0x0000,0x0000,0x0000,
  0x0000,0x0000,0x0000,0x0000,0x0000,0x0000,0x0000,0x0000,0x0000,0x0000,0x0000,0x0000,0x0000,0x0000,0x0000,0x0000,
  0xFB7C,0xB96C,0x8000,0x8000,0x8000,0x8000,0x8000,0x8000,0xD1F0,0xE654,0xDE33,0xE253,0xE253,0xE253,0xE253,0xE253,
  0xE253,0xE253,0xE253,0xE253,0xE253,0xE253,0xDE33,0xDE32,0xEA75,0xB94B,0x8000,0x8000,0x8000,0x8000,0x8000,0x8000,
  0xBD6C,0xE674,0xDE33,0xE253,0xE253,0xE253,0xE253,0xE253,0xE253,0xE253,0xE253,0xE253,0xE253,0xE253,0xE253,0xE253,
  0xE253,0xE253,0xE253,0xE253,0xE253,0xE253,0xE253,0xE253,0xE253,0xDE33,0xE674,0xB96C,0x8000,0x8000,0x8000,0x8000,
  0x8000,0x8000,0x8000,0x8000,0x8000,0x8000,0x8000,0x8000,0x8000,0xB18C,0xDAD6,0xD294,0xD6B5,0xD6B5,0xD6B5,0xD6B5,
  0xD6B5,0xD6B5,0xD6B5,0xD6B5,0xD6B5,0xD6B5,0xD6B5,0xD6B5,0xD6B5,0xD6B5,0xDAD6,0xD294,0x8421,0x8000,0x8000,0x8000,
  0x8000,0x8000,0x8000,0x8000,0x8000,0x8000,0x8000,0x8000,0x8000,0xC210,0xDEF7,0xD6B5,0xDAD6,0xDAD6,0xDAD6,0xDAD6,
  0xDAD6,0xDAD6,0xDAD6,0xDAD6,0xDAD6,0xDAD6,0xDAD6,0xD294,0x8421,0x8000,0x8000,0x8000,0x8000,0x8000,0x8000,0x8000,
  0x8000,0x8000,0x8000,0x8000,0x9084,0xDEF7,0xDED7,0xDAD6,0xDEF7,0xDEF7,0xDEF7,0xDEF7,0xDEF7,0xDEF7,0xDEF7,0xDEF7,
  0xDEF7,0xDAD6,0xE739,0xAD6B,0x8000,0x8000,0x8000,0x8000,0x8000,0x8000,0x8000,0x8000,0x8000,0x8000,0x8000,0x8000,
  0xB9CE,0xE739,0xDEF7,0xDEF7,0xDEF7,0xDEF7,0xDEF7,0xDEF7,0xE318,0x98C6,0x8000,0x8000,0x8000,0x8000,0x8000,0x8000,
  0x8000,0x8000,0x8000,0x8000,0x98C6,0xE739,0xE318,0xE318,0xE318,0xE318,0xE318,0xE318,0xE318,0xE318,0xE318,0xE318,
  0xE318,0xE318,0xE318,0xE318,0xE739,0x94A5,0x8000,0x8000,0x8000,0x8000,0x8000,0x8000,0x8000,0x8000,0x8000,0x8000,
  0xA94A,0xEB5A,0xE318,0xE739,0xE739,0xE739,0xE739,0xE318,0xEF7B,0xB9CE,0x8000,0x8000,0x8000,0x8000,0x8000,0x8000,
  0x8000,0x8000,0x8000,0x8000,0x8000,0x8000,0xD294,0xEF7B,0xE739,0xE739,0xE739,0xE739,0xE75A,0xEB5A,0xEB5A,0xEB5A,
  0xEB5A,0xEB5A,0xEB5A,0xEB5A,0xE739,0x8C63,0x8000,0x8000,0x8000,0x8000,0x8000,0x8000,0x8000,0x8000,0x8000,0x8000,
  0x8000,0x9CE7,0xF37B,0xEB5A,0xEB5A,0xEB5A,0xEB5A,0xEB5A,0xEB5A,0xEB5A,0xEB5A,0xEB5A,0xEB5A,0xEB5A,0xEF7B,0xEB5A,
  0xF39C,0xA94A,0x8000,0x8000,0x8000,0x8000,0x8000,0x8000,0x8000,0x8000,0x8000,0x8000,0x8000,0x8000,0xBDEF,0xF7BD,
  0xEF7B,0xEF7B,0xEF7B,0xEF7B,0xEF7B,0xEF7B,0xEF7B,0xEF7B,0xEF7B,0xEF7B,0xEF7B,0xEF7B,0xEF7B,0xEF7B,0xEF7B,0xEF7B,
  0xF39C,0xF39C,0xF39C,0xF39C,0xF37B,0xF39C,0xEB5A,0x8421,0x8000,0x8000,0x8000,0x8000,0x8000,0x8000,0x8000,0x8000,
  0x8000,0x8000,0x8000,0x8421,0xE739,0xF7BD,0xF39C,0xF39C,0xF39C,0xF39C,0xF39C,0xF39C,0xF39C,0xF39C,0xF39C,0xF39C,
  0xF39C,0xF39C,0xF7BD,0xF39C,0xFBDE,0xCE73,0x8000,0x8000,0x8000,0x8000,0x8000,0x8000,0x8000,0x8000,0x8000,0x8000,
  0x8000,0x8000,0xAD6B,0xFFFF,0xF7BD,0xF7BD,0xF7BD,0xF7BD,0xF7BD,0xF7BD,0xF7BD,0xF7BD,0xF7BD,0xF7BD,0xF7BD,0xF7BD,
  0xFFFF,0xAD6B,0x8000,0x8000,0x8000,0x8000,0x8000,0x8000,0x8000,0x8000,0x8000,0x8000,0x8000,0x8000,0xCA52,0xFFFF,
  0x0000,0x0000,0x0000,0x0000,0x0000,0x0000,0x0000,0x0000,0x0000,0x0000,0x0000,0x0000,0x0000,0x0000,0x0000,0x0000,
  0x0000,0x0000,0x0000,0x0000,0x0000,0x0000,0x0000,0x0000,0x0000,0x0000,0x0000,0x0000,0x0000,0x0000,0x0000,0x0000,
  0x0000,0x0000,0x0000,0x0000,0x0000,0x0000,0x0000,0x0000,0x0000,0x0000,0x0000,0x0000,0x0000,0x0000,0x0000,0x0000,
  0x0000,0x0000,0x0000,0x0000,0x0000,0x0000,0x0000,0x0000,0x0000,0x0000,0x0000,0x0000,0x0000,0x0000,0x0000,0x0000,
  0x0000,0x0000,0x0000,0x0000,0x0000,0x0000,0x0000,0x0000,0x0000,0x0000,0x0000,0x0000,0x0000,0x0000,0x0000,0x0000,
  0x0000,0x0000,0x0000,0x0000,0x0000,0x0000,0x0000,0x0000,0x0000,0x0000,0x0000,0x0000,0x0000,0x0000,0x0000,0x0000,
  0x0000,0x0000,0x0000,0x0000,0x0000,0x0000,0x0000,0x0000,0x0000,0x0000,0x0000,0x0000,0x0000,0x0000,0x0000,0x0000,
  0x0000,0x0000,0x0000,0x0000,0x0000,0x0000,0x0000,0x0000,0x0000,0x0000,0x0000,0x0000,0x0000,0x0000,0x0000,0x0000,
  0xFB7C,0xA909,0x8000,0x8000,0x8000,0x8000,0x8000,0x98A5,0xE654,0xDE33,0xE253,0xE233,0xE233,0xE233,0xE233,0xE253,
  0xE233,0xE233,0xE233,0xE253,0xE233,0xE253,0xE253,0xDE33,0xE253,0xDE32,0x8842,0x8000,0x8000,0x8000,0x8000,0x8000,
  0xB129,0xE674,0xDE33,0xE253,0xE233,0xE233,0xE233,0xE233,0xE253,0xE233,0xE233,0xE233,0xE233,0xE253,0xE233,0xE253,
  0xE233,0xE253,0xE233,0xE233,0xE233,0xE253,0xE233,0xE233,0xE233,0xDE33,0xE674,0xB96C,0x8000,0x8000,0x8000,0x8000,
  0x8000,0x8000,0x8000,0x8000,0x8000,0x8000,0x8000,0x8000,0x8000,0xB18C,0xDAD6,0xD294,0xD6B5,0xD6B5,0xD6B5,0xD6B5,
  0xD6B5,0xD6B5,0xD6B5,0xD6B5,0xD6B5,0xD6B5,0xD6B5,0xD6B5,0xD6B5,0xD6B5,0xD6B5,0xDAD6,0x98C6,0x8000,0x8000,0x8000,
  0x8000,0x8000,0x8000,0x8000,0x8000,0x8000,0x8000,0x8000,0x8000,0xA94A,0xDEF7,0xD6B5,0xDAD6,0xDAD6,0xDAD6,0xDAD6,
  0xDAD6,0xDAD6,0xDAD6,0xDAD6,0xDAD6,0xDAD6,0xDAD6,0xDAD6,0x8C63,0x8000,0x8000,0x8000,0x8000,0x8000,0x8000,0x8000,
  0x8000,0x8000,0x8000,0x8000,0x8842,0xDAD6,0xDEF7,0xDAD6,0xDEF7,0xDEF7,0xDEF7,0xDEF7,0xDEF7,0xDEF7,0xDEF7,0xDEF7,
  0xDEF7,0xDAD6,0xE318,0xA94A,0x8000,0x8000,0x8000,0x8000,0x8000,0x8000,0x8000,0x8000,0x8000,0x8000,0x8000,0x8000,
  0xC631,0xE739,0xDEF7,0xDEF7,0xDEF7,0xDEF7,0xDEF7,0xDEF7,0xE739,0xA108,0x8000,0x8000,0x8000,0x8000,0x8000,0x8000,
  0x8000,0x8000,0x8000,0x8000,0x8421,0xDAD6,0xE318,0xE318,0xE318,0xE318,0xE318,0xE318,0xE318,0xE318,0xE318,0xE318,
  0xE318,0xE318,0xE318,0xE318,0xEB5A,0xA108,0x8000,0x8000,0x8000,0x8000,0x8000,0x8000,0x8000,0x8000,0x8000,0x8000,
  0xA529,0xEB5A,0xE318,0xE739,0xE739,0xE739,0xE739,0xE739,0xEB5A,0xC631,0x8000,0x8000,0x8000,0x8000,0x8000,0x8000,
  0x8000,0x8000,0x8000,0x8000,0x8000,0x8000,0xCA52,0xEF7B,0xE739,0xE739,0xE739,0xE73A,0xEB5A,0xEB5A,0xEB5A,0xEB5A,
  0xEB5A,0xEB5A,0xEB5A,0xEB5A,0xE739,0x8842,0x8000,0x8000,0x8000,0x8000,0x8000,0x8000,0x8000,0x8000,0x8000,0x8000,
  0x8000,0xA94A,0xF39C,0xEB5A,0xEB5A,0xEB5A,0xEB5A,0xEB5A,0xEB5A,0xEB5A,0xEB5A,0xEB5A,0xEB5A,0xEB5A,0xEF7B,0xEB5A,
  0xF39C,0xA94A,0x8000,0x8000,0x8000,0x8000,0x8000,0x8000,0x8000,0x8000,0x8000,0x8000,0x8000,0x8000,0xBDEF,0xF7BD,
  0xEF7B,0xEF7B,0xEF7B,0xEF7B,0xEF7B,0xEF7B,0xEF7B,0xEF7B,0xEF7B,0xEF7B,0xEF7B,0xEF7B,0xEF7B,0xEF7B,0xEF7B,0xEF7B,
  0xF39C,0xF39C,0xF39C,0xF39C,0xF37C,0xF39C,0xEB5A,0x8421,0x8000,0x8000,0x8000,0x8000,0x8000,0x8000,0x8000,0x8000,
  0x8000,0x8000,0x8000,0x8421,0xE739,0xF7BD,0xF39C,0xF39C,0xF39C,0xF39C,0xF39C,0xF39C,0xF39C,0xF39C,0xF39C,0xF39C,
  0xF39C,0xF39C,0xF7BD,0xF39C,0xFFFF,0xC611,0x8000,0x8000,0x8000,0x8000,0x8000,0x8000,0x8000,0x8000,0x8000,0x8000,
  0x8000,0x8000,0xA529,0xFFFF,0xF7BD,0xF7BD,0xF7BD,0xF7BD,0xF7BD,0xF7BD,0xF7BD,0xF7BD,0xF7BD,0xF7BD,0xF7BD,0xF7BD,
  0xFFFF,0xAD6B,0x8000,0x8000,0x8000,0x8000,0x8000,0x8000,0x8000,0x8000,0x8000,0x8000,0x8000,0x8000,0xCA52,0xFFFF,
  0x0000,0x0000,0x0000,0x0000,0x0000,0x0000,0x0000,0x0000,0x0000,0x0000,0x0000,0x0000,0x0000,0x0000,0x0000,0x0000,
  0x0000,0x0000,0x0000,0x0000,0x0000,0x0000,0x0000,0x0000,0x0000,0x0000,0x0000,0x0000,0x0000,0x0000,0x0000,0x0000,
  0x0000,0x0000,0x0000,0x0000,0x0000,0x0000,0x0000,0x0000,0x0000,0x0000,0x0000,0x0000,0x0000,0x0000,0x0000,0x0000,
  0x0000,0x0000,0x0000,0x0000,0x0000,0x0000,0x0000,0x0000,0x0000,0x0000,0x0000,0x0000,0x0000,0x0000,0x0000,0x0000,
  0x0000,0x0000,0x0000,0x0000,0x0000,0x0000,0x0000,0x0000,0x0000,0x0000,0x0000,0x0000,0x0000,0x0000,0x0000,0x0000,
  0x0000,0x0000,0x0000,0x0000,0x0000,0x0000,0x0000,0x0000,0x0000,0x0000,0x0000,0x0000,0x0000,0x0000,0x0000,0x0000,
  0x0000,0x0000,0x0000,0x0000,0x0000,0x0000,0x0000,0x0000,0x0000,0x0000,0x0000,0x0000,0x0000,0x0000,0x0000,0x0000,
  0x0000,0x0000,0x0000,0x0000,0x0000,0x0000,0x0000,0x0000,0x0000,0x0000,0x0000,0x0000,0x0000,0x0000,0x0000,0x0000,
  0xFB7B,0xA0E7,0x8000,0x8000,0x8000,0x8000,0x8000,0xB12A,0xE674,0xDE33,0xDE33,0xDE33,0xDE33,0xDE33,0xDE33,0xDE33,
  0xDE33,0xDE33,0xDE33,0xDE33,0xDE33,0xDE33,0xDE33,0xDE33,0xDE33,0xE654,0xA0C7,0x8000,0x8000,0x8000,0x8000,0x8000,
  0xA4E7,0xE674,0xDE33,0xDE33,0xDE33,0xDE33,0xDE33,0xDE33,0xDE33,0xDE33,0xDE33,0xDE33,0xDE33,0xDE33,0xDE33,0xDE33,
  0xDE33,0xDE33,0xDE33,0xDE33,0xDE33,0xDE33,0xDE33,0xDE33,0xDE33,0xDE33,0xE674,0xB96C,0x8000,0x8000,0x8000,0x8000,
  0x8000,0x8000,0x8000,0x8000,0x8000,0x8000,0x8000,0x8000,0x8000,0xB18C,0xDAD6,0xD294,0xD6B5,0xD6B5,0xD6B5,0xD6B5,
  0xD6B5,0xD6B5,0xD6B5,0xD6B5,0xD6B5,0xD6B5,0xD6B5,0xD6B5,0xD6B5,0xD6B5,0xD6B5,0xDEF7,0xAD6B,0x8000,0x8000,0x8000,
  0x8000,0x8000,0x8000,0x8000,0x8000,0x8000,0x8000,0x8000,0x8000,0x94A5,0xDAD6,0xDAD6,0xDAD6,0xDAD6,0xDAD6,0xDAD6,
  0xDAD6,0xDAD6,0xDAD6,0xDAD6,0xDAD6,0xDAD6,0xDAD6,0xDEF7,0x98C6,0x8000,0x8000,0x8000,0x8000,0x8000,0x8000,0x8000,
  0x8000,0x8000,0x8000,0x8000,0x8421,0xD6B5,0xDEF7,0xDAD6,0xDEF7,0xDEF7,0xDEF7,0xDEF7,0xDEF7,0xDEF7,0xDEF7,0xDEF7,
  0xDEF7,0xDEF7,0xE318,0xA108,0x8000,0x8000,0x8000,0x8000,0x8000,0x8000,0x8000,0x8000,0x8000,0x8000,0x8000,0x8000,
  0xD294,0xE318,0xDEF7,0xDEF7,0xDEF7,0xDEF7,0xDEF7,0xDEF7,0xE739,0xAD6B,0x8000,0x8000,0x8000,0x8000,0x8000,0x8000,
  0x8000,0x8000,0x8000,0x8000,0x8000,0xC210,0xE739,0xE318,0xE318,0xE318,0xE318,0xE318,0xE318,0xE318,0xE318,0xE318,
  0xE318,0xE318,0xE318,0xE318,0xEB5A,0xA529,0x8000,0x8000,0x8000,0x8000,0x8000,0x8000,0x8000,0x8000,0x8000,0x8000,
  0xA529,0xEB5A,0xE318,0xE739,0xE739,0xE739,0xE739,0xE739,0xEB5A,0xD294,0x8000,0x8000,0x8000,0x8000,0x8000,0x8000,
  0x8000,0x8000,0x8000,0x8000,0x8000,0x8000,0xBDEF,0xEF7B,0xE739,0xE739,0xE739,0xE739,0xEB5A,0xEB5A,0xEB5A,0xEB5A,
  0xEB5A,0xEB5A,0xEB5A,0xEB5A,0xDEF7,0x8421,0x8000,0x8000,0x8000,0x8000,0x8000,0x8000,0x8000,0x8000,0x8000,0x8000,
  0x8000,0xB5AD,0xF39C,0xEB5A,0xEB5A,0xEB5A,0xEB5A,0xEB5A,0xEB5A,0xEB5A,0xEB5A,0xEB5A,0xEB5A,0xEB5A,0xEF7B,0xEB5A,
  0xF39C,0xA94A,0x8000,0x8000,0x8000,0x8000,0x8000,0x8000,0x8000,0x8000,0x8000,0x8000,0x8000,0x8000,0xBDEF,0xF7BD,
  0xEF7B,0xEF7B,0xEF7B,0xEF7B,0xEF7B,0xEF7B,0xEF7B,0xEF7B,0xEF7B,0xEF7B,0xEF7B,0xEF7B,0xEF7B,0xEF7B,0xEF7B,0xEF7B,
  0xF39C,0xF39C,0xF39C,0xF39C,0xF37C,0xF39C,0xEB5A,0x8421,0x8000,0x8000,0x8000,0x8000,0x8000,0x8000,0x8000,0x8000,
  0x8000,0x8000,0x8000,0x8421,0xE739,0xF7BD,0xF39C,0xF39C,0xF39C,0xF39C,0xF39C,0xF39C,0xF39C,0xF39C,0xF39C,0xF39C,
  0xF39C,0xF39C,0xF7BD,0xF39C,0xFFFF,0xBDEF,0x8000,0x8000,0x8000,0x8000,0x8000,0x8000,0x8000,0x8000,0x8000,0x8000,
  0x8000,0x8000,0x94A5,0xF7BD,0xF7BD,0xF7BD,0xF7BD,0xF7BD,0xF7BD,0xF7BD,0xF7BD,0xF7BD,0xF7BD,0xF7BD,0xF7BD,0xF7BD,
  0xFFFF,0xA94A,0x8000,0x8000,0x8000,0x8000,0x8000,0x8000,0x8000,0x8000,0x8000,0x8000,0x8000,0x8000,0xC631,0xFFFF,
  0x0000,0x0000,0x0000,0x0000,0x0000,0x0000,0x0000,0x0000,0x0000,0x0000,0x0000,0x0000,0x0000,0x0000,0x0000,0x0000,
  0x0000,0x0000,0x0000,0x0000,0x0000,0x0000,0x0000,0x0000,0x0000,0x0000,0x0000,0x0000,0x0000,0x0000,0x0000,0x0000,
  0x0000,0x0000,0x0000,0x0000,0x0000,0x0000,0x0000,0x0000,0x0000,0x0000,0x0000,0x0000,0x0000,0x0000,0x0000,0x0000,
  0x0000,0x0000,0x0000,0x0000,0x0000,0x0000,0x0000,0x0000,0x0000,0x0000,0x0000,0x0000,0x0000,0x0000,0x0000,0x0000,
  0x0000,0x0000,0x0000,0x0000,0x0000,0x0000,0x0000,0x0000,0x0000,0x0000,0x0000,0x0000,0x0000,0x0000,0x0000,0x0000,
  0x0000,0x0000,0x0000,0x0000,0x0000,0x0000,0x0000,0x0000,0x0000,0x0000,0x0000,0x0000,0x0000,0x0000,0x0000,0x0000,
  0x0000,0x0000,0x0000,0x0000,0x0000,0x0000,0x0000,0x0000,0x0000,0x0000,0x0000,0x0000,0x0000,0x0000,0x0000,0x0000,
  0x0000,0x0000,0x0000,0x0000,0x0000,0x0000,0x0000,0x0000,0x0000,0x0000,0x0000,0x0000,0x0000,0x0000,0x0000,0x0000,
  0xF75B,0x9CC6,0x8000,0x8000,0x8000,0x8000,0x8000,0xC18D,0xE654,0xDE32,0xDE33,0xDE33,0xDE33,0xDE33,0xDE33,0xDE33,
  0xDE33,0xDE33,0xDE33,0xDE33,0xDE33,0xDE33,0xDE33,0xDE33,0xDE32,0xE674,0xB52A,0x8000,0x8000,0x8000,0x8000,0x8000,
  0xA0C6,0xE654,0xDE32,0xDE33,0xDE33,0xDE33,0xDE33,0xDE33,0xDE33,0xDE33,0xDE33,0xDE33,0xDE33,0xDE33,0xDE33,0xDE33,
  0xDE33,0xDE33,0xDE33,0xDE33,0xDE33,0xDE33,0xDE33,0xDE33,0xDE33,0xDE32,0xE654,0xB96B,0x8000,0x8000,0x8000,0x8000,
  0x8000,0x8000,0x8000,0x8000,0x8000,0x8000,0x8000,0x8000,0x8000,0xB18C,0xDAD6,0xD294,0xD6B5,0xD6B5,0xD6B5,0xD6B5,
  0xD6B5,0xD6B5,0xD6B5,0xD6B5,0xD6B5,0xD6B5,0xD6B5,0xD6B5,0xD6B5,0xD6B5,0xD6B5,0xDAD6,0xC631,0x8000,0x8000,0x8000,
  0x8000,0x8000,0x8000,0x8000,0x8000,0x8000,0x8000,0x8000,0x8000,0x8000,0xCE73,0xDAD6,0xDAD6,0xDAD6,0xDAD6,0xDAD6,
  0xDAD6,0xDAD6,0xDAD6,0xDAD6,0xDAD6,0xDAD6,0xDAD6,0xE318,0xA529,0x8000,0x8000,0x8000,0x8000,0x8000,0x8000,0x8000,
  0x8000,0x8000,0x8000,0x8000,0x8000,0xCE73,0xDEF7,0xDAD6,0xDEF7,0xDEF7,0xDEF7,0xDEF7,0xDEF7,0xDEF7,0xDEF7,0xDEF7,
  0xDEF7,0xDEF7,0xE318,0x94A5,0x8000,0x8000,0x8000,0x8000,0x8000,0x8000,0x8000,0x8000,0x8000,0x8000,0x8000,0x8C63,
  0xDEF7,0xDEF7,0xDEF7,0xDEF7,0xDEF7,0xDEF7,0xDEF7,0xDEF7,0xE739,0xC210,0x8000,0x8000,0x8000,0x8000,0x8000,0x8000,
  0x8000,0x8000,0x8000,0x8000,0x8000,0xA108,0xE739,0xE318,0xE318,0xE318,0xE318,0xE318,0xE318,0xE318,0xE318,0xE318,
  0xE318,0xE318,0xE318,0xE318,0xEB5A,0xA529,0x8000,0x8000,0x8000,0x8000,0x8000,0x8000,0x8000,0x8000,0x8000,0x8000,
  0xA94A,0xEB5A,0xE318,0xE739,0xE739,0xE739,0xE739,0xE739,0xE739,0xDEF7,0x8421,0x8000,0x8000,0x8000,0x8000,0x8000,
  0x8000,0x8000,0x8000,0x8000,0x8000,0x8000,0xAD6B,0xEF7B,0xE739,0xE739,0xE739,0xE739,0xEB5A,0xEB5A,0xEB5A,0xEB5A,
  0xEB5A,0xEB5A,0xE739,0xEF7B,0xD6B5,0x8000,0x8000,0x8000,0x8000,0x8000,0x8000,0x8000,0x8000,0x8000,0x8000,0x8000,
  0x8000,0xC631,0xF39C,0xEB5A,0xEB5A,0xEB5A,0xEB5A,0xEB5A,0xEB5A,0xEB5A,0xEB5A,0xEB5A,0xEB5A,0xEB5A,0xEF5B,0xEB5A,
  0xF39C,0xA94A,0x8000,0x8000,0x8000,0x8000,0x8000,0x8000,0x8000,0x8000,0x8000,0x8000,0x8000,0x8000,0xB9CE,0xF7BD,
  0xEF7B,0xEF7B,0xEF7B,0xEF7B,0xEF7B,0xEF7B,0xEF7B,0xEF7B,0xEF7B,0xEF7B,0xEF7B,0xEF7B,0xEF7B,0xEF7B,0xEF7B,0xF37B,
  0xF39C,0xF39C,0xF39C,0xF39C,0xF39B,0xF39C,0xEB5A,0x8841,0x8000,0x8000,0x8000,0x8000,0x8000,0x8000,0x8000,0x8000,
  0x8000,0x8000,0x8000,0x8000,0xE318,0xF7BD,0xF39C,0xF39C,0xF39C,0xF39C,0xF39C,0xF39C,0xF39C,0xF39C,0xF39C,0xF39C,
  0xF39C,0xF3BD,0xF7BD,0xF39C,0xFFFF,0xBDEF,0x8000,0x8000,0x8000,0x8000,0x8000,0x8000,0x8000,0x8000,0x8000,0x8000,
  0x8000,0x8000,0x8421,0xEB5A,0xFBDE,0xF7BD,0xF7BD,0xF7BD,0xF7BD,0xF7BD,0xF7BD,0xF7BD,0xF7BD,0xF7BD,0xF7BD,0xFFFF,
  0xE318,0x8842,0x8000,0x8000,0x8000,0x8000,0x8000,0x8000,0x8000,0x8000,0x8000,0x8000,0x8000,0x8000,0xC631,0xFFFF,
  0x0000,0x0000,0x0000,0x0000,0x0000,0x0000,0x0000,0x0000,0x0000,0x0000,0x0000,0x0000,0x0000,0x0000,0x0000,0x0000,
  0x0000,0x0000,0x0000,0x0000,0x0000,0x0000,0x0000,0x0000,0x0000,0x0000,0x0000,0x0000,0x0000,0x0000,0x0000,0x0000,
  0x0000,0x0000,0x0000,0x0000,0x0000,0x0000,0x0000,0x0000,0x0000,0x0000,0x0000,0x0000,0x0000,0x0000,0x0000,0x0000,
  0x0000,0x0000,0x0000,0x0000,0x0000,0x0000,0x0000,0x0000,0x0000,0x0000,0x0000,0x0000,0x0000,0x0000,0x0000,0x0000,
  0x0000,0x0000,0x0000,0x0000,0x0000,0x0000,0x0000,0x0000,0x0000,0x0000,0x0000,0x0000,0x0000,0x0000,0x0000,0x0000,
  0x0000,0x0000,0x0000,0x0000,0x0000,0x0000,0x0000,0x0000,0x0000,0x0000,0x0000,0x0000,0x0000,0x0000,0x0000,0x0000,
  0x0000,0x0000,0x0000,0x0000,0x0000,0x0000,0x0000,0x0000,0x0000,0x0000,0x0000,0x0000,0x0000,0x0000,0x0000,0x0000,
  0x0000,0x0000,0x0000,0x0000,0x0000,0x0000,0x0000,0x0000,0x0000,0x0000,0x0000,0x0000,0x0000,0x0000,0x0000,0x0000,
  0xF75B,0x9CC6,0x8000,0x8000,0x8000,0x8000,0x8000,0xC9AE,0xE254,0xDE32,0xDE33,0xDE33,0xDE33,0xDE33,0xDE33,0xDE33,
  0xDE33,0xDE33,0xDE33,0xDE33,0xDE33,0xDE33,0xDE33,0xDE33,0xDE32,0xE654,0xC16D,0x8000,0x8000,0x8000,0x8000,0x8000,
  0xA0C6,0xE654,0xDE32,0xDE33,0xDE33,0xDE33,0xDE33,0xDE33,0xDE33,0xDE33,0xDE33,0xDE33,0xDE33,0xDE33,0xDE33,0xDE33,
  0xDE33,0xDE33,0xDE33,0xDE33,0xDE33,0xDE33,0xDE33,0xDE33,0xDE33,0xDE32,0xE654,0xB96B,0x8000,0x8000,0x8000,0x8000,
  0x8000,0x8000,0x8000,0x8000,0x8000,0x8000,0x8000,0x8000,0x8000,0xB18C,0xDAD6,0xD294,0xD6B5,0xD6B5,0xD6B5,0xD6B5,
  0xD6B5,0xD6B5,0xD6B5,0xD6B5,0xD6B5,0xD6B5,0xD6B5,0xD6B5,0xD6B5,0xD6B5,0xD6B5,0xD6B5,0xD6B5,0x8C43,0x8000,0x8000,
  0x8000,0x8000,0x8000,0x8000,0x8000,0x8000,0x8000,0x8000,0x8000,0x8000,0xB9CE,0xDEF7,0xD6B5,0xDAD6,0xDAD6,0xDAD6,
  0xDAD6,0xDAD6,0xDAD6,0xDAD6,0xDAD6,0xDAD6,0xDAD6,0xE318,0xB9CE,0x8000,0x8000,0x8000,0x8000,0x8000,0x8000,0x8000,
  0x8000,0x8000,0x8000,0x8000,0x8000,0xBDEF,0xE318,0xDAD6,0xDEF7,0xDEF7,0xDEF7,0xDEF7,0xDEF7,0xDEF7,0xDEF7,0xDEF7,
  0xDEF7,0xDEF7,0xDAD6,0x8842,0x8000,0x8000,0x8000,0x8000,0x8000,0x8000,0x8000,0x8000,0x8000,0x8000,0x8000,0x9CE7,
  0xE318,0xDEF7,0xDEF7,0xDEF7,0xDEF7,0xDEF7,0xDEF7,0xDEF7,0xE318,0xD294,0x8000,0x8000,0x8000,0x8000,0x8000,0x8000,
  0x8000,0x8000,0x8000,0x8000,0x8000,0x8421,0xD6B5,0xE739,0xE318,0xE318,0xE318,0xE318,0xE318,0xE318,0xE318,0xE318,
  0xE318,0xE318,0xE318,0xE318,0xE739,0x98C6,0x8000,0x8000,0x8000,0x8000,0x8000,0x8000,0x8000,0x8000,0x8000,0x8000,
  0xB18C,0xEB5A,0xE318,0xE739,0xE739,0xE739,0xE739,0xE739,0xE739,0xEB5A,0x94A5,0x8000,0x8000,0x8000,0x8000,0x8000,
  0x8000,0x8000,0x8000,0x8000,0x8000,0x8000,0x94A5,0xEB5A,0xE739,0xE739,0xE739,0xE739,0xEB5A,0xEB5A,0xEB5A,0xEB5A,
  0xEB5A,0xEB5A,0xE739,0xEF7B,0xC631,0x8000,0x8000,0x8000,0x8000,0x8000,0x8000,0x8000,0x8000,0x8000,0x8000,0x8000,
  0x8000,0xD6B5,0xEF7B,0xEB5A,0xEB5A,0xEB5A,0xEB5A,0xEB5A,0xEB5A,0xEB5A,0xEB5A,0xEB5A,0xEB5A,0xEB5A,0xEF7B,0xEB5A,
  0xF39C,0xAD6B,0x8000,0x8000,0x8000,0x8000,0x8000,0x8000,0x8000,0x8000,0x8000,0x8000,0x8000,0x8000,0xAD6B,0xF7BD,
  0xEF7B,0xEF7B,0xEF7B,0xEF7B,0xEF7B,0xEF7B,0xEF7B,0xEF7B,0xEF7B,0xEF7B,0xEF7B,0xEF7B,0xEF7B,0xEF7B,0xEF7B,0xEF7B,
  0xF39C,0xF39C,0xF39C,0xF39C,0xF39C,0xF39C,0xEB5A,0x8842,0x8000,0x8000,0x8000,0x8000,0x8000,0x8000,0x8000,0x8000,
  0x8000,0x8000,0x8000,0x8000,0xDAD6,0xF7BD,0xF39C,0xF39C,0xF39C,0xF39C,0xF39C,0xF39C,0xF39C,0xF39C,0xF39C,0xF39C,
  0xF39C,0xF3BC,0xF7BD,0xF39C,0xFFFF,0xC210,0x8000,0x8000,0x8000,0x8000,0x8000,0x8000,0x8000,0x8000,0x8000,0x8000,
  0x8000,0x8000,0x8000,0xCE73,0xFFFF,0xF7BD,0xF7BD,0xF7BD,0xF7BD,0xF7BD,0xF7BD,0xF7BD,0xF7BD,0xF7BD,0xFFFF,0xEF7B,
  0x9084,0x8000,0x8000,0x8000,0x8000,0x8000,0x8000,0x8000,0x8000,0x8000,0x8000,0x8000,0x8000,0x8000,0xC631,0xFFFF,
  0x0000,0x0000,0x0000,0x0000,0x0000,0x0000,0x0000,0x0000,0x0000,0x0000,0x0000,0x0000,0x0000,0x0000,0x0000,0x0000,
  0x0000,0x0000,0x0000,0x0000,0x0000,0x0000,0x0000,0x0000,0x0000,0x0000,0x0000,0x0000,0x0000,0x0000,0x0000,0x0000,
  0x0000,0x0000,0x0000,0x0000,0x0000,0x0000,0x0000,0x0000,0x0000,0x0000,0x0000,0x0000,0x0000,0x0000,0x0000,0x0000,
  0x0000,0x0000,0x0000,0x0000,0x0000,0x0000,0x0000,0x0000,0x0000,0x0000,0x0000,0x0000,0x0000,0x0000,0x0000,0x0000,
  0x0000,0x0000,0x0000,0x0000,0x0000,0x0000,0x0000,0x0000,0x0000,0x0000,0x0000,0x0000,0x0000,0x0000,0x0000,0x0000,
  0x0000,0x0000,0x0000,0x0000,0x0000,0x0000,0x0000,0x0000,0x0000,0x0000,0x0000,0x0000,0x0000,0x0000,0x0000,0x0000,
  0x0000,0x0000,0x0000,0x0000,0x0000,0x0000,0x0000,0x0000,0x0000,0x0000,0x0000,0x0000,0x0000,0x0000,0x0000,0x0000,
  0x0000,0x0000,0x0000,0x0000,0x0000,0x0000,0x0000,0x0000,0x0000,0x0000,0x0000,0x0000,0x0000,0x0000,0x0000,0x0000,
  0xF75B,0x9CC6,0x8000,0x8000,0x8000,0x8000,0x8000,0xCDCF,0xE253,0xDE32,0xDE33,0xDE33,0xDE33,0xDE33,0xDE33,0xDE33,
  0xDE33,0xDE33,0xDE33,0xDE33,0xDE33,0xDE33,0xDE33,0xDE33,0xDE32,0xE654,0xC5AE,0x8000,0x8000,0x8000,0x8000,0x8000,
  0xA0C6,0xE654,0xDE32,0xDE33,0xDE33,0xDE33,0xDE33,0xDE33,0xDE33,0xDE33,0xDE33,0xDE33,0xDE33,0xDE33,0xDE33,0xDE33,
  0xDE33,0xDE33,0xDE33,0xDE33,0xDE33,0xDE33,0xDE33,0xDE33,0xDE33,0xDE32,0xE654,0xB94B,0x8000,0x8000,0x8000,0x8000,
  0x8000,0x8000,0x8000,0x8000,0x8000,0x8000,0x8000,0x8000,0x8000,0xB18C,0xDAD6,0xD294,0xD6B5,0xD6B5,0xD6B5,0xD6B5,
  0xD6B5,0xD6B5,0xD6B5,0xD6B5,0xD6B5,0xD6B5,0xD6B5,0xD6B5,0xD6B5,0xD6B5,0xD6B5,0xD6B5,0xDEF7,0xA108,0x8000,0x8000,
  0x8000,0x8000,0x8000,0x8000,0x8000,0x8000,0x8000,0x8000,0x8000,0x8000,0xA108,0xDEF7,0xD6B5,0xDAD6,0xDAD6,0xDAD6,
  0xDAD6,0xDAD6,0xDAD6,0xDAD6,0xDAD6,0xDAD6,0xDAD6,0xDEF7,0xCE73,0x8000,0x8000,0x8000,0x8000,0x8000,0x8000,0x8000,
  0x8000,0x8000,0x8000,0x8000,0x8000,0xA529,0xE318,0xDAD6,0xDEF7,0xDEF7,0xDEF7,0xDEF7,0xDEF7,0xDEF7,0xDEF7,0xDEF7,
  0xDEF7,0xE318,0xC631,0x8000,0x8000,0x8000,0x8000,0x8000,0x8000,0x8000,0x8000,0x8000,0x8000,0x8000,0x8000,0xB18C,
  0xE739,0xDEF7,0xDEF7,0xDEF7,0xDEF7,0xDEF7,0xDEF7,0xDEF7,0xDEF8,0xE318,0x9084,0x8000,0x8000,0x8000,0x8000,0x8000,
  0x8000,0x8000,0x8000,0x8000,0x8000,0x8000,0xAD6B,0xEB5A,0xDEF7,0xE318,0xE318,0xE318,0xE318,0xE318,0xE318,0xE318,
  0xE318,0xE318,0xE318,0xE339,0xDEF7,0x8842,0x8000,0x8000,0x8000,0x8000,0x8000,0x8000,0x8000,0x8000,0x8000,0x8000,
  0xBDEF,0xEB5A,0xE318,0xE739,0xE739,0xE739,0xE739,0xE739,0xE739,0xEF7B,0xA94A,0x8000,0x8000,0x8000,0x8000,0x8000,
  0x8000,0x8000,0x8000,0x8000,0x8000,0x8000,0x8000,0xDAD6,0xEB5A,0xE739,0xE739,0xE739,0xEB39,0xEB5A,0xEB5A,0xEB5A,
  0xEB5A,0xEB5A,0xE739,0xF39C,0xAD6B,0x8000,0x8000,0x8000,0x8000,0x8000,0x8000,0x8000,0x8000,0x8000,0x8000,0x8000,
  0x8842,0xE739,0xEF7B,0xEB5A,0xEB5A,0xEB5A,0xEB5A,0xEB5A,0xEB5A,0xEB5A,0xEB5A,0xEB5A,0xEB5A,0xEB5A,0xEF7B,0xEB5A,
  0xF3BD,0xB18C,0x8000,0x8000,0x8000,0x8000,0x8000,0x8000,0x8000,0x8000,0x8000,0x8000,0x8000,0x8000,0x9CE7,0xF39C,
  0xEF7B,0xEF7B,0xEF7B,0xEF7B,0xEF7B,0xEF7B,0xEF7B,0xEF7B,0xEF7B,0xEF7B,0xEF7B,0xEF7B,0xEF7B,0xEF7B,0xEF7B,0xEF7B,
  0xF39C,0xF39C,0xF39C,0xF39C,0xF39C,0xF39C,0xEF7B,0x8C63,0x8000,0x8000,0x8000,0x8000,0x8000,0x8000,0x8000,0x8000,
  0x8000,0x8000,0x8000,0x8000,0xCA52,0xFBDE,0xF39C,0xF39C,0xF39C,0xF39C,0xF39C,0xF39C,0xF39C,0xF39C,0xF39C,0xF39C,
  0xF39C,0xF39C,0xF7BD,0xF39C,0xFBDE,0xCA52,0x8000,0x8000,0x8000,0x8000,0x8000,0x8000,0x8000,0x8000,0x8000,0x8000,
  0x8000,0x8000,0x8000,0x98C6,0xFBDE,0xF7BD,0xF7BD,0xF7BD,0xF7BD,0xF7BD,0xF7BD,0xF7BD,0xF7BD,0xFFFF,0xEF7B,0x94A5,
  0x8000,0x8000,0x8000,0x8000,0x8000,0x8000,0x8000,0x8000,0x8000,0x8000,0x8000,0x8000,0x8000,0x8000,0xC210,0xFFFF,
  0x0000,0x0000,0x0000,0x0000,0x0000,0x0000,0x0000,0x0000,0x0000,0x0000,0x0000,0x0000,0x0000,0x0000,0x0000,0x0000,
  0x0000,0x0000,0x0000,0x0000,0x0000,0x0000,0x0000,0x0000,0x0000,0x0000,0x0000,0x0000,0x0000,0x0000,0x0000,0x0000,
  0x0000,0x0000,0x0000,0x0000,0x0000,0x0000,0x0000,0x0000,0x0000,0x0000,0x0000,0x0000,0x0000,0x0000,0x0000,0x0000,
  0x0000,0x0000,0x0000,0x0000,0x0000,0x0000,0x0000,0x0000,0x0000,0x0000,0x0000,0x0000,0x0000,0x0000,0x0000,0x0000,
  0x0000,0x0000,0x0000,0x0000,0x0000,0x0000,0x0000,0x0000,0x0000,0x0000,0x0000,0x0000,0x0000,0x0000,0x0000,0x0000,
  0x0000,0x0000,0x0000,0x0000,0x0000,0x0000,0x0000,0x0000,0x0000,0x0000,0x0000,0x0000,0x0000,0x0000,0x0000,0x0000,
  0x0000,0x0000,0x0000,0x0000,0x0000,0x0000,0x0000,0x0000,0x0000,0x0000,0x0000,0x0000,0x0000,0x0000,0x0000,0x0000,
  0x0000,0x0000,0x0000,0x0000,0x0000,0x0000,0x0000,0x0000,0x0000,0x0000,0x0000,0x0000,0x0000,0x0000,0x0000,0x0000,
  0xF75B,0x9CC6,0x8000,0x8000,0x8000,0x8000,0x8000,0xCDCF,0xE253,0xDE32,0xDE32,0xDE32,0xDE32,0xDE32,0xDE32,0xDE32,
  0xDE32,0xDE32,0xDE32,0xDE32,0xDE32,0xDE32,0xDE32,0xDE32,0xDE32,0xE253,0xC9AE,0x8000,0x8000,0x8000,0x8000,0x8000,
  0xA0A6,0xE654,0xDE32,0xDE32,0xDE32,0xDE32,0xDE32,0xDE32,0xDE32,0xDE32,0xDE32,0xDE32,0xDE32,0xDE32,0xDE32,0xDE32,
  0xDE32,0xDE32,0xDE32,0xDE32,0xDE32,0xDE32,0xDE32,0xDE32,0xDE32,0xDE32,0xE654,0xB94B,0x8000,0x8000,0x8000,0x8000,
  0x8000,0x8000,0x8000,0x8000,0x8000,0x8000,0x8000,0x8000,0x8000,0xB18C,0xDAD6,0xD294,0xD6B5,0xD6B5,0xD6B5,0xD6B5,
  0xD6B5,0xD6B5,0xD6B5,0xD6B5,0xD6B5,0xD6B5,0xD6B5,0xD6B5,0xD6B5,0xD6B5,0xD6B5,0xD6B5,0xDEF7,0xB9CE,0x8000,0x8000,
  0x8000,0x8000,0x8000,0x8000,0x8000,0x8000,0x8000,0x8000,0x8000,0x8000,0x8842,0xD6B5,0xDAD6,0xDAD6,0xDAD6,0xDAD6,
  0xDAD6,0xDAD6,0xDAD6,0xDAD6,0xDAD6,0xDAD6,0xDAD6,0xDAD6,0xDAD6,0x8C63,0x8000,0x8000,0x8000,0x8000,0x8000,0x8000,
  0x8000,0x8000,0x8000,0x8000,0x8000,0x8421,0xD6B5,0xDEF7,0xDAD6,0xDEF7,0xDEF7,0xDEF7,0xDEF7,0xDEF7,0xDEF7,0xDEF7,
  0xDAD6,0xE318,0xA529,0x8000,0x8000,0x8000,0x8000,0x8000,0x8000,0x8000,0x8000,0x8000,0x8000,0x8000,0x8000,0xCA52,
  0xE318,0xDEF7,0xDEF7,0xDEF7,0xDEF7,0xDEF7,0xDEF7,0xDEF7,0xDEF7,0xE739,0xA94A,0x8000,0x8000,0x8000,0x8000,0x8000,
  0x8000,0x8000,0x8000,0x8000,0x8000,0x8000,0x8421,0xD294,0xE739,0xE2F8,0xE318,0xE318,0xE318,0xE318,0xE318,0xE318,
  0xE318,0xE318,0xE318,0xEB5A,0xC210,0x8000,0x8000,0x8000,0x8000,0x8000,0x8000,0x8000,0x8000,0x8000,0x8000,0x8000,
  0xCE73,0xEB5A,0xE318,0xE739,0xE739,0xE739,0xE739,0xE739,0xE739,0xEF7B,0xC631,0x8000,0x8000,0x8000,0x8000,0x8000,
  0x8000,0x8000,0x8000,0x8000,0x8000,0x8000,0x8000,0xB18C,0xF37B,0xE739,0xEB39,0xE739,0xE75A,0xEB5A,0xEB5A,0xEB5A,
  0xEB5A,0xEB5A,0xEB5A,0xE739,0x8C63,0x8000,0x8000,0x8000,0x8000,0x8000,0x8000,0x8000,0x8000,0x8000,0x8000,0x8000,
  0x9CE7,0xEF7B,0xEB5A,0xEB5A,0xEB5A,0xEB5A,0xEB5A,0xEB5A,0xEB5A,0xEB5A,0xEB5A,0xEB5A,0xEB5A,0xEB5A,0xEF7B,0xEB5A,
  0xF3BC,0xBDEF,0x8000,0x8000,0x8000,0x8000,0x8000,0x8000,0x8000,0x8000,0x8000,0x8000,0x8000,0x8000,0x8842,0xE739,
  0xEF7B,0xEF7B,0xEF7B,0xEF7B,0xEF7B,0xEF7B,0xEF7B,0xEF7B,0xEF7B,0xEF7B,0xEF7B,0xEF7B,0xEF7B,0xEF7B,0xEF7B,0xEF7B,
  0xF39C,0xF39C,0xF39C,0xF39C,0xF39C,0xF39C,0xF39C,0x94A5,0x8000,0x8000,0x8000,0x8000,0x8000,0x8000,0x8000,0x8000,
  0x8000,0x8000,0x8000,0x8000,0xAD6B,0xFBDE,0xF39C,0xF39C,0xF39C,0xF39C,0xF39C,0xF39C,0xF39C,0xF39C,0xF39C,0xF39C,
  0xF39C,0xF79C,0xF7BD,0xF39C,0xFBDE,0xDAD6,0x8000,0x8000,0x8000,0x8000,0x8000,0x8000,0x8000,0x8000,0x8000,0x8000,
  0x8000,0x8000,0x8000,0x8000,0xC631,0xFFFF,0xF7BD,0xF7BD,0xF7BD,0xF7BD,0xF7BD,0xF7BD,0xFFFF,0xE318,0x9084,0x8000,
  0x8000,0x8000,0x8000,0x8000,0x8000,0x8000,0x8000,0x8000,0x8000,0x8000,0x8000,0x8000,0x8000,0x8000,0xBDEF,0xFFFF,
  0x0000,0x0000,0x0000,0x0000,0x0000,0x0000,0x0000,0x0000,0x0000,0x0000,0x0000,0x0000,0x0000,0x0000,0x0000,0x0000,
  0x0000,0x0000,0x0000,0x0000,0x0000,0x0000,0x0000,0x0000,0x0000,0x0000,0x0000,0x0000,0x0000,0x0000,0x0000,0x0000,
  0x0000,0x0000,0x0000,0x0000,0x0000,0x0000,0x0000,0x0000,0x0000,0x0000,0x0000,0x0000,0x0000,0x0000,0x0000,0x0000,
  0x0000,0x0000,0x0000,0x0000,0x0000,0x0000,0x0000,0x0000,0x0000,0x0000,0x0000,0x0000,0x0000,0x0000,0x0000,0x0000,
  0x0000,0x0000,0x0000,0x0000,0x0000,0x0000,0x0000,0x0000,0x0000,0x0000,0x0000,0x0000,0x0000,0x0000,0x0000,0x0000,
  0x0000,0x0000,0x0000,0x0000,0x0000,0x0000,0x0000,0x0000,0x0000,0x0000,0x0000,0x0000,0x0000,0x0000,0x0000,0x0000,
  0x0000,0x0000,0x0000,0x0000,0x0000,0x0000,0x0000,0x0000,0x0000,0x0000,0x0000,0x0000,0x0000,0x0000,0x0000,0x0000,
  0x0000,0x0000,0x0000,0x0000,0x0000,0x0000,0x0000,0x0000,0x0000,0x0000,0x0000,0x0000,0x0000,0x0000,0x0000,0x0000,
  0xF75B,0x9CC6,0x8000,0x8000,0x8000,0x8000,0x8000,0xCDCF,0xE233,0xDE32,0xDE32,0xDE32,0xDE32,0xDE32,0xDE32,0xDE32,
  0xDE32,0xDE32,0xDE32,0xDE32,0xDE32,0xDE32,0xDE32,0xDE32,0xDE32,0xE253,0xC9AE,0x8000,0x8000,0x8000,0x8000,0x8000,
  0xA0A6,0xE653,0xDE32,0xDE32,0xDE32,0xDE32,0xDE32,0xDE32,0xDE32,0xDE32,0xDE32,0xDE32,0xDE32,0xDE32,0xDE32,0xDE32,
  0xDE32,0xDE32,0xDE32,0xDE32,0xDE32,0xDE32,0xDE32,0xDE32,0xDE32,0xDE32,0xE654,0xB94B,0x8000,0x8000,0x8000,0x8000,
  0x8000,0x8000,0x8000,0x8000,0x8000,0x8000,0x8000,0x8000,0x8000,0xB18C,0xDAD6,0xD294,0xD6B5,0xD6B5,0xD6B5,0xD6B5,
  0xD6B5,0xD6B5,0xD6B5,0xD6B5,0xD6B5,0xD6B5,0xD6B5,0xD6B5,0xD6B5,0xD6B5,0xD6B5,0xD6B5,0xDAD6,0xCE73,0x8000,0x8000,
  0x8000,0x8000,0x8000,0x8000,0x8000,0x8000,0x8000,0x8000,0x8000,0x8000,0x8000,0xC631,0xDEF7,0xDAD6,0xDAD6,0xDAD6,
  0xDAD6,0xDAD6,0xDAD6,0xDAD6,0xDAD6,0xDAD6,0xDAD6,0xDAD6,0xE318,0xA529,0x8000,0x8000,0x8000,0x8000,0x8000,0x8000,
  0x8000,0x8000,0x8000,0x8000,0x8000,0x8000,0xAD6B,0xE739,0xDAD6,0xDAD6,0xDEF7,0xDEF7,0xDEF7,0xDEF7,0xDEF7,0xDAD6,
  0xE318,0xCE73,0x8000,0x8000,0x8000,0x8000,0x8000,0x8000,0x8000,0x8000,0x8000,0x8000,0x8000,0x8000,0x8C43,0xDEF7,
  0xDEF7,0xDEF7,0xDEF7,0xDEF7,0xDEF7,0xDEF7,0xDEF7,0xDEF7,0xDEF7,0xE739,0xCA52,0x8000,0x8000,0x8000,0x8000,0x8000,
  0x8000,0x8000,0x8000,0x8000,0x8000,0x8000,0x8000,0x94A5,0xE318,0xE739,0xDEF7,0xE318,0xE318,0xE318,0xE318,0xE318,
  0xE318,0xE318,0xE739,0xE318,0x9084,0x8000,0x8000,0x8000,0x8000,0x8000,0x8000,0x8000,0x8000,0x8000,0x8000,0x8842,
  0xDEF7,0xE739,0xE739,0xE739,0xE739,0xE739,0xE739,0xE739,0xE739,0xEB5A,0xDAD6,0x8421,0x8000,0x8000,0x8000,0x8000,
  0x8000,0x8000,0x8000,0x8000,0x8000,0x8000,0x8000,0x8421,0xDAD6,0xEF7B,0xE739,0xE739,0xE739,0xEB5A,0xEB5A,0xEB5A,
  0xE739,0xE739,0xF39C,0xBDEF,0x8000,0x8000,0x8000,0x8000,0x8000,0x8000,0x8000,0x8000,0x8000,0x8000,0x8000,0x8000,
  0xBDEF,0xF39C,0xEB5A,0xEB5A,0xEB5A,0xEB5A,0xEB5A,0xEB5A,0xEB5A,0xEB5A,0xEB5A,0xEB5A,0xEB5A,0xEB5A,0xEF7B,0xEB5A,
  0xF39C,0xCA52,0x8000,0x8000,0x8000,0x8000,0x8000,0x8000,0x8000,0x8000,0x8000,0x8000,0x8000,0x8000,0x8000,0xBDEF,
  0xFBDE,0xEB5A,0xEF7B,0xEF7B,0xEF7B,0xEF7B,0xEF7B,0xEF7B,0xEF7B,0xEF7B,0xEF7B,0xEF7B,0xEF7B,0xEF7B,0xEF7B,0xEF7B,
  0xF39C,0xF39C,0xF39C,0xF39C,0xF39C,0xEF7B,0xF7BD,0xA529,0x8000,0x8000,0x8000,0x8000,0x8000,0x8000,0x8000,0x8000,
  0x8000,0x8000,0x8000,0x8000,0x8421,0xEB5A,0xF7BD,0xEF7B,0xF39C,0xF39C,0xF39C,0xF39C,0xF39C,0xF39C,0xF39C,0xF39C,
  0xF39C,0xF39C,0xF7BD,0xF39C,0xF7BD,0xEB5A,0x8421,0x8000,0x8000,0x8000,0x8000,0x8000,0x8000,0x8000,0x8000,0x8000,
  0x8000,0x8000,0x8000,0x8000,0x8000,0xCA52,0xFBDE,0xFFFF,0xFFFF,0xFFFF,0xFFFF,0xF7BD,0xC210,0x8000,0x8000,0x8000,
  0x8000,0x8000,0x8000,0x8000,0x8000,0x8000,0x8000,0x8000,0x8000,0x8000,0x8000,0x8000,0x8000,0x8000,0xB5AD,0xFFFF,
  0x0000,0x0000,0x0000,0x0000,0x0000,0x0000,0x0000,0x0000,0x0000,0x0000,0x0000,0x0000,0x0000,0x0000,0x0000,0x0000,
  0x0000,0x0000,0x0000,0x0000,0x0000,0x0000,0x0000,0x0000,0x0000,0x0000,0x0000,0x0000,0x0000,0x0000,0x0000,0x0000,
  0x0000,0x0000,0x0000,0x0000,0x0000,0x0000,0x0000,0x0000,0x0000,0x0000,0x0000,0x0000,0x0000,0x0000,0x0000,0x0000,
  0x0000,0x0000,0x0000,0x0000,0x0000,0x0000,0x0000,0x0000,0x0000,0x0000,0x0000,0x0000,0x0000,0x0000,0x0000,0x0000,
  0x0000,0x0000,0x0000,0x0000,0x0000,0x0000,0x0000,0x0000,0x0000,0x0000,0x0000,0x0000,0x0000,0x0000,0x0000,0x0000,
  0x0000,0x0000,0x0000,0x0000,0x0000,0x0000,0x0000,0x0000,0x0000,0x0000,0x0000,0x0000,0x0000,0x0000,0x0000,0x0000,
  0x0000,0x0000,0x0000,0x0000,0x0000,0x0000,0x0000,0x0000,0x0000,0x0000,0x0000,0x0000,0x0000,0x0000,0x0000,0x0000,
  0x0000,0x0000,0x0000,0x0000,0x0000,0x0000,0x0000,0x0000,0x0000,0x0000,0x0000,0x0000,0x0000,0x0000,0x0000,0x0000,
  0xF75B,0x9CC6,0x8000,0x8000,0x8000,0x8000,0x8000,0xCDCF,0xE233,0xDE12,0xDE32,0xDE32,0xDE32,0xDE32,0xDE32,0xDE32,
  0xDE32,0xDE32,0xDE32,0xDE32,0xDE32,0xDE32,0xDE32,0xDE32,0xDE12,0xE233,0xC9AE,0x8000,0x8000,0x8000,0x8000,0x8000,
  0x9CA6,0xE233,0xDA12,0xDE32,0xDE32,0xDE32,0xDE32,0xDE32,0xDE32,0xDE32,0xDE32,0xDE32,0xDE32,0xDE32,0xDE32,0xDE32,
  0xDE32,0xDE32,0xDE32,0xDE32,0xDE32,0xDE32,0xDE32,0xDE32,0xDE32,0xDA12,0xE253,0xB94B,0x8000,0x8000,0x8000,0x8000,
  0x8000,0x8000,0x8000,0x8000,0x8000,0x8000,0x8000,0x8000,0x8000,0xB18C,0xDAD6,0xD294,0xD6B5,0xD6B5,0xD6B5,0xD6B5,
  0xD6B5,0xD6B5,0xD6B5,0xD6B5,0xD6B5,0xD6B5,0xD6B5,0xD6B5,0xD6B5,0xD6B5,0xD6B5,0xD6B5,0xD6B5,0xDAD6,0x9085,0x8000,
  0x8000,0x8000,0x8000,0x8000,0x8000,0x8000,0x8000,0x8000,0x8000,0x8000,0x8000,0xAD6B,0xDEF7,0xD6B5,0xDAD6,0xDAD6,
  0xDAD6,0xDAD6,0xDAD6,0xDAD6,0xDAD6,0xDAD6,0xDAD6,0xDAD6,0xDEF7,0xC631,0x8000,0x8000,0x8000,0x8000,0x8000,0x8000,
  0x8000,0x8000,0x8000,0x8000,0x8000,0x8000,0x8000,0xBDEF,0xE739,0xDEF7,0xDEF7,0xDAF6,0xDAD6,0xDEF7,0xDEF7,0xE318,
  0xDAD6,0x94A5,0x8000,0x8000,0x8000,0x8000,0x8000,0x8000,0x8000,0x8000,0x8000,0x8000,0x8000,0x8000,0xA94A,0xE739,
  0xDEF7,0xDEF7,0xDEF7,0xDEF7,0xDEF7,0xDEF7,0xDEF7,0xDEF7,0xDEF7,0xDEF7,0xE318,0x94A5,0x8000,0x8000,0x8000,0x8000,
  0x8000,0x8000,0x8000,0x8000,0x8000,0x8000,0x8000,0x8000,0x98C6,0xDAD6,0xEB5A,0xE739,0xE318,0xE318,0xE318,0xE318,
  0xE739,0xEB5A,0xE318,0x9CE7,0x8000,0x8000,0x8000,0x8000,0x8000,0x8000,0x8000,0x8000,0x8000,0x8000,0x8000,0xA108,
  0xEB5A,0xE318,0xE739,0xE739,0xE739,0xE739,0xE739,0xE739,0xE739,0xE739,0xEB5A,0x9CE7,0x8000,0x8000,0x8000,0x8000,
  0x8000,0x8000,0x8000,0x8000,0x8000,0x8000,0x8000,0x8000,0x9084,0xDEF7,0xF39C,0xEB5A,0xEB5A,0xE739,0xE739,0xEB5A,
  0xEB5A,0xF39C,0xD294,0x8421,0x8000,0x8000,0x8000,0x8000,0x8000,0x8000,0x8000,0x8000,0x8000,0x8000,0x8000,0x8000,
  0xDAD6,0xEF7B,0xEB5A,0xEB5A,0xEB5A,0xEB5A,0xEB5A,0xEB5A,0xEB5A,0xEB5A,0xEB5A,0xEB5A,0xEB5A,0xEB5A,0xEF7B,0xEB5A,
  0xF39C,0xDAD7,0x8000,0x8000,0x8000,0x8000,0x8000,0x8000,0x8000,0x8000,0x8000,0x8000,0x8000,0x8000,0x8000,0x8421,
  0xD294,0xF7BD,0xF7BD,0xF39C,0xF39C,0xF39C,0xF39C,0xF7BD,0xF7BD,0xF7BD,0xEF7B,0xEF7B,0xEF7B,0xEF7B,0xEF7B,0xEF7B,
  0xF39C,0xF39C,0xF39C,0xF39C,0xF39C,0xEF7B,0xFBDE,0xB9CE,0x8000,0x8000,0x8000,0x8000,0x8000,0x8000,0x8000,0x8000,
  0x8000,0x8000,0x8000,0x8000,0x8000,0x9CE7,0xEF7B,0xFBDE,0xFBDE,0xF7BD,0xF7BD,0xF7BD,0xFBDE,0xFBDE,0xFBDE,0xF7BD,
  0xF39C,0xF79D,0xF7BD,0xF7BD,0xF39C,0xFBDE,0x9CE7,0x8000,0x8000,0x8000,0x8000,0x8000,0x8000,0x8000,0x8000,0x8000,
  0x8000,0x8000,0x8000,0x8000,0x8000,0x8000,0x98C6,0xBDEF,0xCE73,0xCA52,0xB5AD,0x9084,0x8000,0x8000,0x8000,0x8000,
  0x8000,0x8000,0x8000,0x8000,0x8000,0x8000,0x8000,0x8000,0x8000,0x8000,0x8000,0x8000,0x8000,0x8000,0xAD6B,0xFFFF,
  0x0000,0x0000,0x0000,0x0000,0x0000,0x0000,0x0000,0x0000,0x0000,0x0000,0x0000,0x0000,0x0000,0x0000,0x0000,0x0000,
  0x0000,0x0000,0x0000,0x0000,0x0000,0x0000,0x0000,0x0000,0x0000,0x0000,0x0000,0x0000,0x0000,0x0000,0x0000,0x0000,
  0x0000,0x0000,0x0000,0x0000,0x0000,0x0000,0x0000,0x0000,0x0000,0x0000,0x0000,0x0000,0x0000,0x0000,0x0000,0x0000,
  0x0000,0x0000,0x0000,0x0000,0x0000,0x0000,0x0000,0x0000,0x0000,0x0000,0x0000,0x0000,0x0000,0x0000,0x0000,0x0000,
  0x0000,0x0000,0x0000,0x0000,0x0000,0x0000,0x0000,0x0000,0x0000,0x0000,0x0000,0x0000,0x0000,0x0000,0x0000,0x0000,
  0x0000,0x0000,0x0000,0x0000,0x0000,0x0000,0x0000,0x0000,0x0000,0x0000,0x0000,0x0000,0x0000,0x0000,0x0000,0x0000,
  0x0000,0x0000,0x0000,0x0000,0x0000,0x0000,0x0000,0x0000,0x0000,0x0000,0x0000,0x0000,0x0000,0x0000,0x0000,0x0000,
  0x0000,0x0000,0x0000,0x0000,0x0000,0x0000,0x0000,0x0000,0x0000,0x0000,0x0000,0x0000,0x0000,0x0000,0x0000,0x0000,
  0xF75B,0x9CC6,0x8000,0x8000,0x8000,0x8000,0x8000,0xD1F0,0xE654,0xE253,0xE253,0xE253,0xE253,0xE253,0xE253,0xE253,
  0xE253,0xE253,0xE253,0xE253,0xE253,0xE253,0xE253,0xE253,0xE253,0xEA74,0xCDCF,0x8000,0x8000,0x8000,0x8000,0x8000,
  0xA0C6,0xEA74,0xE233,0xE253,0xE253,0xE253,0xE253,0xE253,0xE253,0xE253,0xE253,0xE253,0xE253,0xE253,0xE253,0xE253,
  0xE253,0xE253,0xE253,0xE253,0xE253,0xE253,0xE253,0xE253,0xE253,0xE233,0xEA75,0xBD6C,0x8000,0x8000,0x8000,0x8000,
  0x8000,0x8000,0x8000,0x8000,0x8000,0x8000,0x8000,0x8000,0x8000,0xB18C,0xDAD6,0xD294,0xD6B5,0xD6B5,0xD6B5,0xD6B5,
  0xD6B5,0xD6B5,0xD6B5,0xD6B5,0xD6B5,0xD6B5,0xD6B5,0xD6B5,0xD6B5,0xD6B5,0xD6B5,0xD6B5,0xD6B5,0xDEF7,0xA94A,0x8000,
  0x8000,0x8000,0x8000,0x8000,0x8000,0x8000,0x8000,0x8000,0x8000,0x8000,0x8000,0x94A5,0xDEF6,0xDAD6,0xDAD6,0xDAD6,
  0xDAD6,0xDAD6,0xDAD6,0xDAD6,0xDAD6,0xDAD6,0xDAD6,0xDAD6,0xDAD6,0xDAD6,0x9084,0x8000,0x8000,0x8000,0x8000,0x8000,
  0x8000,0x8000,0x8000,0x8000,0x8000,0x8000,0x8000,0x8000,0xA94A,0xCE73,0xDAD6,0xDEF7,0xE318,0xDEF7,0xD6B5,0xBDEF,
  0x8C63,0x8000,0x8000,0x8000,0x8000,0x8000,0x8000,0x8000,0x8000,0x8000,0x8000,0x8000,0x8000,0x8000,0xCA73,0xE318,
  0xDEF7,0xDEF7,0xDEF7,0xDEF7,0xDEF7,0xDEF7,0xDEF7,0xDEF7,0xDEF7,0xDEF7,0xE739,0xC210,0x8000,0x8000,0x8000,0x8000,
  0x8000,0x8000,0x8000,0x8000,0x8000,0x8000,0x8000,0x8000,0x8000,0x8842,0xB5AD,0xD6B5,0xE318,0xE739,0xE739,0xE739,
  0xDAD6,0xC210,0x9084,0x8000,0x8000,0x8000,0x8000,0x8000,0x8000,0x8000,0x8000,0x8000,0x8000,0x8000,0x8000,0xC210,
  0xEB5A,0xE318,0xE739,0xE739,0xE739,0xE739,0xE739,0xE739,0xE739,0xE739,0xEF7B,0xC210,0x8000,0x8000,0x8000,0x8000,
  0x8000,0x8000,0x8000,0x8000,0x8000,0x8000,0x8000,0x8000,0x8000,0x8842,0xB9CE,0xDEF7,0xEB5A,0xEF7B,0xEF7B,0xEB5A,
  0xDEF7,0xB9CE,0x8421,0x8000,0x8000,0x8000,0x8000,0x8000,0x8000,0x8000,0x8000,0x8000,0x8000,0x8000,0x8000,0x9CE7,
  0xEF7B,0xEB5A,0xEB5A,0xEB5A,0xEB5A,0xEB5A,0xEB5A,0xEB5A,0xEB5A,0xEB5A,0xEB5A,0xEB5A,0xEB5A,0xEB5A,0xEF7B,0xEB7A,
  0xEF7B,0xEB5A,0x8C63,0x8000,0x8000,0x8000,0x8000,0x8000,0x8000,0x8000,0x8000,0x8000,0x8000,0x8000,0x8000,0x8000,
  0x8000,0xA529,0xCA52,0xDAB6,0xDEF7,0xDEF7,0xDAD6,0xD294,0xC631,0xCE73,0xF39C,0xEF7B,0xEF7B,0xEF7B,0xEF7B,0xEF7B,
  0xF39C,0xF39C,0xF39C,0xF39C,0xF39C,0xEF7B,0xF7BD,0xD294,0x8000,0x8000,0x8000,0x8000,0x8000,0x8000,0x8000,0x8000,
  0x8000,0x8000,0x8000,0x8000,0x8000,0x8000,0x8C63,0xB9CE,0xD294,0xDEF7,0xE318,0xE318,0xDAD6,0xD294,0xC631,0xE318,
  0xF7BD,0xF39C,0xF7BD,0xF7BD,0xF39C,0xFFFF,0xC210,0x8000,0x8000,0x8000,0x8000,0x8000,0x8000,0x8000,0x8000,0x8000,
  0x8000,0x8000,0x8000,0x8000,0x8000,0x8000,0x8000,0x8000,0x8000,0x8000,0x8000,0x8000,0x8000,0x8000,0x8000,0x8000,
  0x8000,0xA529,0x94A5,0x8000,0x8000,0x8000,0x8000,0x8000,0x8000,0x8000,0x8000,0x8000,0x8000,0x8000,0xA94A,0xFFFF,
  0x0000,0x0000,0x0000,0x0000,0x0000,0x0000,0x0000,0x0000,0x0000,0x0000,0x0000,0x0000,0x0000,0x0000,0x0000,0x0000,
  0x0000,0x0000,0x0000,0x0000,0x0000,0x0000,0x0000,0x0000,0x0000,0x0000,0x0000,0x0000,0x0000,0x0000,0x0000,0x0000,
  0x0000,0x0000,0x0000,0x0000,0x0000,0x0000,0x0000,0x0000,0x0000,0x0000,0x0000,0x0000,0x0000,0x0000,0x0000,0x0000,
  0x0000,0x0000,0x0000,0x0000,0x0000,0x0000,0x0000,0x0000,0x0000,0x0000,0x0000,0x0000,0x0000,0x0000,0x0000,0x0000,
  0x0000,0x0000,0x0000,0x0000,0x0000,0x0000,0x0000,0x0000,0x0000,0x0000,0x0000,0x0000,0x0000,0x0000,0x0000,0x0000,
  0x0000,0x0000,0x0000,0x0000,0x0000,0x0000,0x0000,0x0000,0x0000,0x0000,0x0000,0x0000,0x0000,0x0000,0x0000,0x0000,
  0x0000,0x0000,0x0000,0x0000,0x0000,0x0000,0x0000,0x0000,0x0000,0x0000,0x0000,0x0000,0x0000,0x0000,0x0000,0x0000,
  0x0000,0x0000,0x0000,0x0000,0x0000,0x0000,0x0000,0x0000,0x0000,0x0000,0x0000,0x0000,0x0000,0x0000,0x0000,0x0000,
  0xF75B,0x9CC6,0x8000,0x8000,0x8000,0x8000,0x8000,0xB52A,0xC18D,0xBD6C,0xC16C,0xC16C,0xC16C,0xC16C,0xC16C,0xC16C,
  0xC16C,0xC16C,0xC16C,0xC16C,0xC16C,0xC16C,0xC16C,0xC16C,0xBD6C,0xC18D,0xB129,0x8000,0x8000,0x8000,0x8000,0x8000,
  0x9464,0xC18D,0xBD6C,0xC16C,0xC16C,0xC16C,0xC16C,0xC16C,0xC16C,0xC16C,0xC16C,0xC16C,0xC16C,0xC16C,0xC16C,0xC16C,
  0xC16C,0xC16C,0xC16C,0xC16C,0xC16C,0xC16C,0xC16C,0xC16C,0xC16C,0xBD6C,0xC58D,0xA4E7,0x8000,0x8000,0x8000,0x8000,
  0x8000,0x8000,0x8000,0x8000,0x8000,0x8000,0x8000,0x8000,0x8000,0xB18C,0xDAD6,0xD294,0xD6B5,0xD6B5,0xD6B5,0xD6B5,
  0xD6B5,0xD6B5,0xD6B5,0xD6B5,0xD6B5,0xD6B5,0xD6B5,0xD6B5,0xD6B5,0xD6B5,0xD6B5,0xD6B5,0xD6B5,0xDAD6,0xC210,0x8000,
  0x8000,0x8000,0x8000,0x8000,0x8000,0x8000,0x8000,0x8000,0x8000,0x8000,0x8000,0x8421,0xD294,0xDAD6,0xDAD6,0xDAD6,
  0xDAD6,0xDAD6,0xDAD6,0xDAD6,0xDAD6,0xDAD6,0xDAD6,0xDAD6,0xDAD6,0xE318,0xB9CE,0x8000,0x8000,0x8000,0x8000,0x8000,
  0x8000,0x8000,0x8000,0x8000,0x8000,0x8000,0x8000,0x8000,0x8000,0x8000,0x8C63,0x94A5,0x98C6,0x9084,0x8421,0x8000,
  0x8000,0x8000,0x8000,0x8000,0x8000,0x8000,0x8000,0x8000,0x8000,0x8000,0x8000,0x8000,0x8000,0x98C6,0xE318,0xDEF7,
  0xDEF7,0xDEF7,0xDEF7,0xDEF7,0xDEF7,0xDEF7,0xDEF7,0xDEF7,0xDEF7,0xE2F7,0xDEF7,0xE318,0x94A5,0x8000,0x8000,0x8000,
  0x8000,0x8000,0x8000,0x8000,0x8000,0x8000,0x8000,0x8000,0x8000,0x8000,0x8000,0x8000,0x8C63,0x94A5,0x98C6,0x9084,
  0x8421,0x8000,0x8000,0x8000,0x8000,0x8000,0x8000,0x8000,0x8000,0x8000,0x8000,0x8000,0x8000,0x8000,0x8C63,0xE318,
  0xE739,0xE739,0xE739,0xE739,0xE739,0xE739,0xE739,0xE739,0xE739,0xE739,0xE739,0xE318,0x8C63,0x8000,0x8000,0x8000,
  0x8000,0x8000,0x8000,0x8000,0x8000,0x8000,0x8000,0x8000,0x8000,0x8000,0x8000,0x8000,0x9084,0x98C6,0x98C6,0x9084,
  0x8421,0x8000,0x8000,0x8000,0x8000,0x8000,0x8000,0x8000,0x8000,0x8000,0x8000,0x8000,0x8000,0x8000,0x8000,0xCA52,
  0xF39C,0xEB5A,0xEB5A,0xEB5A,0xEB5A,0xEB5A,0xEB5A,0xEB5A,0xEB5A,0xEB5A,0xEB5A,0xEB5A,0xEB5A,0xEB5A,0xEF7B,0xEF7B,
  0xEB5A,0xF39C,0xA94A,0x8000,0x8000,0x8000,0x8000,0x8000,0x8000,0x8000,0x8000,0x8000,0x8000,0x8000,0x8000,0x8000,
  0x8000,0x8000,0x8000,0x8000,0x8000,0x8000,0x8000,0x8000,0x8000,0x9CE7,0xF7BD,0xEF7B,0xEF7B,0xEF7B,0xEF7B,0xF37B,
  0xF39C,0xF39C,0xF39C,0xF39C,0xF39C,0xF39C,0xF39C,0xEB5A,0x8842,0x8000,0x8000,0x8000,0x8000,0x8000,0x8000,0x8000,
  0x8000,0x8000,0x8000,0x8000,0x8000,0x8000,0x8000,0x8000,0x8000,0x8000,0x8000,0x8000,0x8000,0x8000,0x8000,0xCE73,
  0xFBDE,0xF39C,0xF7BD,0xF7BD,0xF39C,0xF7BD,0xEB3A,0x8421,0x8000,0x8000,0x8000,0x8000,0x8000,0x8000,0x8000,0x8000,
  0x8000,0x8000,0x8000,0x8000,0x8000,0x8000,0x8000,0x8000,0x8000,0x8000,0x8000,0x8000,0x8000,0x8000,0x8000,0x8000,
  0x8000,0xDAD6,0xA108,0x8000,0x8000,0x8000,0x8000,0x8000,0x8000,0x8000,0x8000,0x8000,0x8000,0x8000,0x9CE7,0xFFFF,
  0x0000,0x0000,0x0000,0x0000,0x0000,0x0000,0x0000,0x0000,0x0000,0x0000,0x0000,0x0000,0x0000,0x0000,0x0000,0x0000,
  0x0000,0x0000,0x0000,0x0000,0x0000,0x0000,0x0000,0x0000,0x0000,0x0000,0x0000,0x0000,0x0000,0x0000,0x0000,0x0000,
  0x0000,0x0000,0x0000,0x0000,0x0000,0x0000,0x0000,0x0000,0x0000,0x0000,0x0000,0x0000,0x0000,0x0000,0x0000,0x0000,
  0x0000,0x0000,0x0000,0x0000,0x0000,0x0000,0x0000,0x0000,0x0000,0x0000,0x0000,0x0000,0x0000,0x0000,0x0000,0x0000,
  0x0000,0x0000,0x0000,0x0000,0x0000,0x0000,0x0000,0x0000,0x0000,0x0000,0x0000,0x0000,0x0000,0x0000,0x0000,0x0000,
  0x0000,0x0000,0x0000,0x0000,0x0000,0x0000,0x0000,0x0000,0x0000,0x0000,0x0000,0x0000,0x0000,0x0000,0x0000,0x0000,
  0x0000,0x0000,0x0000,0x0000,0x0000,0x0000,0x0000,0x0000,0x0000,0x0000,0x0000,0x0000,0x0000,0x0000,0x0000,0x0000,
  0x0000,0x0000,0x0000,0x0000,0x0000,0x0000,0x0000,0x0000,0x0000,0x0000,0x0000,0x0000,0x0000,0x0000,0x0000,0x0000,
  0xF75B,0x9CC6,0x8000,0x8000,0x8000,0x8000,0x8000,0x8000,0x8000,0x8000,0x8000,0x8000,0x8000,0x8000,0x8000,0x8000,
  0x8000,0x8000,0x8000,0x8000,0x8000,0x8000,0x8000,0x8000,0x8000,0x8000,0x8000,0x8000,0x8000,0x8000,0x8000,0x8000,
  0x8000,0x8000,0x8000,0x8000,0x8000,0x8000,0x8000,0x8000,0x8000,0x8000,0x8000,0x8000,0x8000,0x8000,0x8000,0x8000,
  0x8000,0x8000,0x8000,0x8000,0x8000,0x8000,0x8000,0x8000,0x8000,0x8000,0x8000,0x8000,0x8000,0x8000,0x8000,0x8000,
  0x8000,0x8000,0x8000,0x8000,0x8000,0x8000,0x8000,0x8000,0x8000,0xB18C,0xDAD6,0xD294,0xD6B5,0xD6B5,0xD6B5,0xD6B5,
  0xD6B5,0xD6B5,0xD6B5,0xD6B5,0xD6B5,0xD6B5,0xD6B5,0xD6B5,0xD6B5,0xD6B5,0xD6B5,0xD6B5,0xD6B5,0xDAD6,0xD294,0x8842,
  0x8000,0x8000,0x8000,0x8000,0x8000,0x8000,0x8000,0x8000,0x8000,0x8000,0x8000,0x8000,0xB9CE,0xDEF7,0xD6B5,0xDAD6,
  0xDAD6,0xDAD6,0xDAD6,0xDAD6,0xDAD6,0xDAD6,0xDAD6,0xDAD6,0xDAD6,0xDAD6,0xDAD6,0x9084,0x8000,0x8000,0x8000,0x8000,
  0x8000,0x8000,0x8000,0x8000,0x8000,0x8000,0x8000,0x8000,0x8000,0x8000,0x8000,0x8000,0x8000,0x8000,0x8000,0x8000,
  0x8000,0x8000,0x8000,0x8000,0x8000,0x8000,0x8000,0x8000,0x8000,0x8000,0x8000,0x8000,0x8000,0xCA52,0xE318,0xDEF7,
  0xDEF7,0xDEF7,0xDEF7,0xDEF7,0xDEF7,0xDEF7,0xDEF7,0xDEF7,0xDEF7,0xE318,0xDEF7,0xE739,0xCE73,0x8000,0x8000,0x8000,
  0x8000,0x8000,0x8000,0x8000,0x8000,0x8000,0x8000,0x8000,0x8000,0x8000,0x8000,0x8000,0x8000,0x8000,0x8000,0x8000,
  0x8000,0x8000,0x8000,0x8000,0x8000,0x8000,0x8000,0x8000,0x8000,0x8000,0x8000,0x8000,0x8000,0x8000,0xBDEF,0xEB5A,
  0xE318,0xE739,0xE739,0xE739,0xE739,0xE739,0xE739,0xE739,0xE739,0xE739,0xE739,0xEF7B,0xBDEF,0x8000,0x8000,0x8000,
  0x8000,0x8000,0x8000,0x8000,0x8000,0x8000,0x8000,0x8000,0x8000,0x8000,0x8000,0x8000,0x8000,0x8000,0x8000,0x8000,
  0x8000,0x8000,0x8000,0x8000,0x8000,0x8000,0x8000,0x8000,0x8000,0x8000,0x8000,0x8000,0x8000,0x8000,0x98C6,0xEF7B,
  0xEB5A,0xEB5A,0xEB5A,0xEB5A,0xEB5A,0xEB5A,0xEB5A,0xEB5A,0xEB5A,0xEB5A,0xEB5A,0xEB5A,0xEB5A,0xEB5A,0xEF7B,0xEF7B,
  0xEB5A,0xF39C,0xCE73,0x8000,0x8000,0x8000,0x8000,0x8000,0x8000,0x8000,0x8000,0x8000,0x8000,0x8000,0x8000,0x8000,
  0x8000,0x8000,0x8000,0x8000,0x8000,0x8000,0x8000,0x8000,0x8000,0xA529,0xF7BD,0xEF7B,0xEF7B,0xEF7B,0xEF7B,0xEF7B,
  0xF39C,0xF39C,0xF39C,0xF39C,0xF39C,0xF39C,0xEF7B,0xF7BD,0xA529,0x8000,0x8000,0x8000,0x8000,0x8000,0x8000,0x8000,
  0x8000,0x8000,0x8000,0x8000,0x8000,0x8000,0x8000,0x8000,0x8000,0x8000,0x8000,0x8000,0x8000,0x8000,0x8000,0xD294,
  0xFBDE,0xF39C,0xF7BD,0xF7BD,0xF7BD,0xF39C,0xFFFF,0xAD6B,0x8000,0x8000,0x8000,0x8000,0x8000,0x8000,0x8000,0x8000,
  0x8000,0x8000,0x8000,0x8000,0x8000,0x8000,0x8000,0x8000,0x8000,0x8000,0x8000,0x8000,0x8000,0x8000,0x8000,0x8000,
  0x98C6,0xFFFF,0xA94A,0x8000,0x8000,0x8000,0x8000,0x8000,0x8000,0x8000,0x8000,0x8000,0x8000,0x8000,0x94A5,0xFFFF,
  0x0000,0x0000,0x0000,0x0000,0x0000,0x0000,0x0000,0x0000,0x0000,0x0000,0x0000,0x0000,0x0000,0x0000,0x0000,0x0000,
  0x0000,0x0000,0x0000,0x0000,0x0000,0x0000,0x0000,0x0000,0x0000,0x0000,0x0000,0x0000,0x0000,0x0000,0x0000,0x0000,
  0x0000,0x0000,0x0000,0x0000,0x0000,0x0000,0x0000,0x0000,0x0000,0x0000,0x0000,0x0000,0x0000,0x0000,0x0000,0x0000,
  0x0000,0x0000,0x0000,0x0000,0x0000,0x0000,0x0000,0x0000,0x0000,0x0000,0x0000,0x0000,0x0000,0x0000,0x0000,0x0000,
  0x0000,0x0000,0x0000,0x0000,0x0000,0x0000,0x0000,0x0000,0x0000,0x0000,0x0000,0x0000,0x0000,0x0000,0x0000,0x0000,
  0x0000,0x0000,0x0000,0x0000,0x0000,0x0000,0x0000,0x0000,0x0000,0x0000,0x0000,0x0000,0x0000,0x0000,0x0000,0x0000,
  0x0000,0x0000,0x0000,0x0000,0x0000,0x0000,0x0000,0x0000,0x0000,0x0000,0x0000,0x0000,0x0000,0x0000,0x0000,0x0000,
  0x0000,0x0000,0x0000,0x0000,0x0000,0x0000,0x0000,0x0000,0x0000,0x0000,0x0000,0x0000,0x0000,0x0000,0x0000,0x0000,
  0xF75B,0x9CC6,0x8000,0x8000,0x8000,0x8000,0x8000,0x8000,0x8000,0x8000,0x8000,0x8000,0x8000,0x8000,0x8000,0x8000,
  0x8000,0x8000,0x8000,0x8000,0x8000,0x8000,0x8000,0x8000,0x8000,0x8000,0x8000,0x8000,0x8000,0x8000,0x8000,0x8000,
  0x8000,0x8000,0x8000,0x8000,0x8000,0x8000,0x8000,0x8000,0x8000,0x8000,0x8000,0x8000,0x8000,0x8000,0x8000,0x8000,
  0x8000,0x8000,0x8000,0x8000,0x8000,0x8000,0x8000,0x8000,0x8000,0x8000,0x8000,0x8000,0x8000,0x8000,0x8000,0x8000,
  0x8000,0x8000,0x8000,0x8000,0x8000,0x8000,0x8000,0x8000,0x8000,0xB18C,0xDAD6,0xD294,0xD6B5,0xD6B5,0xD6B5,0xD6B5,
  0xD6B5,0xD6B5,0xD6B5,0xD6B5,0xD6B5,0xD6B5,0xD6B5,0xD6B5,0xD6B5,0xD6B5,0xD6B5,0xD6B5,0xD6B5,0xD6B5,0xDEF7,0x9CE7,
  0x8000,0x8000,0x8000,0x8000,0x8000,0x8000,0x8000,0x8000,0x8000,0x8000,0x8000,0x8000,0xA108,0xDEF7,0xD6B5,0xDAD6,
  0xDAD6,0xDAD6,0xDAD6,0xDAD6,0xDAD6,0xDAD6,0xDAD6,0xDAD6,0xDAD6,0xDAD6,0xDEF7,0xC631,0x8000,0x8000,0x8000,0x8000,
  0x8000,0x8000,0x8000,0x8000,0x8000,0x8000,0x8000,0x8000,0x8000,0x8000,0x8000,0x8000,0x8000,0x8000,0x8000,0x8000,
  0x8000,0x8000,0x8000,0x8000,0x8000,0x8000,0x8000,0x8000,0x8000,0x8000,0x8000,0x8000,0xA529,0xE739,0xDEF7,0xDEF7,
  0xDEF7,0xDEF7,0xDEF7,0xDEF7,0xDEF7,0xDEF7,0xDEF7,0xDEF7,0xDEF7,0xE318,0xE318,0xDEF7,0xE739,0xB18C,0x8000,0x8000,
  0x8000,0x8000,0x8000,0x8000,0x8000,0x8000,0x8000,0x8000,0x8000,0x8000,0x8000,0x8000,0x8000,0x8000,0x8000,0x8000,
  0x8000,0x8000,0x8000,0x8000,0x8000,0x8000,0x8000,0x8000,0x8000,0x8000,0x8000,0x8000,0x8000,0x98C6,0xE739,0xE739,
  0xE739,0xE739,0xE739,0xE739,0xE739,0xE739,0xE739,0xE739,0xE739,0xE739,0xE739,0xE739,0xEB59,0x94A5,0x8000,0x8000,
  0x8000,0x8000,0x8000,0x8000,0x8000,0x8000,0x8000,0x8000,0x8000,0x8000,0x8000,0x8000,0x8000,0x8000,0x8000,0x8000,
  0x8000,0x8000,0x8000,0x8000,0x8000,0x8000,0x8000,0x8000,0x8000,0x8000,0x8000,0x8000,0x8000,0x8000,0xD294,0xEF7B,
  0xEB5A,0xEB5A,0xEB5A,0xEB5A,0xEB5A,0xEB5A,0xEB5A,0xEB5A,0xEB5A,0xEB5A,0xEB5A,0xEB5A,0xEB5A,0xEB5A,0xEF7B,0xEF7B,
  0xEF7A,0xEF7B,0xEF7B,0x9084,0x8000,0x8000,0x8000,0x8000,0x8000,0x8000,0x8000,0x8000,0x8000,0x8000,0x8000,0x8000,
  0x8000,0x8000,0x8000,0x8000,0x8000,0x8000,0x8000,0x8000,0x8000,0xA529,0xF7BD,0xEF7B,0xEF7B,0xEF7B,0xEF7B,0xEF7B,
  0xF39C,0xF39C,0xF39C,0xF39C,0xF39C,0xF39C,0xEF7B,0xF7BD,0xD294,0x8000,0x8000,0x8000,0x8000,0x8000,0x8000,0x8000,
  0x8000,0x8000,0x8000,0x8000,0x8000,0x8000,0x8000,0x8000,0x8000,0x8000,0x8000,0x8000,0x8000,0x8000,0x8000,0xD294,
  0xFBDE,0xF39C,0xF7BD,0xF7BD,0xF7BD,0xF39C,0xF7BD,0xE739,0x8421,0x8000,0x8000,0x8000,0x8000,0x8000,0x8000,0x8000,
  0x8000,0x8000,0x8000,0x8000,0x8000,0x8000,0x8000,0x8000,0x8000,0x8000,0x8000,0x8000,0x8000,0x8000,0x8000,0x8000,
  0xDAD6,0xFFFF,0xBDEF,0x8000,0x8000,0x8000,0x8000,0x8000,0x8000,0x8000,0x8000,0x8000,0x8000,0x8000,0x8C63,0xFBDE,
  0x0000,0x0000,0x0000,0x0000,0x0000,0x0000,0x0000,0x0000,0x0000,0x0000,0x0000,0x0000,0x0000,0x0000,0x0000,0x0000,
  0x0000,0x0000,0x0000,0x0000,0x0000,0x0000,0x0000,0x0000,0x0000,0x0000,0x0000,0x0000,0x0000,0x0000,0x0000,0x0000,
  0x0000,0x0000,0x0000,0x0000,0x0000,0x0000,0x0000,0x0000,0x0000,0x0000,0x0000,0x0000,0x0000,0x0000,0x0000,0x0000,
  0x0000,0x0000,0x0000,0x0000,0x0000,0x0000,0x0000,0x0000,0x0000,0x0000,0x0000,0x0000,0x0000,0x0000,0x0000,0x0000,
  0x0000,0x0000,0x0000,0x0000,0x0000,0x0000,0x0000,0x0000,0x0000,0x0000,0x0000,0x0000,0x0000,0x0000,0x0000,0x0000,
  0x0000,0x0000,0x0000,0x0000,0x0000,0x0000,0x0000,0x0000,0x0000,0x0000,0x0000,0x0000,0x0000,0x0000,0x0000,0x0000,
  0x0000,0x0000,0x0000,0x0000,0x0000,0x0000,0x0000,0x0000,0x0000,0x0000,0x0000,0x0000,0x0000,0x0000,0x0000,0x0000,
  0x0000,0x0000,0x0000,0x0000,0x0000,0x0000,0x0000,0x0000,0x0000,0x0000,0x0000,0x0000,0x0000,0x0000,0x0000,0x0000,
  0xF75B,0x9CC6,0x8000,0x8000,0x8000,0x8000,0x8000,0x8000,0x8000,0x8000,0x8000,0x8000,0x8000,0x8000,0x8000,0x8000,
  0x8000,0x8000,0x8000,0x8000,0x8000,0x8000,0x8000,0x8000,0x8000,0x8000,0x8000,0x8000,0x8000,0x8000,0x8000,0x8000,
  0x8000,0x8000,0x8000,0x8000,0x8000,0x8000,0x8000,0x8000,0x8000,0x8000,0x8000,0x8000,0x8000,0x8000,0x8000,0x8000,
  0x8000,0x8000,0x8000,0x8000,0x8000,0x8000,0x8000,0x8000,0x8000,0x8000,0x8000,0x8000,0x8000,0x8000,0x8000,0x8000,
  0x8000,0x8000,0x8000,0x8000,0x8000,0x8000,0x8000,0x8000,0x8000,0xB18C,0xDAD6,0xD294,0xD6B5,0xD6B5,0xD6B5,0xD6B5,
  0xD6B5,0xD6B5,0xD6B5,0xD6B5,0xD6B5,0xD6B5,0xD6B5,0xD6B5,0xD6B5,0xD6B5,0xD6B5,0xD6B5,0xD6B5,0xD6B5,0xDEF7,0xB5AD,
  0x8000,0x8000,0x8000,0x8000,0x8000,0x8000,0x8000,0x8000,0x8000,0x8000,0x8000,0x8000,0x8C63,0xD6B5,0xDAD6,0xDAD6,
  0xDAD6,0xDAD6,0xDAD6,0xDAD6,0xDAD6,0xDAD6,0xDAD6,0xDAD6,0xDAD6,0xDAD6,0xDAD6,0xE318,0xAD6B,0x8000,0x8000,0x8000,
  0x8000,0x8000,0x8000,0x8000,0x8000,0x8000,0x8000,0x8000,0x8000,0x8000,0x8000,0x8000,0x8000,0x8000,0x8000,0x8000,
  0x8000,0x8000,0x8000,0x8000,0x8000,0x8000,0x8000,0x8000,0x8000,0x8000,0x8000,0x9084,0xDEF7,0xDEF7,0xDEF7,0xDEF7,
  0xDEF7,0xDEF7,0xDEF7,0xDEF7,0xDEF7,0xDEF7,0xDEF7,0xDEF7,0xDEF7,0xE318,0xE318,0xE318,0xDEF7,0xE739,0x9CE7,0x8000,
  0x8000,0x8000,0x8000,0x8000,0x8000,0x8000,0x8000,0x8000,0x8000,0x8000,0x8000,0x8000,0x8000,0x8000,0x8000,0x8000,
  0x8000,0x8000,0x8000,0x8000,0x8000,0x8000,0x8000,0x8000,0x8000,0x8000,0x8000,0x8000,0x8842,0xDAD6,0xE739,0xE318,
  0xE739,0xE739,0xE739,0xE739,0xE739,0xE739,0xE739,0xE739,0xE739,0xE739,0xE739,0xE739,0xEB5A,0xD6B5,0x8421,0x8000,
  0x8000,0x8000,0x8000,0x8000,0x8000,0x8000,0x8000,0x8000,0x8000,0x8000,0x8000,0x8000,0x8000,0x8000,0x8000,0x8000,
  0x8000,0x8000,0x8000,0x8000,0x8000,0x8000,0x8000,0x8000,0x8000,0x8000,0x8000,0x8000,0x8000,0xB18C,0xF39C,0xEB5A,
  0xEB5A,0xEB5A,0xEB5A,0xEB5A,0xEB5A,0xEB5A,0xEB5A,0xEB5A,0xEB5A,0xEB5A,0xEB5A,0xEB5A,0xEB5A,0xEB5A,0xEF7B,0xEF7B,
  0xEF7B,0xEB5A,0xF39C,0xC631,0x8000,0x8000,0x8000,0x8000,0x8000,0x8000,0x8000,0x8000,0x8000,0x8000,0x8000,0x8000,
  0x8000,0x8000,0x8000,0x8000,0x8000,0x8000,0x8000,0x8000,0x8000,0xA529,0xF7BD,0xEF7B,0xEF7B,0xEF7B,0xEF7B,0xEF7B,
  0xF39C,0xF39C,0xF39C,0xF39C,0xF39C,0xF39C,0xF39C,0xF37B,0xF7BD,0x9CE7,0x8000,0x8000,0x8000,0x8000,0x8000,0x8000,
  0x8000,0x8000,0x8000,0x8000,0x8000,0x8000,0x8000,0x8000,0x8000,0x8000,0x8000,0x8000,0x8000,0x8000,0x8000,0xD294,
  0xFBDE,0xF39C,0xF7BD,0xF7BD,0xF7BD,0xF7BD,0xF39C,0xFFFF,0xC210,0x8000,0x8000,0x8000,0x8000,0x8000,0x8000,0x8000,
  0x8000,0x8000,0x8000,0x8000,0x8000,0x8000,0x8000,0x8000,0x8000,0x8000,0x8000,0x8000,0x8000,0x8000,0x8000,0xB18C,
  0xFFFF,0xFFFF,0xD294,0x8000,0x8000,0x8000,0x8000,0x8000,0x8000,0x8000,0x8000,0x8000,0x8000,0x8000,0x8421,0xF39C,
  0x0000,0x0000,0x0000,0x0000,0x0000,0x0000,0x0000,0x0000,0x0000,0x0000,0x0000,0x0000,0x0000,0x0000,0x0000,0x0000,
  0x0000,0x0000,0x0000,0x0000,0x0000,0x0000,0x0000,0x0000,0x0000,0x0000,0x0000,0x0000,0x0000,0x0000,0x0000,0x0000,
  0x0000,0x0000,0x0000,0x0000,0x0000,0x0000,0x0000,0x0000,0x0000,0x0000,0x0000,0x0000,0x0000,0x0000,0x0000,0x0000,
  0x0000,0x0000,0x0000,0x0000,0x0000,0x0000,0x0000,0x0000,0x0000,0x0000,0x0000,0x0000,0x0000,0x0000,0x0000,0x0000,
  0x0000,0x0000,0x0000,0x0000,0x0000,0x0000,0x0000,0x0000,0x0000,0x0000,0x0000,0x0000,0x0000,0x0000,0x0000,0x0000,
  0x0000,0x0000,0x0000,0x0000,0x0000,0x0000,0x0000,0x0000,0x0000,0x0000,0x0000,0x0000,0x0000,0x0000,0x0000,0x0000,
  0x0000,0x0000,0x0000,0x0000,0x0000,0x0000,0x0000,0x0000,0x0000,0x0000,0x0000,0x0000,0x0000,0x0000,0x0000,0x0000,
  0x0000,0x0000,0x0000,0x0000,0x0000,0x0000,0x0000,0x0000,0x0000,0x0000,0x0000,0x0000,0x0000,0x0000,0x0000,0x0000,
  0xF75B,0x9CC6,0x8000,0x8000,0x8000,0x8000,0x8000,0x8000,0x8000,0x8000,0x8000,0x8000,0x8000,0x8000,0x8000,0x8000,
  0x8000,0x8000,0x8000,0x8000,0x8000,0x8000,0x8000,0x8000,0x8000,0x8000,0x8000,0x8000,0x8000,0x8000,0x8000,0x8000,
  0x8000,0x8000,0x8000,0x8000,0x8000,0x8000,0x8000,0x8000,0x8000,0x8000,0x8000,0x8000,0x8000,0x8000,0x8000,0x8000,
  0x8000,0x8000,0x8000,0x8000,0x8000,0x8000,0x8000,0x8000,0x8000,0x8000,0x8000,0x8000,0x8000,0x8000,0x8000,0x8000,
  0x8000,0x8000,0x8000,0x8000,0x8000,0x8000,0x8000,0x8000,0x8000,0xB18C,0xDAD6,0xD294,0xD6B5,0xD6B5,0xD6B5,0xD6B5,
  0xD6B5,0xD6B5,0xD6B5,0xD6B5,0xD6B5,0xD6B5,0xD6B5,0xD6B5,0xD6B5,0xD6B5,0xD6B5,0xD6B5,0xD6B5,0xD6B5,0xDAD6,0xCA52,
  0x8000,0x8000,0x8000,0x8000,0x8000,0x8000,0x8000,0x8000,0x8000,0x8000,0x8000,0x8000,0x8000,0xC631,0xDEF7,0xDAD6,
  0xDAD6,0xDAD6,0xDAD6,0xDAD6,0xDAD6,0xDAD6,0xDAD6,0xDAD6,0xDAD6,0xDAD6,0xDAD6,0xDAD6,0xDEF7,0xA108,0x8000,0x8000,
  0x8000,0x8000,0x8000,0x8000,0x8000,0x8000,0x8000,0x8000,0x8000,0x8000,0x8000,0x8000,0x8000,0x8000,0x8000,0x8000,
  0x8000,0x8000,0x8000,0x8000,0x8000,0x8000,0x8000,0x8000,0x8000,0x8000,0x8842,0xD294,0xE318,0xDEF7,0xDEF7,0xDEF7,
  0xDEF7,0xDEF7,0xDEF7,0xDEF7,0xDEF7,0xDEF7,0xDEF7,0xDEF7,0xDEF7,0xE318,0xE318,0xE318,0xDEF7,0xE318,0xE318,0x98C6,
  0x8000,0x8000,0x8000,0x8000,0x8000,0x8000,0x8000,0x8000,0x8000,0x8000,0x8000,0x8000,0x8000,0x8000,0x8000,0x8000,
  0x8000,0x8000,0x8000,0x8000,0x8000,0x8000,0x8000,0x8000,0x8000,0x8000,0x8000,0x8421,0xCE73,0xEB5A,0xE318,0xE739,
  0xE739,0xE739,0xE739,0xE739,0xE739,0xE739,0xE739,0xE739,0xE739,0xE739,0xE739,0xE739,0xE739,0xEF7B,0xC631,0x8000,
  0x8000,0x8000,0x8000,0x8000,0x8000,0x8000,0x8000,0x8000,0x8000,0x8000,0x8000,0x8000,0x8000,0x8000,0x8000,0x8000,
  0x8000,0x8000,0x8000,0x8000,0x8000,0x8000,0x8000,0x8000,0x8000,0x8000,0x8000,0x8000,0x9CE7,0xEF7B,0xEB5A,0xEB5A,
  0xEB5A,0xEB5A,0xEB5A,0xEB5A,0xEB5A,0xEB5A,0xEB5A,0xEB5A,0xEB5A,0xEB5A,0xEB5A,0xEB5A,0xEB5A,0xEB5A,0xEF7B,0xEF7B,
  0xEF7B,0xEF7B,0xEB5A,0xF39C,0x9CE7,0x8000,0x8000,0x8000,0x8000,0x8000,0x8000,0x8000,0x8000,0x8000,0x8000,0x8000,
  0x8000,0x8000,0x8000,0x8000,0x8000,0x8000,0x8000,0x8000,0x8000,0xA529,0xF7BD,0xEF7B,0xEF7B,0xEF7B,0xEF7B,0xEF7B,
  0xF39C,0xF39C,0xF39C,0xF39C,0xF39C,0xF39C,0xF39C,0xEF7B,0xF7BD,0xDEF7,0x8000,0x8000,0x8000,0x8000,0x8000,0x8000,
  0x8000,0x8000,0x8000,0x8000,0x8000,0x8000,0x8000,0x8000,0x8000,0x8000,0x8000,0x8000,0x8000,0x8000,0x8000,0xD294,
  0xFBDE,0xF39C,0xF7BD,0xF7BD,0xF7BD,0xF7BD,0xF7BD,0xF7BD,0xFBDE,0xA108,0x8000,0x8000,0x8000,0x8000,0x8000,0x8000,
  0x8000,0x8000,0x8000,0x8000,0x8000,0x8000,0x8000,0x8000,0x8000,0x8000,0x8000,0x8000,0x8000,0x8000,0x94A5,0xF7BD,
  0xF7BD,0xFBDE,0xE739,0x8000,0x8000,0x8000,0x8000,0x8000,0x8000,0x8000,0x8000,0x8000,0x8000,0x8000,0x8000,0xE739,
  0x0000,0x0000,0x0000,0x0000,0x0000,0x0000,0x0000,0x0000,0x0000,0x0000,0x0000,0x0000,0x0000,0x0000,0x0000,0x0000,
  0x0000,0x0000,0x0000,0x0000,0x0000,0x0000,0x0000,0x0000,0x0000,0x0000,0x0000,0x0000,0x0000,0x0000,0x0000,0x0000,
  0x0000,0x0000,0x0000,0x0000,0x0000,0x0000,0x0000,0x0000,0x0000,0x0000,0x0000,0x0000,0x0000,0x0000,0x0000,0x0000,
  0x0000,0x0000,0x0000,0x0000,0x0000,0x0000,0x0000,0x0000,0x0000,0x0000,0x0000,0x0000,0x0000,0x0000,0x0000,0x0000,
  0x0000,0x0000,0x0000,0x0000,0x0000,0x0000,0x0000,0x0000,0x0000,0x0000,0x0000,0x0000,0x0000,0x0000,0x0000,0x0000,
  0x0000,0x0000,0x0000,0x0000,0x0000,0x0000,0x0000,0x0000,0x0000,0x0000,0x0000,0x0000,0x0000,0x0000,0x0000,0x0000,
  0x0000,0x0000,0x0000,0x0000,0x0000,0x0000,0x0000,0x0000,0x0000,0x0000,0x0000,0x0000,0x0000,0x0000,0x0000,0x0000,
  0x0000,0x0000,0x0000,0x0000,0x0000,0x0000,0x0000,0x0000,0x0000,0x0000,0x0000,0x0000,0x0000,0x0000,0x0000,0x0000,
  0xF75B,0x9CC6,0x8000,0x8000,0x8000,0x8000,0x8000,0x8000,0x8000,0x8000,0x8000,0x8000,0x8000,0x8000,0x8000,0x8000,
  0x8000,0x8000,0x8000,0x8000,0x8000,0x8000,0x8000,0x8000,0x8000,0x8000,0x8000,0x8000,0x8000,0x8000,0x8000,0x8000,
  0x8000,0x8000,0x8000,0x8000,0x8000,0x8000,0x8000,0x8000,0x8000,0x8000,0x8000,0x8000,0x8000,0x8000,0x8000,0x8000,
  0x8000,0x8000,0x8000,0x8000,0x8000,0x8000,0x8000,0x8000,0x8000,0x8000,0x8000,0x8000,0x8000,0x8000,0x8000,0x8000,
  0x8000,0x8000,0x8000,0x8000,0x8000,0x8000,0x8000,0x8000,0x8000,0xB18C,0xDAD6,0xD294,0xD6B5,0xD6B5,0xD6B5,0xD6B5,
  0xD6B5,0xD6B5,0xD6B5,0xD6B5,0xD6B5,0xD6B5,0xD6B5,0xD6B5,0xD6B5,0xD6B5,0xD6B5,0xD6B5,0xD6B5,0xD6B5,0xD6B5,0xDAD6,
  0x8C63,0x8000,0x8000,0x8000,0x8000,0x8000,0x8000,0x8000,0x8000,0x8000,0x8000,0x8000,0x8000,0xB18C,0xDEF7,0xD6B5,
  0xDAD6,0xDAD6,0xDAD6,0xDAD6,0xDAD6,0xDAD6,0xDAD6,0xDAD6,0xDAD6,0xDAD6,0xDAD6,0xDAD6,0xDAD6,0xDEF7,0xA108,0x8000,
  0x8000,0x8000,0x8000,0x8000,0x8000,0x8000,0x8000,0x8000,0x8000,0x8000,0x8000,0x8000,0x8000,0x8000,0x8000,0x8000,
  0x8000,0x8000,0x8000,0x8000,0x8000,0x8000,0x8000,0x8000,0x8000,0x8C63,0xD294,0xE318,0xDEF7,0xDEF7,0xDEF7,0xDEF7,
  0xDEF7,0xDEF7,0xDEF7,0xDEF7,0xDEF7,0xDEF7,0xDEF7,0xDEF7,0xDEF7,0xE318,0xE318,0xE318,0xE318,0xDEF7,0xE318,0xE318,
  0x9CE7,0x8000,0x8000,0x8000,0x8000,0x8000,0x8000,0x8000,0x8000,0x8000,0x8000,0x8000,0x8000,0x8000,0x8000,0x8000,
  0x8000,0x8000,0x8000,0x8000,0x8000,0x8000,0x8000,0x8000,0x8000,0x8000,0x8842,0xCE73,0xEB5A,0xE318,0xE739,0xE739,
  0xE739,0xE739,0xE739,0xE739,0xE739,0xE739,0xE739,0xE739,0xE739,0xE739,0xE739,0xE739,0xE739,0xE739,0xEF7B,0xC210,
  0x8000,0x8000,0x8000,0x8000,0x8000,0x8000,0x8000,0x8000,0x8000,0x8000,0x8000,0x8000,0x8000,0x8000,0x8000,0x8000,
  0x8000,0x8000,0x8000,0x8000,0x8000,0x8000,0x8000,0x8000,0x8000,0x8000,0x8000,0x98C6,0xE739,0xEB7A,0xEB5A,0xEB5A,
  0xEB5A,0xEB5A,0xEB5A,0xEB5A,0xEB5A,0xEB5A,0xEB5A,0xEB5A,0xEB5A,0xEB5A,0xEB5A,0xEB5A,0xEB5A,0xEB5A,0xEF7B,0xEF7B,
  0xEF7B,0xEF7B,0xEB5A,0xEF7B,0xE739,0x8C63,0x8000,0x8000,0x8000,0x8000,0x8000,0x8000,0x8000,0x8000,0x8000,0x8000,
  0x8000,0x8000,0x8000,0x8000,0x8000,0x8000,0x8000,0x8000,0x8000,0xA529,0xF7BD,0xEF7B,0xEF7B,0xEF7B,0xEF7B,0xEF7B,
  0xF39C,0xF39C,0xF39C,0xF39C,0xF39C,0xF39C,0xF39C,0xF39C,0xEF7B,0xFBDE,0xCA52,0x8000,0x8000,0x8000,0x8000,0x8000,
  0x8000,0x8000,0x8000,0x8000,0x8000,0x8000,0x8000,0x8000,0x8000,0x8000,0x8000,0x8000,0x8000,0x8000,0x8000,0xD294,
  0xFBDE,0xF39C,0xF7BD,0xF7BD,0xF7BD,0xF7BD,0xF7BD,0xF39C,0xF7BD,0xF39C,0x94A5,0x8000,0x8000,0x8000,0x8000,0x8000,
  0x8000,0x8000,0x8000,0x8000,0x8000,0x8000,0x8000,0x8000,0x8000,0x8000,0x8000,0x8000,0x8000,0x8842,0xEB5A,0xFBDE,
  0xF7BD,0xFBDE,0xF39C,0x8C63,0x8000,0x8000,0x8000,0x8000,0x8000,0x8000,0x8000,0x8000,0x8000,0x8000,0x8000,0xD6B5,
  0x0000,0x0000,0x0000,0x0000,0x0000,0x0000,0x0000,0x0000,0x0000,0x0000,0x0000,0x0000,0x0000,0x0000,0x0000,0x0000,
  0x0000,0x0000,0x0000,0x0000,0x0000,0x0000,0x0000,0x0000,0x0000,0x0000,0x0000,0x0000,0x0000,0x0000,0x0000,0x0000,
  0x0000,0x0000,0x0000,0x0000,0x0000,0x0000,0x0000,0x0000,0x0000,0x0000,0x0000,0x0000,0x0000,0x0000,0x0000,0x0000,
  0x0000,0x0000,0x0000,0x0000,0x0000,0x0000,0x0000,0x0000,0x0000,0x0000,0x0000,0x0000,0x0000,0x0000,0x0000,0x0000,
  0x0000,0x0000,0x0000,0x0000,0x0000,0x0000,0x0000,0x0000,0x0000,0x0000,0x0000,0x0000,0x0000,0x0000,0x0000,0x0000,
  0x0000,0x0000,0x0000,0x0000,0x0000,0x0000,0x0000,0x0000,0x0000,0x0000,0x0000,0x0000,0x0000,0x0000,0x0000,0x0000,
  0x0000,0x0000,0x0000,0x0000,0x0000,0x0000,0x0000,0x0000,0x0000,0x0000,0x0000,0x0000,0x0000,0x0000,0x0000,0x0000,
  0x0000,0x0000,0x0000,0x0000,0x0000,0x0000,0x0000,0x0000,0x0000,0x0000,0x0000,0x0000,0x0000,0x0000,0x0000,0x0000,
  0xF75B,0x9CC6,0x8000,0x8000,0x8000,0x8000,0x8000,0x8000,0x8000,0x8000,0x8000,0x8000,0x8000,0x8000,0x8000,0x8000,
  0x8000,0x8000,0x8000,0x8000,0x8000,0x8000,0x8000,0x8000,0x8000,0x8000,0x8000,0x8000,0x8000,0x8000,0x8000,0x8000,
  0x8000,0x8000,0x8000,0x8000,0x8000,0x8000,0x8000,0x8000,0x8000,0x8000,0x8000,0x8000,0x8000,0x8000,0x8000,0x8000,
  0x8000,0x8000,0x8000,0x8000,0x8000,0x8000,0x8000,0x8000,0x8000,0x8000,0x8000,0x8000,0x8000,0x8000,0x8000,0x8000,
  0x8000,0x8000,0x8000,0x8000,0x8000,0x8000,0x8000,0x8000,0x8000,0xB18C,0xDAD6,0xD294,0xD6B5,0xD6B5,0xD6B5,0xD6B5,
  0xD6B5,0xD6B5,0xD6B5,0xD6B5,0xD6B5,0xD6B5,0xD6B5,0xD6B5,0xD6B5,0xD6B5,0xD6B5,0xD6B5,0xD6B5,0xD6B5,0xD6B5,0xDEF7,
  0xA529,0x8000,0x8000,0x8000,0x8000,0x8000,0x8000,0x8000,0x8000,0x8000,0x8000,0x8000,0x8000,0x98C6,0xDEF7,0xDAD6,
  0xDAD6,0xDAD6,0xDAD6,0xDAD6,0xDAD6,0xDAD6,0xDAD6,0xDAD6,0xDAD6,0xDAD6,0xDAD6,0xDAD6,0xDAD6,0xDAD6,0xDEF7,0xB18C,
  0x8000,0x8000,0x8000,0x8000,0x8000,0x8000,0x8000,0x8000,0x8000,0x8000,0x8000,0x8000,0x8000,0x8000,0x8000,0x8000,
  0x8000,0x8000,0x8000,0x8000,0x8000,0x8000,0x8000,0x8000,0x98C6,0xD6B5,0xE318,0xDEF7,0xDEF7,0xDEF7,0xDEF7,0xDEF7,
  0xDEF7,0xDEF7,0xDEF7,0xDEF7,0xDEF7,0xDEF7,0xDEF7,0xE317,0xE317,0xE318,0xE318,0xE318,0xE318,0xE318,0xDEF7,0xE318,
  0xE739,0xB18C,0x8000,0x8000,0x8000,0x8000,0x8000,0x8000,0x8000,0x8000,0x8000,0x8000,0x8000,0x8000,0x8000,0x8000,
  0x8000,0x8000,0x8000,0x8000,0x8000,0x8000,0x8000,0x8000,0x8000,0x9CE7,0xDAD6,0xEB5A,0xE318,0xE739,0xE739,0xE739,
  0xE739,0xE739,0xE739,0xE739,0xE739,0xE739,0xE739,0xE739,0xE739,0xE739,0xE739,0xE739,0xE739,0xE739,0xE739,0xEF7B,
  0xCE73,0x8C63,0x8000,0x8000,0x8000,0x8000,0x8000,0x8000,0x8000,0x8000,0x8000,0x8000,0x8000,0x8000,0x8000,0x8000,
  0x8000,0x8000,0x8000,0x8000,0x8000,0x8000,0x8000,0x8000,0x8000,0x8000,0xA94A,0xEB5A,0xEF7B,0xEB5A,0xEB5A,0xEB5A,
  0xEB5A,0xEB5A,0xEB5A,0xEB5A,0xEB5A,0xEB5A,0xEB5A,0xEB5A,0xEB5A,0xEB5A,0xEB5A,0xEB5A,0xEB5A,0xEF7A,0xEF7B,0xEF7B,
  0xEF7B,0xEF7B,0xEF7B,0xEB5A,0xF39C,0xDEF7,0x9084,0x8000,0x8000,0x8000,0x8000,0x8000,0x8000,0x8000,0x8000,0x8000,
  0x8000,0x8000,0x8000,0x8000,0x8000,0x8000,0x8000,0x8000,0x8000,0xA529,0xF7BD,0xEF7B,0xEF7B,0xEF7B,0xEF7B,0xF37B,
  0xF39C,0xF39C,0xF39C,0xF39C,0xF39C,0xF39C,0xF39C,0xF39C,0xF39C,0xEF7B,0xFBDE,0xC631,0x8000,0x8000,0x8000,0x8000,
  0x8000,0x8000,0x8000,0x8000,0x8000,0x8000,0x8000,0x8000,0x8000,0x8000,0x8000,0x8000,0x8000,0x8000,0x8000,0xD294,
  0xFBDE,0xF39C,0xF7BD,0xF7BD,0xF7BD,0xF7BD,0xF7BD,0xF7BD,0xF39C,0xFBDE,0xEF7B,0x98C6,0x8000,0x8000,0x8000,0x8000,
  0x8000,0x8000,0x8000,0x8000,0x8000,0x8000,0x8000,0x8000,0x8000,0x8000,0x8000,0x8000,0x8842,0xE318,0xFFFF,0xF7BD,
  0xF7BD,0xF7BD,0xFFFF,0x9CE7,0x8000,0x8000,0x8000,0x8000,0x8000,0x8000,0x8000,0x8000,0x8000,0x8000,0x8000,0xCA52,
  0x0000,0x0000,0x0000,0x0000,0x0000,0x0000,0x0000,0x0000,0x0000,0x0000,0x0000,0x0000,0x0000,0x0000,0x0000,0x0000,
  0x0000,0x0000,0x0000,0x0000,0x0000,0x0000,0x0000,0x0000,0x0000,0x0000,0x0000,0x0000,0x0000,0x0000,0x0000,0x0000,
  0x0000,0x0000,0x0000,0x0000,0x0000,0x0000,0x0000,0x0000,0x0000,0x0000,0x0000,0x0000,0x0000,0x0000,0x0000,0x0000,
  0x0000,0x0000,0x0000,0x0000,0x0000,0x0000,0x0000,0x0000,0x0000,0x0000,0x0000,0x0000,0x0000,0x0000,0x0000,0x0000,
  0x0000,0x0000,0x0000,0x0000,0x0000,0x0000,0x0000,0x0000,0x0000,0x0000,0x0000,0x0000,0x0000,0x0000,0x0000,0x0000,
  0x0000,0x0000,0x0000,0x0000,0x0000,0x0000,0x0000,0x0000,0x0000,0x0000,0x0000,0x0000,0x0000,0x0000,0x0000,0x0000,
  0x0000,0x0000,0x0000,0x0000,0x0000,0x0000,0x0000,0x0000,0x0000,0x0000,0x0000,0x0000,0x0000,0x0000,0x0000,0x0000,
  0x0000,0x0000,0x0000,0x0000,0x0000,0x0000,0x0000,0x0000,0x0000,0x0000,0x0000,0x0000,0x0000,0x0000,0x0000,0x0000,
  0xF75B,0x98A5,0x8000,0x8000,0x8000,0x8000,0x8000,0x8000,0x8000,0x8000,0x8000,0x8000,0x8000,0x8000,0x8000,0x8000,
  0x8000,0x8000,0x8000,0x8000,0x8000,0x8000,0x8000,0x8000,0x8000,0x8000,0x8000,0x8000,0x8000,0x8000,0x8000,0x8000,
  0x8000,0x8000,0x8000,0x8000,0x8000,0x8000,0x8000,0x8000,0x8000,0x8000,0x8000,0x8000,0x8000,0x8000,0x8000,0x8000,
  0x8000,0x8000,0x8000,0x8000,0x8000,0x8000,0x8000,0x8000,0x8000,0x8000,0x8000,0x8000,0x8000,0x8000,0x8000,0x8000,
  0x8000,0x8000,0x8000,0x8000,0x8000,0x8000,0x8000,0x8000,0x8000,0xAD6B,0xDAD6,0xD294,0xD6B5,0xD6B5,0xD6B5,0xD6B5,
  0xD6B5,0xD6B5,0xD6B5,0xD6B5,0xD6B5,0xD6B5,0xD6B5,0xD6B5,0xD6B5,0xD6B5,0xD6B5,0xD6B5,0xD6B5,0xD6B5,0xD6B5,0xDAD6,
  0xBDEF,0x8000,0x8000,0x8000,0x8000,0x8000,0x8000,0x8000,0x8000,0x8000,0x8000,0x8000,0x8000,0x8000,0xD294,0xDAD6,
  0xDAB6,0xDAD6,0xDAD6,0xDAD6,0xDAD6,0xDAD6,0xDAD6,0xDAD6,0xDAD6,0xDAD6,0xDAD6,0xDAD6,0xDAD6,0xDAD6,0xDAD6,0xE318,
  0xCA52,0x98C6,0x8000,0x8000,0x8000,0x8000,0x8000,0x8000,0x8000,0x8000,0x8000,0x8000,0x8000,0x8000,0x8000,0x8000,
  0x8000,0x8000,0x8000,0x8000,0x8000,0x8000,0x8842,0xB9CE,0xE318,0xDEF7,0xDEF7,0xDEF7,0xDEF7,0xDEF7,0xDEF7,0xDEF7,
  0xDEF7,0xDEF7,0xDEF7,0xDEF7,0xDEF7,0xDEF7,0xDEF7,0xDEF7,0xDEF7,0xDEF7,0xDEF7,0xDEF7,0xDEF7,0xDEF7,0xE318,0xDEF7,
  0xDEF7,0xE739,0xCE73,0x98C6,0x8000,0x8000,0x8000,0x8000,0x8000,0x8000,0x8000,0x8000,0x8000,0x8000,0x8000,0x8000,
  0x8000,0x8000,0x8000,0x8000,0x8000,0x8000,0x8000,0x9084,0xC210,0xE739,0xE739,0xE318,0xE318,0xE318,0xE318,0xE738,
  0xE739,0xE739,0xE739,0xE739,0xE739,0xE739,0xE739,0xE739,0xE739,0xE739,0xE739,0xE739,0xE739,0xE739,0xE739,0xE739,
  0xEB5A,0xE318,0xAD6B,0x8421,0x8000,0x8000,0x8000,0x8000,0x8000,0x8000,0x8000,0x8000,0x8000,0x8000,0x8000,0x8000,
  0x8000,0x8000,0x8000,0x8000,0x8000,0x8000,0x8000,0x8000,0x94A5,0xCE73,0xEF7B,0xEB5A,0xEB5A,0xEB5A,0xEB5A,0xEB5A,
  0xEB5A,0xEB5A,0xEB5A,0xEB5A,0xEB5A,0xEB5A,0xEB5A,0xEB5A,0xEB5A,0xEB5A,0xEB5A,0xEB5A,0xEB5A,0xEB5A,0xEB5A,0xEB5A,
  0xEB5A,0xEB5A,0xEF7B,0xEF7B,0xEB5A,0xF39C,0xE739,0xA529,0x8000,0x8000,0x8000,0x8000,0x8000,0x8000,0x8000,0x8000,
  0x8000,0x8000,0x8000,0x8000,0x8000,0x8000,0x8000,0x8000,0x8000,0xA529,0xF7BD,0xEF7B,0xEF7B,0xEF7B,0xEF7B,0xEF7B,
  0xEF7B,0xEF7B,0xEF7B,0xEF9B,0xF39C,0xF39C,0xF39C,0xF39C,0xF39C,0xF39C,0xEF7B,0xFBDE,0xD6B5,0x9084,0x8000,0x8000,
  0x8000,0x8000,0x8000,0x8000,0x8000,0x8000,0x8000,0x8000,0x8000,0x8000,0x8000,0x8000,0x8000,0x8000,0x8000,0xD294,
  0xFBDE,0xF39C,0xF39C,0xF7BC,0xF79D,0xF7BD,0xF7BD,0xF7BD,0xF7BD,0xF39C,0xFBBE,0xF39C,0xAD6B,0x8000,0x8000,0x8000,
  0x8000,0x8000,0x8000,0x8000,0x8000,0x8000,0x8000,0x8000,0x8000,0x8000,0x8000,0x98C6,0xEB5A,0xFFFF,0xF7BD,0xF7BD,
  0xF7BD,0xF7BD,0xFFFF,0xB18C,0x8000,0x8000,0x8000,0x8000,0x8000,0x8000,0x8000,0x8000,0x8000,0x8000,0x8000,0xB9CE,
  0x0000,0x0000,0x0000,0x0000,0x0000,0x0000,0x0000,0x0000,0x0000,0x0000,0x0000,0x0000,0x0000,0x0000,0x0000,0x0000,
  0x0000,0x0000,0x0000,0x0000,0x0000,0x0000,0x0000,0x0000,0x0000,0x0000,0x0000,0x0000,0x0000,0x0000,0x0000,0x0000,
  0x0000,0x0000,0x0000,0x0000,0x0000,0x0000,0x0000,0x0000,0x0000,0x0000,0x0000,0x0000,0x0000,0x0000,0x0000,0x0000,
  0x0000,0x0000,0x0000,0x0000,0x0000,0x0000,0x0000,0x0000,0x0000,0x0000,0x0000,0x0000,0x0000,0x0000,0x0000,0x0000,
  0x0000,0x0000,0x0000,0x0000,0x0000,0x0000,0x0000,0x0000,0x0000,0x0000,0x0000,0x0000,0x0000,0x0000,0x0000,0x0000,
  0x0000,0x0000,0x0000,0x0000,0x0000,0x0000,0x0000,0x0000,0x0000,0x0000,0x0000,0x0000,0x0000,0x0000,0x0000,0x0000,
  0x0000,0x0000,0x0000,0x0000,0x0000,0x0000,0x0000,0x0000,0x0000,0x0000,0x0000,0x0000,0x0000,0x0000,0x0000,0x0000,
  0x0000,0x0000,0x0000,0x0000,0x0000,0x0000,0x0000,0x0000,0x0000,0x0000,0x0000,0x0000,0x0000,0x0000,0x0000,0x0000,
  0xF75B,0xA508,0x8C42,0x8C63,0x8C43,0x8C43,0x8C43,0x8C43,0x8C43,0x8C43,0x8C43,0x8C43,0x8C43,0x8C43,0x8C43,0x8C43,
  0x8C43,0x8C43,0x8C43,0x8C43,0x8C43,0x8C43,0x8C43,0x8C43,0x8C43,0x8C43,0x8C43,0x8C43,0x8C43,0x8C43,0x8C43,0x8C43,
  0x8C43,0x8C43,0x8C43,0x8C43,0x8C43,0x8C43,0x8C43,0x8C43,0x8C43,0x8C43,0x8C43,0x8C43,0x8C43,0x8C43,0x8C43,0x8C43,
  0x8C43,0x8C43,0x8C43,0x8C43,0x8C43,0x8C43,0x8C43,0x8C43,0x8C43,0x8C42,0x8C43,0x8842,0x8821,0x8842,0x8842,0x8842,
  0x8842,0x8842,0x8842,0x8842,0x8842,0x8842,0x8842,0x8C63,0x8842,0xB5AD,0xDEF7,0xD6B5,0xDAD6,0xDAD6,0xDAD6,0xDAD6,
  0xDAD6,0xDAD6,0xDAD6,0xDAD6,0xDAD6,0xDAD6,0xDAD6,0xDAD6,0xDAD6,0xDAD6,0xDAD6,0xDAD6,0xDAD6,0xDAD6,0xDAD6,0xDEF7,
  0xD6B5,0x8C63,0x8842,0x8842,0x8842,0x8842,0x8842,0x8842,0x8842,0x8842,0x8842,0x8842,0x8842,0x8842,0xC210,0xE318,
  0xDAD6,0xDEF7,0xDEF7,0xDEF7,0xDEF7,0xDEF7,0xDEF7,0xDEF7,0xDEF7,0xDEF7,0xDEF7,0xDEF7,0xDEF7,0xDEF7,0xDEF7,0xDEF7,
  0xE318,0xE318,0xCA52,0xA94A,0x8C63,0x8000,0x8000,0x8000,0x8000,0x8000,0x8000,0x8000,0x8000,0x8000,0x8000,0x8000,
  0x8000,0x8000,0x8000,0x8421,0x98C6,0xBDEF,0xDEF7,0xE739,0xE318,0xE318,0xE318,0xE318,0xE318,0xE318,0xE318,0xE318,
  0xE318,0xE318,0xE318,0xE318,0xE318,0xE318,0xE318,0xE318,0xE318,0xE318,0xE318,0xE318,0xE318,0xE318,0xE318,0xE318,
  0xE318,0xE318,0xE739,0xE739,0xCE73,0xA529,0x8842,0x8000,0x8000,0x8000,0x8000,0x8000,0x8000,0x8000,0x8000,0x8000,
  0x8000,0x8000,0x8000,0x8000,0x8842,0xA529,0xCA52,0xE739,0xEF7B,0xE739,0xE739,0xE739,0xE739,0xE739,0xE739,0xE739,
  0xE739,0xE739,0xE739,0xE739,0xE739,0xE739,0xE739,0xE739,0xE739,0xE739,0xE739,0xE75A,0xEB5A,0xEB5A,0xEB5A,0xEB5A,
  0xE739,0xEB5A,0xEF7B,0xDEF7,0xB9CE,0x94A5,0x8000,0x8000,0x8000,0x8000,0x8000,0x8000,0x8000,0x8000,0x8000,0x8000,
  0x8000,0x8000,0x8000,0x8000,0x8000,0x8842,0xA529,0xCE73,0xEF7B,0xF39C,0xEB5A,0xEB5A,0xEB5A,0xEB5A,0xEB5A,0xEF7B,
  0xEF7B,0xEF7B,0xEF7B,0xEF7B,0xEF7B,0xEF7B,0xEF7B,0xEF7B,0xEF7B,0xEF7B,0xEF7B,0xEF7B,0xEF7B,0xEF7B,0xEF7B,0xEF7B,
  0xEF7B,0xEF7B,0xEF7B,0xEF7B,0xEF7B,0xEF7B,0xF39C,0xF7BD,0xD294,0xA108,0x8000,0x8000,0x8000,0x8000,0x8000,0x8000,
  0x8000,0x8000,0x8000,0x8000,0x8000,0x8000,0x8000,0x8000,0x8000,0xA108,0xF7BD,0xEF7B,0xF39C,0xF39C,0xF39C,0xF39C,
  0xF39C,0xF39C,0xF39C,0xF39C,0xF39C,0xF39C,0xF39C,0xF39C,0xF39C,0xF39C,0xF39C,0xF39C,0xFBDE,0xEF7B,0xC210,0x94A5,
  0x8000,0x8000,0x8000,0x8000,0x8000,0x8000,0x8000,0x8000,0x8000,0x8000,0x8000,0x8000,0x8000,0x8000,0x8000,0xD294,
  0xFBDE,0xF39C,0xF7BD,0xF7BD,0xF7BD,0xF7BD,0xF7BD,0xF7BD,0xF7BD,0xF7BD,0xF7BD,0xF7BD,0xFFFF,0xD294,0x98C6,0x8000,
  0x8000,0x8000,0x8000,0x8000,0x8000,0x8000,0x8000,0x8000,0x8000,0x9084,0xC631,0xFBDE,0xFBDE,0xF7BD,0xFBDE,0xFBDE,
  0xFBDE,0xF7BD,0xFFFF,0xCE73,0x8842,0x8C63,0x8842,0x8842,0x8842,0x8842,0x8842,0x8842,0x8842,0x8C63,0x8842,0xB18C,
  0x0000,0x0000,0x0000,0x0000,0x0000,0x0000,0x0000,0x0000,0x0000,0x0000,0x0000,0x0000,0x0000,0x0000,0x0000,0x0000,
  0x0000,0x0000,0x0000,0x0000,0x0000,0x0000,0x0000,0x0000,0x0000,0x0000,0x0000,0x0000,0x0000,0x0000,0x0000,0x0000,
  0x0000,0x0000,0x0000,0x0000,0x0000,0x0000,0x0000,0x0000,0x0000,0x0000,0x0000,0x0000,0x0000,0x0000,0x0000,0x0000,
  0x0000,0x0000,0x0000,0x0000,0x0000,0x0000,0x0000,0x0000,0x0000,0x0000,0x0000,0x0000,0x0000,0x0000,0x0000,0x0000,
  0x0000,0x0000,0x0000,0x0000,0x0000,0x0000,0x0000,0x0000,0x0000,0x0000,0x0000,0x0000,0x0000,0x0000,0x0000,0x0000,
  0x0000,0x0000,0x0000,0x0000,0x0000,0x0000,0x0000,0x0000,0x0000,0x0000,0x0000,0x0000,0x0000,0x0000,0x0000,0x0000,
  0x0000,0x0000,0x0000,0x0000,0x0000,0x0000,0x0000,0x0000,0x0000,0x0000,0x0000,0x0000,0x0000,0x0000,0x0000,0x0000,
  0x0000,0x0000,0x0000,0x0000,0x0000,0x0000,0x0000,0x0000,0x0000,0x0000,0x0000,0x0000,0x0000,0x0000,0x0000,0x0000,
  0xF77C,0xF77B,0xF35B,0xF35B,0xF35B,0xF35B,0xF35B,0xF35B,0xF35B,0xF35B,0xF35B,0xF35B,0xF35B,0xF35B,0xF35B,0xF35B,
  0xF35B,0xF35B,0xF35B,0xF35B,0xF35B,0xF35B,0xF35B,0xF35B,0xF35B,0xF35B,0xF35B,0xF35B,0xF35B,0xF35B,0xF35B,0xF35B,
  0xF35B,0xF35B,0xF35B,0xF35B,0xF35B,0xF35B,0xF35B,0xF35B,0xF35B,0xF35B,0xF35B,0xF35B,0xF35B,0xF35B,0xF35B,0xF35B,
  0xF35B,0xF35B,0xF35B,0xF35B,0xF35B,0xF35B,0xF35B,0xF35B,0xF35B,0xF35B,0xF35B,0xF35B,0xF35A,0xF79C,0xFBDE,0xFBDE,
  0xFBDE,0xFBDE,0xFBDE,0xFBDE,0xFBDE,0xFBDE,0xFBDE,0xFBDE,0xFBDE,0xFFFF,0xFFFF,0xFFFF,0xFFFF,0xFFFF,0xFFFF,0xFFFF,
  0xFFFF,0xFFFF,0xFFFF,0xFFFF,0xFFFF,0xFFFF,0xFFFF,0xFFFF,0xFFFF,0xFFFF,0xFFFF,0xFFFF,0xFFFF,0xFFFF,0xFFFF,0xFFFF,
  0xFFFF,0xFBDE,0xFBDE,0xFBDE,0xFBDE,0xFBDE,0xFBDE,0xFBDE,0xFBDE,0xFBDE,0xFBDE,0xFBDE,0xFBDE,0xFBDE,0xFBDE,0xFFFF,
  0xFFFF,0xFFFF,0xFFFF,0xFFFF,0xFFFF,0xFFFF,0xFFFF,0xFFFF,0xFFFF,0xFFFF,0xFFFF,0xFFFF,0xFFFF,0xFFFF,0xFFFF,0xFFFF,
  0xFFFF,0xFFFF,0xFFFF,0xFFFF,0xFBDE,0xE318,0xCA52,0xB5AD,0xA529,0x98C6,0x9084,0x9084,0x9084,0x9084,0x94A5,0x9CE7,
  0xAD6B,0xBDEF,0xDAD6,0xF39C,0xFFFF,0xFFFF,0xFFFF,0xFFFF,0xFFFF,0xFFFF,0xFFFF,0xFFFF,0xFFFF,0xFFFF,0xFFFF,0xFFFF,
  0xFFFF,0xFFFF,0xFFFF,0xFFFF,0xFFFF,0xFFFF,0xFFFF,0xFFFF,0xFFFF,0xFFFF,0xFFFF,0xFFFF,0xFFFF,0xFFFF,0xFFFF,0xFFFF,
  0xFFFF,0xFFFF,0xFFFF,0xFFFF,0xFFFF,0xFFFF,0xF7BD,0xDEF7,0xC210,0xAD6B,0x9CE7,0x94A5,0x9084,0x8C63,0x9084,0x98C6,
  0xA108,0xB18C,0xC631,0xDEF7,0xF7BD,0xFFFF,0xFFFF,0xFFFF,0xFFFF,0xFFFF,0xFFFF,0xFFFF,0xFFFF,0xFFFF,0xFFFF,0xFFFF,
  0xFFFF,0xFFFF,0xFFFF,0xFFFF,0xFFFF,0xFFFF,0xFFFF,0xFFFF,0xFFFF,0xFFFF,0xFFFF,0xFFFF,0xFFFF,0xFFFF,0xFFFF,0xFFFF,
  0xFFFF,0xFFFF,0xFFFF,0xFFFF,0xFFFF,0xFFFF,0xEF7B,0xD6B5,0xBDEF,0xAD6B,0x9CE7,0x94A5,0x9084,0x9084,0x9084,0x94A5,
  0x98C6,0xA108,0xB18C,0xC631,0xDEF7,0xF7BD,0xFFFF,0xFFFF,0xFFFF,0xFFFF,0xFFFF,0xFFFF,0xFFFF,0xFFFF,0xFFFF,0xFFFF,
  0xFFFF,0xFFFF,0xFFFF,0xFFFF,0xFFFF,0xFFFF,0xFFFF,0xFFFF,0xFFFF,0xFFFF,0xFFFF,0xFFFF,0xFFFF,0xFFFF,0xFFFF,0xFFFF,
  0xFFFF,0xFFFF,0xFFFF,0xFFFF,0xFFFF,0xFFFF,0xFFFF,0xFFFF,0xFFFF,0xFFFF,0xEF7B,0xD294,0xB5AD,0xA108,0x98C6,0x9084,
  0x8C63,0x8C63,0x9084,0x94A5,0x9CE7,0xA529,0xB18C,0xBDEF,0xCE73,0xEB5A,0xFFFF,0xFFFF,0xFFFF,0xFFFF,0xFFFF,0xFFFF,
  0xFFFF,0xFFFF,0xFFFF,0xFFFF,0xFFFF,0xFFFF,0xFFFF,0xFFFF,0xFFFF,0xFFFF,0xFFFF,0xFFFF,0xFFFF,0xFFFF,0xFFFF,0xFFFF,
  0xE318,0xC631,0xAD6B,0x9CE7,0x94A5,0x9084,0x8C63,0x9084,0x9084,0x98C6,0x9CE7,0xA94A,0xB5AD,0xC631,0xD6B5,0xF7BD,
  0xFFFF,0xFFFF,0xFFFF,0xFFFF,0xFFFF,0xFFFF,0xFFFF,0xFFFF,0xFFFF,0xFFFF,0xFFFF,0xFFFF,0xFFFF,0xFFFF,0xFFFF,0xDEF7,
  0xBDEF,0xA108,0x94A5,0x9084,0x9084,0x98C6,0xA529,0xBDEF,0xDEF7,0xFFFF,0xFFFF,0xFFFF,0xFFFF,0xFFFF,0xFFFF,0xFFFF,
  0xFFFF,0xFFFF,0xFFFF,0xFFFF,0xFBDE,0xFBDE,0xFBDE,0xFBDE,0xFBDE,0xFBDE,0xFBDE,0xFBDE,0xFBDE,0xFBDE,0xFBDE,0xFBDE,
  0x0000,0x0000,0x0000,0x0000,0x0000,0x0000,0x0000,0x0000,0x0000,0x0000,0x0000,0x0000,0x0000,0x0000,0x0000,0x0000,
  0x0000,0x0000,0x0000,0x0000,0x0000,0x0000,0x0000,0x0000,0x0000,0x0000,0x0000,0x0000,0x0000,0x0000,0x0000,0x0000,
  0x0000,0x0000,0x0000,0x0000,0x0000,0x0000,0x0000,0x0000,0x0000,0x0000,0x0000,0x0000,0x0000,0x0000,0x0000,0x0000,
  0x0000,0x0000,0x0000,0x0000,0x0000,0x0000,0x0000,0x0000,0x0000,0x0000,0x0000,0x0000,0x0000,0x0000,0x0000,0x0000,
  0x0000,0x0000,0x0000,0x0000,0x0000,0x0000,0x0000,0x0000,0x0000,0x0000,0x0000,0x0000,0x0000,0x0000,0x0000,0x0000,
  0x0000,0x0000,0x0000,0x0000,0x0000,0x0000,0x0000,0x0000,0x0000,0x0000,0x0000,0x0000,0x0000,0x0000,0x0000,0x0000,
  0x0000,0x0000,0x0000,0x0000,0x0000,0x0000,0x0000,0x0000,0x0000,0x0000,0x0000,0x0000,0x0000,0x0000,0x0000,0x0000,
  0x0000,0x0000,0x0000,0x0000,0x0000,0x0000,0x0000,0x0000,0x0000,0x0000,0x0000,0x0000,0x0000,0x0000,0x0000,0x0000,
  0xFFFF,0xFFFF,0xFFFF,0xFFFF,0xFFFF,0xFFFF,0xFFFF,0xFFFF,0xFFFF,0xFFFF,0xFFFF,0xFFFF,0xFFFF,0xFFFF,0xFFFF,0xFFFF,
  0xFFFF,0xFFFF,0xFFFF,0xFFFF,0xFFFF,0xFFFF,0xFFFF,0xFFFF,0xFFFF,0xFFFF,0xFFFF,0xFFFF,0xFFFF,0xFFFF,0xFFFF,0xFFFF,
  0xFFFF,0xFFFF,0xFFFF,0xFFFF,0xFFFF,0xFFFF,0xFFFF,0xFFFF,0xFFFF,0xFFFF,0xFFFF,0xFFFF,0xFFFF,0xFFFF,0xFFFF,0xFFFF,
  0xFFFF,0xFFFF,0xFFFF,0xFFFF,0xFFFF,0xFFFF,0xFFFF,0xFFFF,0xFFFF,0xFFFF,0xFFFF,0xFFFF,0xFFFF,0xFFFF,0xFFFF,0xFFFF,
  0xFFFF,0xFFFF,0xFFFF,0xFFFF,0xFFFF,0xFFFF,0xFFFF,0xFFFF,0xFFFF,0xFFFF,0xFFFF,0xFFFF,0xFFFF,0xFFFF,0xFFFF,0xFFFF,
  0xFFFF,0xFFFF,0xFFFF,0xFFFF,0xFFFF,0xFFFF,0xFFFF,0xFFFF,0xFFFF,0xFFFF,0xFFFF,0xFFFF,0xFFFF,0xFFFF,0xFFFF,0xFFFF,
  0xFFFF,0xFFFF,0xFFFF,0xFFFF,0xFFFF,0xFFFF,0xFFFF,0xFFFF,0xFFFF,0xFFFF,0xFFFF,0xFFFF,0xFFFF,0xFFFF,0xFFFF,0xFFFF,
  0xFFFF,0xFFFF,0xFFFF,0xFFFF,0xFFFF,0xFFFF,0xFFFF,0xFFFF,0xFFFF,0xFFFF,0xFFFF,0xFFFF,0xFFFF,0xFFFF,0xFFFF,0xFFFF,
  0xFFFF,0xFFFF,0xFFFF,0xFFFF,0xFFFF,0xFFFF,0xFFFF,0xFFFF,0xFFFF,0xFFFF,0xFFFF,0xFBDE,0xFBDE,0xFFFF,0xFFFF,0xFFFF,
  0xFFFF,0xFFFF,0xFFFF,0xFFFF,0xFFFF,0xFFFF,0xFFFF,0xFFFF,0xFFFF,0xFFFF,0xFFFF,0xFFFF,0xFFFF,0xFFFF,0xFFFF,0xFFFF,
  0xFFFF,0xFFFF,0xFFFF,0xFFFF,0xFFFF,0xFFFF,0xFFFF,0xFFFF,0xFFFF,0xFFFF,0xFFFF,0xFFFF,0xFFFF,0xFFFF,0xFFFF,0xFFFF,
  0xFFFF,0xFFFF,0xFFFF,0xFFFF,0xFFFF,0xFFFF,0xFFFF,0xFFFF,0xFFFF,0xFFFF,0xFFFF,0xFFFF,0xFBDE,0xFBDE,0xFFFF,0xFFFF,
  0xFFFF,0xFFFF,0xFFFF,0xFFFF,0xFFFF,0xFFFF,0xFFFF,0xFFFF,0xFFFF,0xFFFF,0xFFFF,0xFFFF,0xFFFF,0xFFFF,0xFFFF,0xFFFF,
  0xFFFF,0xFFFF,0xFFFF,0xFFFF,0xFFFF,0xFFFF,0xFFFF,0xFFFF,0xFFFF,0xFFFF,0xFFFF,0xFFFF,0xFFFF,0xFFFF,0xFFFF,0xFFFF,
  0xFFFF,0xFFFF,0xFFFF,0xFFFF,0xFFFF,0xFFFF,0xFFFF,0xFFFF,0xFFFF,0xFFFF,0xFFFF,0xFFFF,0xFFFF,0xFBDE,0xFBDE,0xFFFF,
  0xFFFF,0xFFFF,0xFFFF,0xFFFF,0xFFFF,0xFFFF,0xFFFF,0xFFFF,0xFFFF,0xFFFF,0xFFFF,0xFFFF,0xFFFF,0xFFFF,0xFFFF,0xFFFF,
  0xFFFF,0xFFFF,0xFFFF,0xFFFF,0xFFFF,0xFFFF,0xFFFF,0xFFFF,0xFFFF,0xFFFF,0xFFFF,0xFFFF,0xFFFF,0xFFFF,0xFFFF,0xFFFF,
  0xFFFF,0xFFFF,0xFFFF,0xFFFF,0xFFFF,0xFFFF,0xFFFF,0xFFFF,0xFFFF,0xFFFF,0xFFFF,0xFFFF,0xFFFF,0xFFFF,0xFFFF,0xFFFF,
  0xFBDE,0xFBDE,0xFFFF,0xFFFF,0xFFFF,0xFFFF,0xFFFF,0xFFFF,0xFFFF,0xFFFF,0xFFFF,0xFFFF,0xFFFF,0xFFFF,0xFFFF,0xFFFF,
  0xFFFF,0xFFFF,0xFFFF,0xFFFF,0xFFFF,0xFFFF,0xFFFF,0xFFFF,0xFFFF,0xFFFF,0xFFFF,0xFFFF,0xFFFF,0xFFFF,0xFFFF,0xFFFF,
  0xFFFF,0xFFFF,0xFFFF,0xFFFF,0xFFFF,0xFBDE,0xFBDE,0xFBDE,0xFFFF,0xFFFF,0xFFFF,0xFFFF,0xFFFF,0xFFFF,0xFFFF,0xFFFF,
  0xFFFF,0xFFFF,0xFFFF,0xFFFF,0xFFFF,0xFFFF,0xFFFF,0xFFFF,0xFFFF,0xFFFF,0xFFFF,0xFFFF,0xFFFF,0xFFFF,0xFFFF,0xFFFF,
  0xFFFF,0xFFFF,0xFFFF,0xFBDE,0xFBDE,0xFFFF,0xFFFF,0xFFFF,0xFFFF,0xFFFF,0xFFFF,0xFFFF,0xFFFF,0xFFFF,0xFFFF,0xFFFF,
  0xFFFF,0xFFFF,0xFFFF,0xFFFF,0xFFFF,0xFFFF,0xFFFF,0xFFFF,0xFFFF,0xFFFF,0xFFFF,0xFFFF,0xFFFF,0xFFFF,0xFFFF,0xFFFF,
  0x0000,0x0000,0x0000,0x0000,0x0000,0x0000,0x0000,0x0000,0x0000,0x0000,0x0000,0x0000,0x0000,0x0000,0x0000,0x0000,
  0x0000,0x0000,0x0000,0x0000,0x0000,0x0000,0x0000,0x0000,0x0000,0x0000,0x0000,0x0000,0x0000,0x0000,0x0000,0x0000,
  0x0000,0x0000,0x0000,0x0000,0x0000,0x0000,0x0000,0x0000,0x0000,0x0000,0x0000,0x0000,0x0000,0x0000,0x0000,0x0000,
  0x0000,0x0000,0x0000,0x0000,0x0000,0x0000,0x0000,0x0000,0x0000,0x0000,0x0000,0x0000,0x0000,0x0000,0x0000,0x0000,
  0x0000,0x0000,0x0000,0x0000,0x0000,0x0000,0x0000,0x0000,0x0000,0x0000,0x0000,0x0000,0x0000,0x0000,0x0000,0x0000,
  0x0000,0x0000,0x0000,0x0000,0x0000,0x0000,0x0000,0x0000,0x0000,0x0000,0x0000,0x0000,0x0000,0x0000,0x0000,0x0000,
  0x0000,0x0000,0x0000,0x0000,0x0000,0x0000,0x0000,0x0000,0x0000,0x0000,0x0000,0x0000,0x0000,0x0000,0x0000,0x0000,
  0x0000,0x0000,0x0000,0x0000,0x0000,0x0000,0x0000,0x0000,0x0000,0x0000,0x0000,0x0000,0x0000,0x0000,0x0000,0x0000,
  0x0000,0x0000,0x0000,0x0000,0x0000,0x0000,0x0000,0x0000,0x0000,0x0000,0x0000,0x0000,0x0000,0x0000,0x0000,0x0000,
  0x0000,0x0000,0x0000,0x0000,0x0000,0x0000,0x0000,0x0000,0x0000,0x0000,0x0000,0x0000,0x0000,0x0000,0x0000,0x0000,
  0x0000,0x0000,0x0000,0x0000,0x0000,0x0000,0x0000,0x0000,0x0000,0x0000,0x0000,0x0000,0x0000,0x0000,0x0000,0x0000,
  0x0000,0x0000,0x0000,0x0000,0x0000,0x0000,0x0000,0x0000,0x0000,0x0000,0x0000,0x0000,0x0000,0x0000,0x0000,0x0000,
  0x0000,0x0000,0x0000,0x0000,0x0000,0x0000,0x0000,0x0000,0x0000,0x0000,0x0000,0x0000,0x0000,0x0000,0x0000,0x0000,
  0x0000,0x0000,0x0000,0x0000,0x0000,0x0000,0x0000,0x0000,0x0000,0x0000,0x0000,0x0000,0x0000,0x0000,0x0000,0x0000,
  0x0000,0x0000,0x0000,0x0000,0x0000,0x0000,0x0000,0x0000,0x0000,0x0000,0x0000,0x0000,0x0000,0x0000,0x0000,0x0000,
  0x0000,0x0000,0x0000,0x0000,0x0000,0x0000,0x0000,0x0000,0x0000,0x0000,0x0000,0x0000,0x0000,0x0000,0x0000,0x0000,
  0x0000,0x0000,0x0000,0x0000,0x0000,0x0000,0x0000,0x0000,0x0000,0x0000,0x0000,0x0000,0x0000,0x0000,0x0000,0x0000,
  0x0000,0x0000,0x0000,0x0000,0x0000,0x0000,0x0000,0x0000,0x0000,0x0000,0x0000,0x0000,0x0000,0x0000,0x0000,0x0000,
  0x0000,0x0000,0x0000,0x0000,0x0000,0x0000,0x0000,0x0000,0x0000,0x0000,0x0000,0x0000,0x0000,0x0000,0x0000,0x0000,
  0x0000,0x0000,0x0000,0x0000,0x0000,0x0000,0x0000,0x0000,0x0000,0x0000,0x0000,0x0000,0x0000,0x0000,0x0000,0x0000,
  0x0000,0x0000,0x0000,0x0000,0x0000,0x0000,0x0000,0x0000,0x0000,0x0000,0x0000,0x0000,0x0000,0x0000,0x0000,0x0000,
  0x0000,0x0000,0x0000,0x0000,0x0000,0x0000,0x0000,0x0000,0x0000,0x0000,0x0000,0x0000,0x0000,0x0000,0x0000,0x0000,
  0x0000,0x0000,0x0000,0x0000,0x0000,0x0000,0x0000,0x0000,0x0000,0x0000,0x0000,0x0000,0x0000,0x0000,0x0000,0x0000,
  0x0000,0x0000,0x0000,0x0000,0x0000,0x0000,0x0000,0x0000,0x0000,0x0000,0x0000,0x0000,0x0000,0x0000,0x0000,0x0000,
  0x0000,0x0000,0x0000,0x0000,0x0000,0x0000,0x0000,0x0000,0x0000,0x0000,0x0000,0x0000,0x0000,0x0000,0x0000,0x0000,
  0x0000,0x0000,0x0000,0x0000,0x0000,0x0000,0x0000,0x0000,0x0000,0x0000,0x0000,0x0000,0x0000,0x0000,0x0000,0x0000,
  0x0000,0x0000,0x0000,0x0000,0x0000,0x0000,0x0000,0x0000,0x0000,0x0000,0x0000,0x0000,0x0000,0x0000,0x0000,0x0000,
  0x0000,0x0000,0x0000,0x0000,0x0000,0x0000,0x0000,0x0000,0x0000,0x0000,0x0000,0x0000,0x0000,0x0000,0x0000,0x0000,
  0x0000,0x0000,0x0000,0x0000,0x0000,0x0000,0x0000,0x0000,0x0000,0x0000,0x0000,0x0000,0x0000,0x0000,0x0000,0x0000,
  0x0000,0x0000,0x0000,0x0000,0x0000,0x0000,0x0000,0x0000,0x0000,0x0000,0x0000,0x0000,0x0000,0x0000,0x0000,0x0000,
  0x0000,0x0000,0x0000,0x0000,0x0000,0x0000,0x0000,0x0000,0x0000,0x0000,0x0000,0x0000,0x0000,0x0000,0x0000,0x0000,
  0x0000,0x0000,0x0000,0x0000,0x0000,0x0000,0x0000,0x0000,0x0000,0x0000,0x0000,0x0000,0x0000,0x0000,0x0000,0x0000,
  0x0000,0x0000,0x0000,0x0000,0x0000,0x0000,0x0000,0x0000,0x0000,0x0000,0x0000,0x0000,0x0000,0x0000,0x0000,0x0000,
  0x0000,0x0000,0x0000,0x0000,0x0000,0x0000,0x0000,0x0000,0x0000,0x0000,0x0000,0x0000,0x0000,0x0000,0x0000,0x0000,
  0x0000,0x0000,0x0000,0x0000,0x0000,0x0000,0x0000,0x0000,0x0000,0x0000,0x0000,0x0000,0x0000,0x0000,0x0000,0x0000,
  0x0000,0x0000,0x0000,0x0000,0x0000,0x0000,0x0000,0x0000,0x0000,0x0000,0x0000,0x0000,0x0000,0x0000,0x0000,0x0000,
  0x0000,0x0000,0x0000,0x0000,0x0000,0x0000,0x0000,0x0000,0x0000,0x0000,0x0000,0x0000,0x0000,0x0000,0x0000,0x0000,
  0x0000,0x0000,0x0000,0x0000,0x0000,0x0000,0x0000,0x0000,0x0000,0x0000,0x0000,0x0000,0x0000,0x0000,0x0000,0x0000,
  0x0000,0x0000,0x0000,0x0000,0x0000,0x0000,0x0000,0x0000,0x0000,0x0000,0x0000,0x0000,0x0000,0x0000,0x0000,0x0000,
  0x0000,0x0000,0x0000,0x0000,0x0000,0x0000,0x0000,0x0000,0x0000,0x0000,0x0000,0x0000,0x0000,0x0000,0x0000,0x0000,
  0x0000,0x0000,0x0000,0x0000,0x0000,0x0000,0x0000,0x0000,0x0000,0x0000,0x0000,0x0000,0x0000,0x0000,0x0000,0x0000,
  0x0000,0x0000,0x0000,0x0000,0x0000,0x0000,0x0000,0x0000,0x0000,0x0000,0x0000,0x0000,0x0000,0x0000,0x0000,0x0000,
  0x0000,0x0000,0x0000,0x0000,0x0000,0x0000,0x0000,0x0000,0x0000,0x0000,0x0000,0x0000,0x0000,0x0000,0x0000,0x0000,
  0x0000,0x0000,0x0000,0x0000,0x0000,0x0000,0x0000,0x0000,0x0000,0x0000,0x0000,0x0000,0x0000,0x0000,0x0000,0x0000,
  0x0000,0x0000,0x0000,0x0000,0x0000,0x0000,0x0000,0x0000,0x0000,0x0000,0x0000,0x0000,0x0000,0x0000,0x0000,0x0000,
  0x0000,0x0000,0x0000,0x0000,0x0000,0x0000,0x0000,0x0000,0x0000,0x0000,0x0000,0x0000,0x0000,0x0000,0x0000,0x0000,
  0x0000,0x0000,0x0000,0x0000,0x0000,0x0000,0x0000,0x0000,0x0000,0x0000,0x0000,0x0000,0x0000,0x0000,0x0000,0x0000,
  0x0000,0x0000,0x0000,0x0000,0x0000,0x0000,0x0000,0x0000,0x0000,0x0000,0x0000,0x0000,0x0000,0x0000,0x0000,0x0000,
  0x0000,0x0000,0x0000,0x0000,0x0000,0x0000,0x0000,0x0000,0x0000,0x0000,0x0000,0x0000,0x0000,0x0000,0x0000,0x0000,
  0x0000,0x0000,0x0000,0x0000,0x0000,0x0000,0x0000,0x0000,0x0000,0x0000,0x0000,0x0000,0x0000,0x0000,0x0000,0x0000,
  0x0000,0x0000,0x0000,0x0000,0x0000,0x0000,0x0000,0x0000,0x0000,0x0000,0x0000,0x0000,0x0000,0x0000,0x0000,0x0000,
  0x0000,0x0000,0x0000,0x0000,0x0000,0x0000,0x0000,0x0000,0x0000,0x0000,0x0000,0x0000,0x0000,0x0000,0x0000,0x0000,
  0x0000,0x0000,0x0000,0x0000,0x0000,0x0000,0x0000,0x0000,0x0000,0x0000,0x0000,0x0000,0x0000,0x0000,0x0000,0x0000,
  0x0000,0x0000,0x0000,0x0000,0x0000,0x0000,0x0000,0x0000,0x0000,0x0000,0x0000,0x0000,0x0000,0x0000,0x0000,0x0000,
  0x0000,0x0000,0x0000,0x0000,0x0000,0x0000,0x0000,0x0000,0x0000,0x0000,0x0000,0x0000,0x0000,0x0000,0x0000,0x0000,
  0x0000,0x0000,0x0000,0x0000,0x0000,0x0000,0x0000,0x0000,0x0000,0x0000,0x0000,0x0000,0x0000,0x0000,0x0000,0x0000,
  0x0000,0x0000,0x0000,0x0000,0x0000,0x0000,0x0000,0x0000,0x0000,0x0000,0x0000,0x0000,0x0000,0x0000,0x0000,0x0000,
  0x0000,0x0000,0x0000,0x0000,0x0000,0x0000,0x0000,0x0000,0x0000,0x0000,0x0000,0x0000,0x0000,0x0000,0x0000,0x0000,
  0x0000,0x0000,0x0000,0x0000,0x0000,0x0000,0x0000,0x0000,0x0000,0x0000,0x0000,0x0000,0x0000,0x0000,0x0000,0x0000,
  0x0000,0x0000,0x0000,0x0000,0x0000,0x0000,0x0000,0x0000,0x0000,0x0000,0x0000,0x0000,0x0000,0x0000,0x0000,0x0000,
  0x0000,0x0000,0x0000,0x0000,0x0000,0x0000,0x0000,0x0000,0x0000,0x0000,0x0000,0x0000,0x0000,0x0000,0x0000,0x0000,
  0x0000,0x0000,0x0000,0x0000,0x0000,0x0000,0x0000,0x0000,0x0000,0x0000,0x0000,0x0000,0x0000,0x0000,0x0000,0x0000,
  0x0000,0x0000,0x0000,0x0000,0x0000,0x0000,0x0000,0x0000,0x0000,0x0000,0x0000,0x0000,0x0000,0x0000,0x0000,0x0000,
  0x0000,0x0000,0x0000,0x0000,0x0000,0x0000,0x0000,0x0000,0x0000,0x0000,0x0000,0x0000,0x0000,0x0000,0x0000,0x0000,
  0x0000,0x0000,0x0000,0x0000,0x0000,0x0000,0x0000,0x0000,0x0000,0x0000,0x0000,0x0000,0x0000,0x0000,0x0000,0x0000,
  0x0000,0x0000,0x0000,0x0000,0x0000,0x0000,0x0000,0x0000,0x0000,0x0000,0x0000,0x0000,0x0000,0x0000,0x0000,0x0000,
  0x0000,0x0000,0x0000,0x0000,0x0000,0x0000,0x0000,0x0000,0x0000,0x0000,0x0000,0x0000,0x0000,0x0000,0x0000,0x0000,
  0x0000,0x0000,0x0000,0x0000,0x0000,0x0000,0x0000,0x0000,0x0000,0x0000,0x0000,0x0000,0x0000,0x0000,0x0000,0x0000,
  0x0000,0x0000,0x0000,0x0000,0x0000,0x0000,0x0000,0x0000,0x0000,0x0000,0x0000,0x0000,0x0000,0x0000,0x0000,0x0000,
  0x0000,0x0000,0x0000,0x0000,0x0000,0x0000,0x0000,0x0000,0x0000,0x0000,0x0000,0x0000,0x0000,0x0000,0x0000,0x0000,
  0x0000,0x0000,0x0000,0x0000,0x0000,0x0000,0x0000,0x0000,0x0000,0x0000,0x0000,0x0000,0x0000,0x0000,0x0000,0x0000,
  0x0000,0x0000,0x0000,0x0000,0x0000,0x0000,0x0000,0x0000,0x0000,0x0000,0x0000,0x0000,0x0000,0x0000,0x0000,0x0000,
  0x0000,0x0000,0x0000,0x0000,0x0000,0x0000,0x0000,0x0000,0x0000,0x0000,0x0000,0x0000,0x0000,0x0000,0x0000,0x0000,
  0x0000,0x0000,0x0000,0x0000,0x0000,0x0000,0x0000,0x0000,0x0000,0x0000,0x0000,0x0000,0x0000,0x0000,0x0000,0x0000,
  0x0000,0x0000,0x0000,0x0000,0x0000,0x0000,0x0000,0x0000,0x0000,0x0000,0x0000,0x0000,0x0000,0x0000,0x0000,0x0000,
  0x0000,0x0000,0x0000,0x0000,0x0000,0x0000,0x0000,0x0000,0x0000,0x0000,0x0000,0x0000,0x0000,0x0000,0x0000,0x0000,
  0x0000,0x0000,0x0000,0x0000,0x0000,0x0000,0x0000,0x0000,0x0000,0x0000,0x0000,0x0000,0x0000,0x0000,0x0000,0x0000,
  0x0000,0x0000,0x0000,0x0000,0x0000,0x0000,0x0000,0x0000,0x0000,0x0000,0x0000,0x0000,0x0000,0x0000,0x0000,0x0000,
  0x0000,0x0000,0x0000,0x0000,0x0000,0x0000,0x0000,0x0000,0x0000,0x0000,0x0000,0x0000,0x0000,0x0000,0x0000,0x0000,
  0x0000,0x0000,0x0000,0x0000,0x0000,0x0000,0x0000,0x0000,0x0000,0x0000,0x0000,0x0000,0x0000,0x0000,0x0000,0x0000,
  0x0000,0x0000,0x0000,0x0000,0x0000,0x0000,0x0000,0x0000,0x0000,0x0000,0x0000,0x0000,0x0000,0x0000,0x0000,0x0000,
  0x0000,0x0000,0x0000,0x0000,0x0000,0x0000,0x0000,0x0000,0x0000,0x0000,0x0000,0x0000,0x0000,0x0000,0x0000,0x0000,
  0x0000,0x0000,0x0000,0x0000,0x0000,0x0000,0x0000,0x0000,0x0000,0x0000,0x0000,0x0000,0x0000,0x0000,0x0000,0x0000,
  0x0000,0x0000,0x0000,0x0000,0x0000,0x0000,0x0000,0x0000,0x0000,0x0000,0x0000,0x0000,0x0000,0x0000,0x0000,0x0000,
  0x0000,0x0000,0x0000,0x0000,0x0000,0x0000,0x0000,0x0000,0x0000,0x0000,0x0000,0x0000,0x0000,0x0000,0x0000,0x0000,
  0x0000,0x0000,0x0000,0x0000,0x0000,0x0000,0x0000,0x0000,0x0000,0x0000,0x0000,0x0000,0x0000,0x0000,0x0000,0x0000,
  0x0000,0x0000,0x0000,0x0000,0x0000,0x0000,0x0000,0x0000,0x0000,0x0000,0x0000,0x0000,0x0000,0x0000,0x0000,0x0000,
  0x0000,0x0000,0x0000,0x0000,0x0000,0x0000,0x0000,0x0000,0x0000,0x0000,0x0000,0x0000,0x0000,0x0000,0x0000,0x0000,
  0x0000,0x0000,0x0000,0x0000,0x0000,0x0000,0x0000,0x0000,0x0000,0x0000,0x0000,0x0000,0x0000,0x0000,0x0000,0x0000,
  0x0000,0x0000,0x0000,0x0000,0x0000,0x0000,0x0000,0x0000,0x0000,0x0000,0x0000,0x0000,0x0000,0x0000,0x0000,0x0000,
  0x0000,0x0000,0x0000,0x0000,0x0000,0x0000,0x0000,0x0000,0x0000,0x0000,0x0000,0x0000,0x0000,0x0000,0x0000,0x0000,
  0x0000,0x0000,0x0000,0x0000,0x0000,0x0000,0x0000,0x0000,0x0000,0x0000,0x0000,0x0000,0x0000,0x0000,0x0000,0x0000,
  0x0000,0x0000,0x0000,0x0000,0x0000,0x0000,0x0000,0x0000,0x0000,0x0000,0x0000,0x0000,0x0000,0x0000,0x0000,0x0000,
  0x0000,0x0000,0x0000,0x0000,0x0000,0x0000,0x0000,0x0000,0x0000,0x0000,0x0000,0x0000,0x0000,0x0000,0x0000,0x0000,
  0x0000,0x0000,0x0000,0x0000,0x0000,0x0000,0x0000,0x0000,0x0000,0x0000,0x0000,0x0000,0x0000,0x0000,0x0000,0x0000,
  0x0000,0x0000,0x0000,0x0000,0x0000,0x0000,0x0000,0x0000,0x0000,0x0000,0x0000,0x0000,0x0000,0x0000,0x0000,0x0000,
  0x0000,0x0000,0x0000,0x0000,0x0000,0x0000,0x0000,0x0000,0x0000,0x0000,0x0000,0x0000,0x0000,0x0000,0x0000,0x0000,
  0x0000,0x0000,0x0000,0x0000,0x0000,0x0000,0x0000,0x0000,0x0000,0x0000,0x0000,0x0000,0x0000,0x0000,0x0000,0x0000,
  0x0000,0x0000,0x0000,0x0000,0x0000,0x0000,0x0000,0x0000,0x0000,0x0000,0x0000,0x0000,0x0000,0x0000,0x0000,0x0000,
  0x0000,0x0000,0x0000,0x0000,0x0000,0x0000,0x0000,0x0000,0x0000,0x0000,0x0000,0x0000,0x0000,0x0000,0x0000,0x0000,
  0x0000,0x0000,0x0000,0x0000,0x0000,0x0000,0x0000,0x0000,0x0000,0x0000,0x0000,0x0000,0x0000,0x0000,0x0000,0x0000,
  0x0000,0x0000,0x0000,0x0000,0x0000,0x0000,0x0000,0x0000,0x0000,0x0000,0x0000,0x0000,0x0000,0x0000,0x0000,0x0000,
  0x0000,0x0000,0x0000,0x0000,0x0000,0x0000,0x0000,0x0000,0x0000,0x0000,0x0000,0x0000,0x0000,0x0000,0x0000,0x0000,
  0x0000,0x0000,0x0000,0x0000,0x0000,0x0000,0x0000,0x0000,0x0000,0x0000,0x0000,0x0000,0x0000,0x0000,0x0000,0x0000,
  0x0000,0x0000,0x0000,0x0000,0x0000,0x0000,0x0000,0x0000,0x0000,0x0000,0x0000,0x0000,0x0000,0x0000,0x0000,0x0000,
  0x0000,0x0000,0x0000,0x0000,0x0000,0x0000,0x0000,0x0000,0x0000,0x0000,0x0000,0x0000,0x0000,0x0000,0x0000,0x0000,
  0x0000,0x0000,0x0000,0x0000,0x0000,0x0000,0x0000,0x0000,0x0000,0x0000,0x0000,0x0000,0x0000,0x0000,0x0000,0x0000,
  0x0000,0x0000,0x0000,0x0000,0x0000,0x0000,0x0000,0x0000,0x0000,0x0000,0x0000,0x0000,0x0000,0x0000,0x0000,0x0000,
  0x0000,0x0000,0x0000,0x0000,0x0000,0x0000,0x0000,0x0000,0x0000,0x0000,0x0000,0x0000,0x0000,0x0000,0x0000,0x0000,
  0x0000,0x0000,0x0000,0x0000,0x0000,0x0000,0x0000,0x0000,0x0000,0x0000,0x0000,0x0000,0x0000,0x0000,0x0000,0x0000,
  0x0000,0x0000,0x0000,0x0000,0x0000,0x0000,0x0000,0x0000,0x0000,0x0000,0x0000,0x0000,0x0000,0x0000,0x0000,0x0000,
  0x0000,0x0000,0x0000,0x0000,0x0000,0x0000,0x0000,0x0000,0x0000,0x0000,0x0000,0x0000,0x0000,0x0000,0x0000,0x0000,
  0x0000,0x0000,0x0000,0x0000,0x0000,0x0000,0x0000,0x0000,0x0000,0x0000,0x0000,0x0000,0x0000,0x0000,0x0000,0x0000,
  0x0000,0x0000,0x0000,0x0000,0x0000,0x0000,0x0000,0x0000,0x0000,0x0000,0x0000,0x0000,0x0000,0x0000,0x0000,0x0000,
  0x0000,0x0000,0x0000,0x0000,0x0000,0x0000,0x0000,0x0000,0x0000,0x0000,0x0000,0x0000,0x0000,0x0000,0x0000,0x0000,
  0x0000,0x0000,0x0000,0x0000,0x0000,0x0000,0x0000,0x0000,0x0000,0x0000,0x0000,0x0000,0x0000,0x0000,0x0000,0x0000,
  0x0000,0x0000,0x0000,0x0000,0x0000,0x0000,0x0000,0x0000,0x0000,0x0000,0x0000,0x0000,0x0000,0x0000,0x0000,0x0000,
  0x0000,0x0000,0x0000,0x0000,0x0000,0x0000,0x0000,0x0000,0x0000,0x0000,0x0000,0x0000,0x0000,0x0000,0x0000,0x0000,
  0x0000,0x0000,0x0000,0x0000,0x0000,0x0000,0x0000,0x0000,0x0000,0x0000,0x0000,0x0000,0x0000,0x0000,0x0000,0x0000,
  0x0000,0x0000,0x0000,0x0000,0x0000,0x0000,0x0000,0x0000,0x0000,0x0000,0x0000,0x0000,0x0000,0x0000,0x0000,0x0000,
  0x0000,0x0000,0x0000,0x0000,0x0000,0x0000,0x0000,0x0000,0x0000,0x0000,0x0000,0x0000,0x0000,0x0000,0x0000,0x0000,
  0x0000,0x0000,0x0000,0x0000,0x0000,0x0000,0x0000,0x0000,0x0000,0x0000,0x0000,0x0000,0x0000,0x0000,0x0000,0x0000,
  0x0000,0x0000,0x0000,0x0000,0x0000,0x0000,0x0000,0x0000,0x0000,0x0000,0x0000,0x0000,0x0000,0x0000,0x0000,0x0000,
  0x0000,0x0000,0x0000,0x0000,0x0000,0x0000,0x0000,0x0000,0x0000,0x0000,0x0000,0x0000,0x0000,0x0000,0x0000,0x0000,
  0x0000,0x0000,0x0000,0x0000,0x0000,0x0000,0x0000,0x0000,0x0000,0x0000,0x0000,0x0000,0x0000,0x0000,0x0000,0x0000,
  0x0000,0x0000,0x0000,0x0000,0x0000,0x0000,0x0000,0x0000,0x0000,0x0000,0x0000,0x0000,0x0000,0x0000,0x0000,0x0000,
  0x0000,0x0000,0x0000,0x0000,0x0000,0x0000,0x0000,0x0000,0x0000,0x0000,0x0000,0x0000,0x0000,0x0000,0x0000,0x0000,
  0x0000,0x0000,0x0000,0x0000,0x0000,0x0000,0x0000,0x0000,0x0000,0x0000,0x0000,0x0000,0x0000,0x0000,0x0000,0x0000,
  0x0000,0x0000,0x0000,0x0000,0x0000,0x0000,0x0000,0x0000,0x0000,0x0000,0x0000,0x0000,0x0000,0x0000,0x0000,0x0000,
  0x0000,0x0000,0x0000,0x0000,0x0000,0x0000,0x0000,0x0000,0x0000,0x0000,0x0000,0x0000,0x0000,0x0000,0x0000,0x0000,
  0x0000,0x0000,0x0000,0x0000,0x0000,0x0000,0x0000,0x0000,0x0000,0x0000,0x0000,0x0000,0x0000,0x0000,0x0000,0x0000,
  0x0000,0x0000,0x0000,0x0000,0x0000,0x0000,0x0000,0x0000,0x0000,0x0000,0x0000,0x0000,0x0000,0x0000,0x0000,0x0000,
  0x0000,0x0000,0x0000,0x0000,0x0000,0x0000,0x0000,0x0000,0x0000,0x0000,0x0000,0x0000,0x0000,0x0000,0x0000,0x0000,
  0x0000,0x0000,0x0000,0x0000,0x0000,0x0000,0x0000,0x0000,0x0000,0x0000,0x0000,0x0000,0x0000,0x0000,0x0000,0x0000,
  0x0000,0x0000,0x0000,0x0000,0x0000,0x0000,0x0000,0x0000,0x0000,0x0000,0x0000,0x0000,0x0000,0x0000,0x0000,0x0000,
  0x0000,0x0000,0x0000,0x0000,0x0000,0x0000,0x0000,0x0000,0x0000,0x0000,0x0000,0x0000,0x0000,0x0000,0x0000,0x0000,
  0x0000,0x0000,0x0000,0x0000,0x0000,0x0000,0x0000,0x0000,0x0000,0x0000,0x0000,0x0000,0x0000,0x0000,0x0000,0x0000,
  0x0000,0x0000,0x0000,0x0000,0x0000,0x0000,0x0000,0x0000,0x0000,0x0000,0x0000,0x0000,0x0000,0x0000,0x0000,0x0000,
  0x0000,0x0000,0x0000,0x0000,0x0000,0x0000,0x0000,0x0000,0x0000,0x0000,0x0000,0x0000,0x0000,0x0000,0x0000,0x0000,
  0x0000,0x0000,0x0000,0x0000,0x0000,0x0000,0x0000,0x0000,0x0000,0x0000,0x0000,0x0000,0x0000,0x0000,0x0000,0x0000,
  0x0000,0x0000,0x0000,0x0000,0x0000,0x0000,0x0000,0x0000,0x0000,0x0000,0x0000,0x0000,0x0000,0x0000,0x0000,0x0000,
  0x0000,0x0000,0x0000,0x0000,0x0000,0x0000,0x0000,0x0000,0x0000,0x0000,0x0000,0x0000,0x0000,0x0000,0x0000,0x0000,
  0x0000,0x0000,0x0000,0x0000,0x0000,0x0000,0x0000,0x0000,0x0000,0x0000,0x0000,0x0000,0x0000,0x0000,0x0000,0x0000,
  0x0000,0x0000,0x0000,0x0000,0x0000,0x0000,0x0000,0x0000,0x0000,0x0000,0x0000,0x0000,0x0000,0x0000,0x0000,0x0000,
  0x0000,0x0000,0x0000,0x0000,0x0000,0x0000,0x0000,0x0000,0x0000,0x0000,0x0000,0x0000,0x0000,0x0000,0x0000,0x0000,
  0x0000,0x0000,0x0000,0x0000,0x0000,0x0000,0x0000,0x0000,0x0000,0x0000,0x0000,0x0000,0x0000,0x0000,0x0000,0x0000,
  0x0000,0x0000,0x0000,0x0000,0x0000,0x0000,0x0000,0x0000,0x0000,0x0000,0x0000,0x0000,0x0000,0x0000,0x0000,0x0000,
  0x0000,0x0000,0x0000,0x0000,0x0000,0x0000,0x0000,0x0000,0x0000,0x0000,0x0000,0x0000,0x0000,0x0000,0x0000,0x0000,
  0x0000,0x0000,0x0000,0x0000,0x0000,0x0000,0x0000,0x0000,0x0000,0x0000,0x0000,0x0000,0x0000,0x0000,0x0000,0x0000,
  0x0000,0x0000,0x0000,0x0000,0x0000,0x0000,0x0000,0x0000,0x0000,0x0000,0x0000,0x0000,0x0000,0x0000,0x0000,0x0000,
  0x0000,0x0000,0x0000,0x0000,0x0000,0x0000,0x0000,0x0000,0x0000,0x0000,0x0000,0x0000,0x0000,0x0000,0x0000,0x0000,
  0x0000,0x0000,0x0000,0x0000,0x0000,0x0000,0x0000,0x0000,0x0000,0x0000,0x0000,0x0000,0x0000,0x0000,0x0000,0x0000,
  0x0000,0x0000,0x0000,0x0000,0x0000,0x0000,0x0000,0x0000,0x0000,0x0000,0x0000,0x0000,0x0000,0x0000,0x0000,0x0000,
  0x0000,0x0000,0x0000,0x0000,0x0000,0x0000,0x0000,0x0000,0x0000,0x0000,0x0000,0x0000,0x0000,0x0000,0x0000,0x0000,
  0x0000,0x0000,0x0000,0x0000,0x0000,0x0000,0x0000,0x0000,0x0000,0x0000,0x0000,0x0000,0x0000,0x0000,0x0000,0x0000,
  0x0000,0x0000,0x0000,0x0000,0x0000,0x0000,0x0000,0x0000,0x0000,0x0000,0x0000,0x0000,0x0000,0x0000,0x0000,0x0000,
  0x0000,0x0000,0x0000,0x0000,0x0000,0x0000,0x0000,0x0000,0x0000,0x0000,0x0000,0x0000,0x0000,0x0000,0x0000,0x0000,
  0x0000,0x0000,0x0000,0x0000,0x0000,0x0000,0x0000,0x0000,0x0000,0x0000,0x0000,0x0000,0x0000,0x0000,0x0000,0x0000,
  0x0000,0x0000,0x0000,0x0000,0x0000,0x0000,0x0000,0x0000,0x0000,0x0000,0x0000,0x0000,0x0000,0x0000,0x0000,0x0000,
  0x0000,0x0000,0x0000,0x0000,0x0000,0x0000,0x0000,0x0000,0x0000,0x0000,0x0000,0x0000,0x0000,0x0000,0x0000,0x0000,
  0x0000,0x0000,0x0000,0x0000,0x0000,0x0000,0x0000,0x0000,0x0000,0x0000,0x0000,0x0000,0x0000,0x0000,0x0000,0x0000,
  0x0000,0x0000,0x0000,0x0000,0x0000,0x0000,0x0000,0x0000,0x0000,0x0000,0x0000,0x0000,0x0000,0x0000,0x0000,0x0000,
  0x0000,0x0000,0x0000,0x0000,0x0000,0x0000,0x0000,0x0000,0x0000,0x0000,0x0000,0x0000,0x0000,0x0000,0x0000,0x0000,
  0x0000,0x0000,0x0000,0x0000,0x0000,0x0000,0x0000,0x0000,0x0000,0x0000,0x0000,0x0000,0x0000,0x0000,0x0000,0x0000,
  0x0000,0x0000,0x0000,0x0000,0x0000,0x0000,0x0000,0x0000,0x0000,0x0000,0x0000,0x0000,0x0000,0x0000,0x0000,0x0000,
  0x0000,0x0000,0x0000,0x0000,0x0000,0x0000,0x0000,0x0000,0x0000,0x0000,0x0000,0x0000,0x0000,0x0000,0x0000,0x0000,
  0x0000,0x0000,0x0000,0x0000,0x0000,0x0000,0x0000,0x0000,0x0000,0x0000,0x0000,0x0000,0x0000,0x0000,0x0000,0x0000,
  0x0000,0x0000,0x0000,0x0000,0x0000,0x0000,0x0000,0x0000,0x0000,0x0000,0x0000,0x0000,0x0000,0x0000,0x0000,0x0000,
  0x0000,0x0000,0x0000,0x0000,0x0000,0x0000,0x0000,0x0000,0x0000,0x0000,0x0000,0x0000,0x0000,0x0000,0x0000,0x0000,
  0x0000,0x0000,0x0000,0x0000,0x0000,0x0000,0x0000,0x0000,0x0000,0x0000,0x0000,0x0000,0x0000,0x0000,0x0000,0x0000,
  0x0000,0x0000,0x0000,0x0000,0x0000,0x0000,0x0000,0x0000,0x0000,0x0000,0x0000,0x0000,0x0000,0x0000,0x0000,0x0000,
  0x0000,0x0000,0x0000,0x0000,0x0000,0x0000,0x0000,0x0000,0x0000,0x0000,0x0000,0x0000,0x0000,0x0000,0x0000,0x0000,
  0x0000,0x0000,0x0000,0x0000,0x0000,0x0000,0x0000,0x0000,0x0000,0x0000,0x0000,0x0000,0x0000,0x0000,0x0000,0x0000,
  0x0000,0x0000,0x0000,0x0000,0x0000,0x0000,0x0000,0x0000,0x0000,0x0000,0x0000,0x0000,0x0000,0x0000,0x0000,0x0000,
  0x0000,0x0000,0x0000,0x0000,0x0000,0x0000,0x0000,0x0000,0x0000,0x0000,0x0000,0x0000,0x0000,0x0000,0x0000,0x0000,
  0x0000,0x0000,0x0000,0x0000,0x0000,0x0000,0x0000,0x0000,0x0000,0x0000,0x0000,0x0000,0x0000,0x0000,0x0000,0x0000,
  0x0000,0x0000,0x0000,0x0000,0x0000,0x0000,0x0000,0x0000,0x0000,0x0000,0x0000,0x0000,0x0000,0x0000,0x0000,0x0000,
  0x0000,0x0000,0x0000,0x0000,0x0000,0x0000,0x0000,0x0000,0x0000,0x0000,0x0000,0x0000,0x0000,0x0000,0x0000,0x0000,
  0x0000,0x0000,0x0000,0x0000,0x0000,0x0000,0x0000,0x0000,0x0000,0x0000,0x0000,0x0000,0x0000,0x0000,0x0000,0x0000,
  0x0000,0x0000,0x0000,0x0000,0x0000,0x0000,0x0000,0x0000,0x0000,0x0000,0x0000,0x0000,0x0000,0x0000,0x0000,0x0000,
  0x0000,0x0000,0x0000,0x0000,0x0000,0x0000,0x0000,0x0000,0x0000,0x0000,0x0000,0x0000,0x0000,0x0000,0x0000,0x0000,
  0x0000,0x0000,0x0000,0x0000,0x0000,0x0000,0x0000,0x0000,0x0000,0x0000,0x0000,0x0000,0x0000,0x0000,0x0000,0x0000,
  0x0000,0x0000,0x0000,0x0000,0x0000,0x0000,0x0000,0x0000,0x0000,0x0000,0x0000,0x0000,0x0000,0x0000,0x0000,0x0000,
  0x0000,0x0000,0x0000,0x0000,0x0000,0x0000,0x0000,0x0000,0x0000,0x0000,0x0000,0x0000,0x0000,0x0000,0x0000,0x0000,
  0x0000,0x0000,0x0000,0x0000,0x0000,0x0000,0x0000,0x0000,0x0000,0x0000,0x0000,0x0000,0x0000,0x0000,0x0000,0x0000,
  0x0000,0x0000,0x0000,0x0000,0x0000,0x0000,0x0000,0x0000,0x0000,0x0000,0x0000,0x0000,0x0000,0x0000,0x0000,0x0000,
  0x0000,0x0000,0x0000,0x0000,0x0000,0x0000,0x0000,0x0000,0x0000,0x0000,0x0000,0x0000,0x0000,0x0000,0x0000,0x0000,
  0x0000,0x0000,0x0000,0x0000,0x0000,0x0000,0x0000,0x0000,0x0000,0x0000,0x0000,0x0000,0x0000,0x0000,0x0000,0x0000,
  0x0000,0x0000,0x0000,0x0000,0x0000,0x0000,0x0000,0x0000,0x0000,0x0000,0x0000,0x0000,0x0000,0x0000,0x0000,0x0000,
  0x0000,0x0000,0x0000,0x0000,0x0000,0x0000,0x0000,0x0000,0x0000,0x0000,0x0000,0x0000,0x0000,0x0000,0x0000,0x0000,
  0x0000,0x0000,0x0000,0x0000,0x0000,0x0000,0x0000,0x0000,0x0000,0x0000,0x0000,0x0000,0x0000,0x0000,0x0000,0x0000,
  0x0000,0x0000,0x0000,0x0000,0x0000,0x0000,0x0000,0x0000,0x0000,0x0000,0x0000,0x0000,0x0000,0x0000,0x0000,0x0000,
  0x0000,0x0000,0x0000,0x0000,0x0000,0x0000,0x0000,0x0000,0x0000,0x0000,0x0000,0x0000,0x0000,0x0000,0x0000,0x0000,
  0x0000,0x0000,0x0000,0x0000,0x0000,0x0000,0x0000,0x0000,0x0000,0x0000,0x0000,0x0000,0x0000,0x0000,0x0000,0x0000,
  0x0000,0x0000,0x0000,0x0000,0x0000,0x0000,0x0000,0x0000,0x0000,0x0000,0x0000,0x0000,0x0000,0x0000,0x0000,0x0000,
  0x0000,0x0000,0x0000,0x0000,0x0000,0x0000,0x0000,0x0000,0x0000,0x0000,0x0000,0x0000,0x0000,0x0000,0x0000,0x0000,
  0x0000,0x0000,0x0000,0x0000,0x0000,0x0000,0x0000,0x0000,0x0000,0x0000,0x0000,0x0000,0x0000,0x0000,0x0000,0x0000,
  0x0000,0x0000,0x0000,0x0000,0x0000,0x0000,0x0000,0x0000,0x0000,0x0000,0x0000,0x0000,0x0000,0x0000,0x0000,0x0000,
  0x0000,0x0000,0x0000,0x0000,0x0000,0x0000,0x0000,0x0000,0x0000,0x0000,0x0000,0x0000,0x0000,0x0000,0x0000,0x0000,
  0x0000,0x0000,0x0000,0x0000,0x0000,0x0000,0x0000,0x0000,0x0000,0x0000,0x0000,0x0000,0x0000,0x0000,0x0000,0x0000,
  0x0000,0x0000,0x0000,0x0000,0x0000,0x0000,0x0000,0x0000,0x0000,0x0000,0x0000,0x0000,0x0000,0x0000,0x0000,0x0000,
  0x0000,0x0000,0x0000,0x0000,0x0000,0x0000,0x0000,0x0000,0x0000,0x0000,0x0000,0x0000,0x0000,0x0000,0x0000,0x0000,
  0x0000,0x0000,0x0000,0x0000,0x0000,0x0000,0x0000,0x0000,0x0000,0x0000,0x0000,0x0000,0x0000,0x0000,0x0000,0x0000,
  0x0000,0x0000,0x0000,0x0000,0x0000,0x0000,0x0000,0x0000,0x0000,0x0000,0x0000,0x0000,0x0000,0x0000,0x0000,0x0000,
  0x0000,0x0000,0x0000,0x0000,0x0000,0x0000,0x0000,0x0000,0x0000,0x0000,0x0000,0x0000,0x0000,0x0000,0x0000,0x0000,
  0x0000,0x0000,0x0000,0x0000,0x0000,0x0000,0x0000,0x0000,0x0000,0x0000,0x0000,0x0000,0x0000,0x0000,0x0000,0x0000,
  0x0000,0x0000,0x0000,0x0000,0x0000,0x0000,0x0000,0x0000,0x0000,0x0000,0x0000,0x0000,0x0000,0x0000,0x0000,0x0000,
  0x0000,0x0000,0x0000,0x0000,0x0000,0x0000,0x0000,0x0000,0x0000,0x0000,0x0000,0x0000,0x0000,0x0000,0x0000,0x0000,
  0x0000,0x0000,0x0000,0x0000,0x0000,0x0000,0x0000,0x0000,0x0000,0x0000,0x0000,0x0000,0x0000,0x0000,0x0000,0x0000,
  0x0000,0x0000,0x0000,0x0000,0x0000,0x0000,0x0000,0x0000,0x0000,0x0000,0x0000,0x0000,0x0000,0x0000,0x0000,0x0000,
  0x0000,0x0000,0x0000,0x0000,0x0000,0x0000,0x0000,0x0000,0x0000,0x0000,0x0000,0x0000,0x0000,0x0000,0x0000,0x0000,
  0x0000,0x0000,0x0000,0x0000,0x0000,0x0000,0x0000,0x0000,0x0000,0x0000,0x0000,0x0000,0x0000,0x0000,0x0000,0x0000,
  0x0000,0x0000,0x0000,0x0000,0x0000,0x0000,0x0000,0x0000,0x0000,0x0000,0x0000,0x0000,0x0000,0x0000,0x0000,0x0000,
  0x0000,0x0000,0x0000,0x0000,0x0000,0x0000,0x0000,0x0000,0x0000,0x0000,0x0000,0x0000,0x0000,0x0000,0x0000,0x0000,
  0x0000,0x0000,0x0000,0x0000,0x0000,0x0000,0x0000,0x0000,0x0000,0x0000,0x0000,0x0000,0x0000,0x0000,0x0000,0x0000,
  0x0000,0x0000,0x0000,0x0000,0x0000,0x0000,0x0000,0x0000,0x0000,0x0000,0x0000,0x0000,0x0000,0x0000,0x0000,0x0000,
  0x0000,0x0000,0x0000,0x0000,0x0000,0x0000,0x0000,0x0000,0x0000,0x0000,0x0000,0x0000,0x0000,0x0000,0x0000,0x0000,
  0x0000,0x0000,0x0000,0x0000,0x0000,0x0000,0x0000,0x0000,0x0000,0x0000,0x0000,0x0000,0x0000,0x0000,0x0000,0x0000,
  0x0000,0x0000,0x0000,0x0000,0x0000,0x0000,0x0000,0x0000,0x0000,0x0000,0x0000,0x0000,0x0000,0x0000,0x0000,0x0000,
  0x0000,0x0000,0x0000,0x0000,0x0000,0x0000,0x0000,0x0000,0x0000,0x0000,0x0000,0x0000,0x0000,0x0000,0x0000,0x0000,
  0x0000,0x0000,0x0000,0x0000,0x0000,0x0000,0x0000,0x0000,0x0000,0x0000,0x0000,0x0000,0x0000,0x0000,0x0000,0x0000,
  0x0000,0x0000,0x0000,0x0000,0x0000,0x0000,0x0000,0x0000,0x0000,0x0000,0x0000,0x0000,0x0000,0x0000,0x0000,0x0000,
  0x0000,0x0000,0x0000,0x0000,0x0000,0x0000,0x0000,0x0000,0x0000,0x0000,0x0000,0x0000,0x0000,0x0000,0x0000,0x0000,
  0x0000,0x0000,0x0000,0x0000,0x0000,0x0000,0x0000,0x0000,0x0000,0x0000,0x0000,0x0000,0x0000,0x0000,0x0000,0x0000,
  0x0000,0x0000,0x0000,0x0000,0x0000,0x0000,0x0000,0x0000,0x0000,0x0000,0x0000,0x0000,0x0000,0x0000,0x0000,0x0000,
  0x0000,0x0000,0x0000,0x0000,0x0000,0x0000,0x0000,0x0000,0x0000,0x0000,0x0000,0x0000,0x0000,0x0000,0x0000,0x0000,
  0x0000,0x0000,0x0000,0x0000,0x0000,0x0000,0x0000,0x0000,0x0000,0x0000,0x0000,0x0000,0x0000,0x0000,0x0000,0x0000,
  0x0000,0x0000,0x0000,0x0000,0x0000,0x0000,0x0000,0x0000,0x0000,0x0000,0x0000,0x0000,0x0000,0x0000,0x0000,0x0000,
  0x0000,0x0000,0x0000,0x0000,0x0000,0x0000,0x0000,0x0000,0x0000,0x0000,0x0000,0x0000,0x0000,0x0000,0x0000,0x0000,
  0x0000,0x0000,0x0000,0x0000,0x0000,0x0000,0x0000,0x0000,0x0000,0x0000,0x0000,0x0000,0x0000,0x0000,0x0000,0x0000,
  0x0000,0x0000,0x0000,0x0000,0x0000,0x0000,0x0000,0x0000,0x0000,0x0000,0x0000,0x0000,0x0000,0x0000,0x0000,0x0000,
  0x0000,0x0000,0x0000,0x0000,0x0000,0x0000,0x0000,0x0000,0x0000,0x0000,0x0000,0x0000,0x0000,0x0000,0x0000,0x0000,
  0x0000,0x0000,0x0000,0x0000,0x0000,0x0000,0x0000,0x0000,0x0000,0x0000,0x0000,0x0000,0x0000,0x0000,0x0000,0x0000,
  0x0000,0x0000,0x0000,0x0000,0x0000,0x0000,0x0000,0x0000,0x0000,0x0000,0x0000,0x0000,0x0000,0x0000,0x0000,0x0000,
  0x0000,0x0000,0x0000,0x0000,0x0000,0x0000,0x0000,0x0000,0x0000,0x0000,0x0000,0x0000,0x0000,0x0000,0x0000,0x0000,
  0x0000,0x0000,0x0000,0x0000,0x0000,0x0000,0x0000,0x0000,0x0000,0x0000,0x0000,0x0000,0x0000,0x0000,0x0000,0x0000,
  0x0000,0x0000,0x0000,0x0000,0x0000,0x0000,0x0000,0x0000,0x0000,0x0000,0x0000,0x0000,0x0000,0x0000,0x0000,0x0000,
  0x0000,0x0000,0x0000,0x0000,0x0000,0x0000,0x0000,0x0000,0x0000,0x0000,0x0000,0x0000,0x0000,0x0000,0x0000,0x0000,
  0x0000,0x0000,0x0000,0x0000,0x0000,0x0000,0x0000,0x0000,0x0000,0x0000,0x0000,0x0000,0x0000,0x0000,0x0000,0x0000,
  0x0000,0x0000,0x0000,0x0000,0x0000,0x0000,0x0000,0x0000,0x0000,0x0000,0x0000,0x0000,0x0000,0x0000,0x0000,0x0000,
  0x0000,0x0000,0x0000,0x0000,0x0000,0x0000,0x0000,0x0000,0x0000,0x0000,0x0000,0x0000,0x0000,0x0000,0x0000,0x0000,
  0x0000,0x0000,0x0000,0x0000,0x0000,0x0000,0x0000,0x0000,0x0000,0x0000,0x0000,0x0000,0x0000,0x0000,0x0000,0x0000,
  0x0000,0x0000,0x0000,0x0000,0x0000,0x0000,0x0000,0x0000,0x0000,0x0000,0x0000,0x0000,0x0000,0x0000,0x0000,0x0000,
  0x0000,0x0000,0x0000,0x0000,0x0000,0x0000,0x0000,0x0000,0x0000,0x0000,0x0000,0x0000,0x0000,0x0000,0x0000,0x0000,
  0x0000,0x0000,0x0000,0x0000,0x0000,0x0000,0x0000,0x0000,0x0000,0x0000,0x0000,0x0000,0x0000,0x0000,0x0000,0x0000,
  0x0000,0x0000,0x0000,0x0000,0x0000,0x0000,0x0000,0x0000,0x0000,0x0000,0x0000,0x0000,0x0000,0x0000,0x0000,0x0000,
  0x0000,0x0000,0x0000,0x0000,0x0000,0x0000,0x0000,0x0000,0x0000,0x0000,0x0000,0x0000,0x0000,0x0000,0x0000,0x0000,
  0x0000,0x0000,0x0000,0x0000,0x0000,0x0000,0x0000,0x0000,0x0000,0x0000,0x0000,0x0000,0x0000,0x0000,0x0000,0x0000,
  0x0000,0x0000,0x0000,0x0000,0x0000,0x0000,0x0000,0x0000,0x0000,0x0000,0x0000,0x0000,0x0000,0x0000,0x0000,0x0000,
  0x0000,0x0000,0x0000,0x0000,0x0000,0x0000,0x0000,0x0000,0x0000,0x0000,0x0000,0x0000,0x0000,0x0000,0x0000,0x0000,
  0x0000,0x0000,0x0000,0x0000,0x0000,0x0000,0x0000,0x0000,0x0000,0x0000,0x0000,0x0000,0x0000,0x0000,0x0000,0x0000,
  0x0000,0x0000,0x0000,0x0000,0x0000,0x0000,0x0000,0x0000,0x0000,0x0000,0x0000,0x0000,0x0000,0x0000,0x0000,0x0000,
  0x0000,0x0000,0x0000,0x0000,0x0000,0x0000,0x0000,0x0000,0x0000,0x0000,0x0000,0x0000,0x0000,0x0000,0x0000,0x0000,
  0x0000,0x0000,0x0000,0x0000,0x0000,0x0000,0x0000,0x0000,0x0000,0x0000,0x0000,0x0000,0x0000,0x0000,0x0000,0x0000,
  0x0000,0x0000,0x0000,0x0000,0x0000,0x0000,0x0000,0x0000,0x0000,0x0000,0x0000,0x0000,0x0000,0x0000,0x0000,0x0000,
  0x0000,0x0000,0x0000,0x0000,0x0000,0x0000,0x0000,0x0000,0x0000,0x0000,0x0000,0x0000,0x0000,0x0000,0x0000,0x0000,
  0x0000,0x0000,0x0000,0x0000,0x0000,0x0000,0x0000,0x0000,0x0000,0x0000,0x0000,0x0000,0x0000,0x0000,0x0000,0x0000,
  0x0000,0x0000,0x0000,0x0000,0x0000,0x0000,0x0000,0x0000,0x0000,0x0000,0x0000,0x0000,0x0000,0x0000,0x0000,0x0000,
  0x0000,0x0000,0x0000,0x0000,0x0000,0x0000,0x0000,0x0000,0x0000,0x0000,0x0000,0x0000,0x0000,0x0000,0x0000,0x0000,
  0x0000,0x0000,0x0000,0x0000,0x0000,0x0000,0x0000,0x0000,0x0000,0x0000,0x0000,0x0000,0x0000,0x0000,0x0000,0x0000,
  0x0000,0x0000,0x0000,0x0000,0x0000,0x0000,0x0000,0x0000,0x0000,0x0000,0x0000,0x0000,0x0000,0x0000,0x0000,0x0000,
  0x0000,0x0000,0x0000,0x0000,0x0000,0x0000,0x0000,0x0000,0x0000,0x0000,0x0000,0x0000,0x0000,0x0000,0x0000,0x0000,
  0x0000,0x0000,0x0000,0x0000,0x0000,0x0000,0x0000,0x0000,0x0000,0x0000,0x0000,0x0000,0x0000,0x0000,0x0000,0x0000,
  0x0000,0x0000,0x0000,0x0000,0x0000,0x0000,0x0000,0x0000,0x0000,0x0000,0x0000,0x0000,0x0000,0x0000,0x0000,0x0000,
  0x0000,0x0000,0x0000,0x0000,0x0000,0x0000,0x0000,0x0000,0x0000,0x0000,0x0000,0x0000,0x0000,0x0000,0x0000,0x0000,
  0x0000,0x0000,0x0000,0x0000,0x0000,0x0000,0x0000,0x0000,0x0000,0x0000,0x0000,0x0000,0x0000,0x0000,0x0000,0x0000,
  0x0000,0x0000,0x0000,0x0000,0x0000,0x0000,0x0000,0x0000,0x0000,0x0000,0x0000,0x0000,0x0000,0x0000,0x0000,0x0000,
  0x0000,0x0000,0x0000,0x0000,0x0000,0x0000,0x0000,0x0000,0x0000,0x0000,0x0000,0x0000,0x0000,0x0000,0x0000,0x0000,
  0x0000,0x0000,0x0000,0x0000,0x0000,0x0000,0x0000,0x0000,0x0000,0x0000,0x0000,0x0000,0x0000,0x0000,0x0000,0x0000,
  0x0000,0x0000,0x0000,0x0000,0x0000,0x0000,0x0000,0x0000,0x0000,0x0000,0x0000,0x0000,0x0000,0x0000,0x0000,0x0000,
  0x0000,0x0000,0x0000,0x0000,0x0000,0x0000,0x0000,0x0000,0x0000,0x0000,0x0000,0x0000,0x0000,0x0000,0x0000,0x0000,
  0x0000,0x0000,0x0000,0x0000,0x0000,0x0000,0x0000,0x0000,0x0000,0x0000,0x0000,0x0000,0x0000,0x0000,0x0000,0x0000,
  0x0000,0x0000,0x0000,0x0000,0x0000,0x0000,0x0000,0x0000,0x0000,0x0000,0x0000,0x0000,0x0000,0x0000,0x0000,0x0000,
  0x0000,0x0000,0x0000,0x0000,0x0000,0x0000,0x0000,0x0000,0x0000,0x0000,0x0000,0x0000,0x0000,0x0000,0x0000,0x0000,
  0x0000,0x0000,0x0000,0x0000,0x0000,0x0000,0x0000,0x0000,0x0000,0x0000,0x0000,0x0000,0x0000,0x0000,0x0000,0x0000,
  0x0000,0x0000,0x0000,0x0000,0x0000,0x0000,0x0000,0x0000,0x0000,0x0000,0x0000,0x0000,0x0000,0x0000,0x0000,0x0000,
  0x0000,0x0000,0x0000,0x0000,0x0000,0x0000,0x0000,0x0000,0x0000,0x0000,0x0000,0x0000,0x0000,0x0000,0x0000,0x0000,
  0x0000,0x0000,0x0000,0x0000,0x0000,0x0000,0x0000,0x0000,0x0000,0x0000,0x0000,0x0000,0x0000,0x0000,0x0000,0x0000,
  0x0000,0x0000,0x0000,0x0000,0x0000,0x0000,0x0000,0x0000,0x0000,0x0000,0x0000,0x0000,0x0000,0x0000,0x0000,0x0000,
  0x0000,0x0000,0x0000,0x0000,0x0000,0x0000,0x0000,0x0000,0x0000,0x0000,0x0000,0x0000,0x0000,0x0000,0x0000,0x0000,
  0x0000,0x0000,0x0000,0x0000,0x0000,0x0000,0x0000,0x0000,0x0000,0x0000,0x0000,0x0000,0x0000,0x0000,0x0000,0x0000,
  0x0000,0x0000,0x0000,0x0000,0x0000,0x0000,0x0000,0x0000,0x0000,0x0000,0x0000,0x0000,0x0000,0x0000,0x0000,0x0000,
  0x0000,0x0000,0x0000,0x0000,0x0000,0x0000,0x0000,0x0000,0x0000,0x0000,0x0000,0x0000,0x0000,0x0000,0x0000,0x0000,
  0x0000,0x0000,0x0000,0x0000,0x0000,0x0000,0x0000,0x0000,0x0000,0x0000,0x0000,0x0000,0x0000,0x0000,0x0000,0x0000,
  0x0000,0x0000,0x0000,0x0000,0x0000,0x0000,0x0000,0x0000,0x0000,0x0000,0x0000,0x0000,0x0000,0x0000,0x0000,0x0000,
  0x0000,0x0000,0x0000,0x0000,0x0000,0x0000,0x0000,0x0000,0x0000,0x0000,0x0000,0x0000,0x0000,0x0000,0x0000,0x0000,
  0x0000,0x0000,0x0000,0x0000,0x0000,0x0000,0x0000,0x0000,0x0000,0x0000,0x0000,0x0000,0x0000,0x0000,0x0000,0x0000,
  0x0000,0x0000,0x0000,0x0000,0x0000,0x0000,0x0000,0x0000,0x0000,0x0000,0x0000,0x0000,0x0000,0x0000,0x0000,0x0000,
  0x0000,0x0000,0x0000,0x0000,0x0000,0x0000,0x0000,0x0000,0x0000,0x0000,0x0000,0x0000,0x0000,0x0000,0x0000,0x0000,
  0x0000,0x0000,0x0000,0x0000,0x0000,0x0000,0x0000,0x0000,0x0000,0x0000,0x0000,0x0000,0x0000,0x0000,0x0000,0x0000,
  0x0000,0x0000,0x0000,0x0000,0x0000,0x0000,0x0000,0x0000,0x0000,0x0000,0x0000,0x0000,0x0000,0x0000,0x0000,0x0000,
  0x0000,0x0000,0x0000,0x0000,0x0000,0x0000,0x0000,0x0000,0x0000,0x0000,0x0000,0x0000,0x0000,0x0000,0x0000,0x0000,
  0x0000,0x0000,0x0000,0x0000,0x0000,0x0000,0x0000,0x0000,0x0000,0x0000,0x0000,0x0000,0x0000,0x0000,0x0000,0x0000,
  0x0000,0x0000,0x0000,0x0000,0x0000,0x0000,0x0000,0x0000,0x0000,0x0000,0x0000,0x0000,0x0000,0x0000,0x0000,0x0000,
  0x0000,0x0000,0x0000,0x0000,0x0000,0x0000,0x0000,0x0000,0x0000,0x0000,0x0000,0x0000,0x0000,0x0000,0x0000,0x0000,
  0x0000,0x0000,0x0000,0x0000,0x0000,0x0000,0x0000,0x0000,0x0000,0x0000,0x0000,0x0000,0x0000,0x0000,0x0000,0x0000,
  0x0000,0x0000,0x0000,0x0000,0x0000,0x0000,0x0000,0x0000,0x0000,0x0000,0x0000,0x0000,0x0000,0x0000,0x0000,0x0000,
  0x0000,0x0000,0x0000,0x0000,0x0000,0x0000,0x0000,0x0000,0x0000,0x0000,0x0000,0x0000,0x0000,0x0000,0x0000,0x0000,
  0x0000,0x0000,0x0000,0x0000,0x0000,0x0000,0x0000,0x0000,0x0000,0x0000,0x0000,0x0000,0x0000,0x0000,0x0000,0x0000,
  0x0000,0x0000,0x0000,0x0000,0x0000,0x0000,0x0000,0x0000,0x0000,0x0000,0x0000,0x0000,0x0000,0x0000,0x0000,0x0000,
  0x0000,0x0000,0x0000,0x0000,0x0000,0x0000,0x0000,0x0000,0x0000,0x0000,0x0000,0x0000,0x0000,0x0000,0x0000,0x0000,
  0x0000,0x0000,0x0000,0x0000,0x0000,0x0000,0x0000,0x0000,0x0000,0x0000,0x0000,0x0000,0x0000,0x0000,0x0000,0x0000,
  0x0000,0x0000,0x0000,0x0000,0x0000,0x0000,0x0000,0x0000,0x0000,0x0000,0x0000,0x0000,0x0000,0x0000,0x0000,0x0000,
  0x0000,0x0000,0x0000,0x0000,0x0000,0x0000,0x0000,0x0000,0x0000,0x0000,0x0000,0x0000,0x0000,0x0000,0x0000,0x0000,
  0x0000,0x0000,0x0000,0x0000,0x0000,0x0000,0x0000,0x0000,0x0000,0x0000,0x0000,0x0000,0x0000,0x0000,0x0000,0x0000,
  0x0000,0x0000,0x0000,0x0000,0x0000,0x0000,0x0000,0x0000,0x0000,0x0000,0x0000,0x0000,0x0000,0x0000,0x0000,0x0000,
  0x0000,0x0000,0x0000,0x0000,0x0000,0x0000,0x0000,0x0000,0x0000,0x0000,0x0000,0x0000,0x0000,0x0000,0x0000,0x0000,
  0x0000,0x0000,0x0000,0x0000,0x0000,0x0000,0x0000,0x0000,0x0000,0x0000,0x0000,0x0000,0x0000,0x0000,0x0000,0x0000,
  0x0000,0x0000,0x0000,0x0000,0x0000,0x0000,0x0000,0x0000,0x0000,0x0000,0x0000,0x0000,0x0000,0x0000,0x0000,0x0000,
  0x0000,0x0000,0x0000,0x0000,0x0000,0x0000,0x0000,0x0000,0x0000,0x0000,0x0000,0x0000,0x0000,0x0000,0x0000,0x0000,
  0x0000,0x0000,0x0000,0x0000,0x0000,0x0000,0x0000,0x0000,0x0000,0x0000,0x0000,0x0000,0x0000,0x0000,0x0000,0x0000,
  0x0000,0x0000,0x0000,0x0000,0x0000,0x0000,0x0000,0x0000,0x0000,0x0000,0x0000,0x0000,0x0000,0x0000,0x0000,0x0000,
  0x0000,0x0000,0x0000,0x0000,0x0000,0x0000,0x0000,0x0000,0x0000,0x0000,0x0000,0x0000,0x0000,0x0000,0x0000,0x0000,
  0x0000,0x0000,0x0000,0x0000,0x0000,0x0000,0x0000,0x0000,0x0000,0x0000,0x0000,0x0000,0x0000,0x0000,0x0000,0x0000,
  0x0000,0x0000,0x0000,0x0000,0x0000,0x0000,0x0000,0x0000,0x0000,0x0000,0x0000,0x0000,0x0000,0x0000,0x0000,0x0000,
  0x0000,0x0000,0x0000,0x0000,0x0000,0x0000,0x0000,0x0000,0x0000,0x0000,0x0000,0x0000,0x0000,0x0000,0x0000,0x0000,
  0x0000,0x0000,0x0000,0x0000,0x0000,0x0000,0x0000,0x0000,0x0000,0x0000,0x0000,0x0000,0x0000,0x0000,0x0000,0x0000,
  0x0000,0x0000,0x0000,0x0000,0x0000,0x0000,0x0000,0x0000,0x0000,0x0000,0x0000,0x0000,0x0000,0x0000,0x0000,0x0000,
  0x0000,0x0000,0x0000,0x0000,0x0000,0x0000,0x0000,0x0000,0x0000,0x0000,0x0000,0x0000,0x0000,0x0000,0x0000,0x0000,
  0x0000,0x0000,0x0000,0x0000,0x0000,0x0000,0x0000,0x0000,0x0000,0x0000,0x0000,0x0000,0x0000,0x0000,0x0000,0x0000,
  0x0000,0x0000,0x0000,0x0000,0x0000,0x0000,0x0000,0x0000,0x0000,0x0000,0x0000,0x0000,0x0000,0x0000,0x0000,0x0000,
  0x0000,0x0000,0x0000,0x0000,0x0000,0x0000,0x0000,0x0000,0x0000,0x0000,0x0000,0x0000,0x0000,0x0000,0x0000,0x0000,
  0x0000,0x0000,0x0000,0x0000,0x0000,0x0000,0x0000,0x0000,0x0000,0x0000,0x0000,0x0000,0x0000,0x0000,0x0000,0x0000,
  0x0000,0x0000,0x0000,0x0000,0x0000,0x0000,0x0000,0x0000,0x0000,0x0000,0x0000,0x0000,0x0000,0x0000,0x0000,0x0000,
  0x0000,0x0000,0x0000,0x0000,0x0000,0x0000,0x0000,0x0000,0x0000,0x0000,0x0000,0x0000,0x0000,0x0000,0x0000,0x0000,
  0x0000,0x0000,0x0000,0x0000,0x0000,0x0000,0x0000,0x0000,0x0000,0x0000,0x0000,0x0000,0x0000,0x0000,0x0000,0x0000,
  0x0000,0x0000,0x0000,0x0000,0x0000,0x0000,0x0000,0x0000,0x0000,0x0000,0x0000,0x0000,0x0000,0x0000,0x0000,0x0000,
  0x0000,0x0000,0x0000,0x0000,0x0000,0x0000,0x0000,0x0000,0x0000,0x0000,0x0000,0x0000,0x0000,0x0000,0x0000,0x0000,
  0x0000,0x0000,0x0000,0x0000,0x0000,0x0000,0x0000,0x0000,0x0000,0x0000,0x0000,0x0000,0x0000,0x0000,0x0000,0x0000,
  0x0000,0x0000,0x0000,0x0000,0x0000,0x0000,0x0000,0x0000,0x0000,0x0000,0x0000,0x0000,0x0000,0x0000,0x0000,0x0000,
  0x0000,0x0000,0x0000,0x0000,0x0000,0x0000,0x0000,0x0000,0x0000,0x0000,0x0000,0x0000,0x0000,0x0000,0x0000,0x0000,
  0x0000,0x0000,0x0000,0x0000,0x0000,0x0000,0x0000,0x0000,0x0000,0x0000,0x0000,0x0000,0x0000,0x0000,0x0000,0x0000,
  0x0000,0x0000,0x0000,0x0000,0x0000,0x0000,0x0000,0x0000,0x0000,0x0000,0x0000,0x0000,0x0000,0x0000,0x0000,0x0000,
  0x0000,0x0000,0x0000,0x0000,0x0000,0x0000,0x0000,0x0000,0x0000,0x0000,0x0000,0x0000,0x0000,0x0000,0x0000,0x0000,
  0x0000,0x0000,0x0000,0x0000,0x0000,0x0000,0x0000,0x0000,0x0000,0x0000,0x0000,0x0000,0x0000,0x0000,0x0000,0x0000,
  0x0000,0x0000,0x0000,0x0000,0x0000,0x0000,0x0000,0x0000,0x0000,0x0000,0x0000,0x0000,0x0000,0x0000,0x0000,0x0000,
  0x0000,0x0000,0x0000,0x0000,0x0000,0x0000,0x0000,0x0000,0x0000,0x0000,0x0000,0x0000,0x0000,0x0000,0x0000,0x0000,
  0x0000,0x0000,0x0000,0x0000,0x0000,0x0000,0x0000,0x0000,0x0000,0x0000,0x0000,0x0000,0x0000,0x0000,0x0000,0x0000,
  0x0000,0x0000,0x0000,0x0000,0x0000,0x0000,0x0000,0x0000,0x0000,0x0000,0x0000,0x0000,0x0000,0x0000,0x0000,0x0000,
  0x0000,0x0000,0x0000,0x0000,0x0000,0x0000,0x0000,0x0000,0x0000,0x0000,0x0000,0x0000,0x0000,0x0000,0x0000,0x0000,
  0x0000,0x0000,0x0000,0x0000,0x0000,0x0000,0x0000,0x0000,0x0000,0x0000,0x0000,0x0000,0x0000,0x0000,0x0000,0x0000,
  0x0000,0x0000,0x0000,0x0000,0x0000,0x0000,0x0000,0x0000,0x0000,0x0000,0x0000,0x0000,0x0000,0x0000,0x0000,0x0000,
  0x0000,0x0000,0x0000,0x0000,0x0000,0x0000,0x0000,0x0000,0x0000,0x0000,0x0000,0x0000,0x0000,0x0000,0x0000,0x0000,
  0x0000,0x0000,0x0000,0x0000,0x0000,0x0000,0x0000,0x0000,0x0000,0x0000,0x0000,0x0000,0x0000,0x0000,0x0000,0x0000,
  0x0000,0x0000,0x0000,0x0000,0x0000,0x0000,0x0000,0x0000,0x0000,0x0000,0x0000,0x0000,0x0000,0x0000,0x0000,0x0000,
  0x0000,0x0000,0x0000,0x0000,0x0000,0x0000,0x0000,0x0000,0x0000,0x0000,0x0000,0x0000,0x0000,0x0000,0x0000,0x0000,
  0x0000,0x0000,0x0000,0x0000,0x0000,0x0000,0x0000,0x0000,0x0000,0x0000,0x0000,0x0000,0x0000,0x0000,0x0000,0x0000,
  0x0000,0x0000,0x0000,0x0000,0x0000,0x0000,0x0000,0x0000,0x0000,0x0000,0x0000,0x0000,0x0000,0x0000,0x0000,0x0000,
  0x0000,0x0000,0x0000,0x0000,0x0000,0x0000,0x0000,0x0000,0x0000,0x0000,0x0000,0x0000,0x0000,0x0000,0x0000,0x0000,
  0x0000,0x0000,0x0000,0x0000,0x0000,0x0000,0x0000,0x0000,0x0000,0x0000,0x0000,0x0000,0x0000,0x0000,0x0000,0x0000,
  0x0000,0x0000,0x0000,0x0000,0x0000,0x0000,0x0000,0x0000,0x0000,0x0000,0x0000,0x0000,0x0000,0x0000,0x0000,0x0000,
  0x0000,0x0000,0x0000,0x0000,0x0000,0x0000,0x0000,0x0000,0x0000,0x0000,0x0000,0x0000,0x0000,0x0000,0x0000,0x0000,
  0x0000,0x0000,0x0000,0x0000,0x0000,0x0000,0x0000,0x0000,0x0000,0x0000,0x0000,0x0000,0x0000,0x0000,0x0000,0x0000,
  0x0000,0x0000,0x0000,0x0000,0x0000,0x0000,0x0000,0x0000,0x0000,0x0000,0x0000,0x0000,0x0000,0x0000,0x0000,0x0000,
  0x0000,0x0000,0x0000,0x0000,0x0000,0x0000,0x0000,0x0000,0x0000,0x0000,0x0000,0x0000,0x0000,0x0000,0x0000,0x0000,
  0x0000,0x0000,0x0000,0x0000,0x0000,0x0000,0x0000,0x0000,0x0000,0x0000,0x0000,0x0000,0x0000,0x0000,0x0000,0x0000,
  0x0000,0x0000,0x0000,0x0000,0x0000,0x0000,0x0000,0x0000,0x0000,0x0000,0x0000,0x0000,0x0000,0x0000,0x0000,0x0000,
  0x0000,0x0000,0x0000,0x0000,0x0000,0x0000,0x0000,0x0000,0x0000,0x0000,0x0000,0x0000,0x0000,0x0000,0x0000,0x0000,
  0x0000,0x0000,0x0000,0x0000,0x0000,0x0000,0x0000,0x0000,0x0000,0x0000,0x0000,0x0000,0x0000,0x0000,0x0000,0x0000,
  0x0000,0x0000,0x0000,0x0000,0x0000,0x0000,0x0000,0x0000,0x0000,0x0000,0x0000,0x0000,0x0000,0x0000,0x0000,0x0000,
  0x0000,0x0000,0x0000,0x0000,0x0000,0x0000,0x0000,0x0000,0x0000,0x0000,0x0000,0x0000,0x0000,0x0000,0x0000,0x0000,
  0x0000,0x0000,0x0000,0x0000,0x0000,0x0000,0x0000,0x0000,0x0000,0x0000,0x0000,0x0000,0x0000,0x0000,0x0000,0x0000,
  0x0000,0x0000,0x0000,0x0000,0x0000,0x0000,0x0000,0x0000,0x0000,0x0000,0x0000,0x0000,0x0000,0x0000,0x0000,0x0000,
  0x0000,0x0000,0x0000,0x0000,0x0000,0x0000,0x0000,0x0000,0x0000,0x0000,0x0000,0x0000,0x0000,0x0000,0x0000,0x0000,
  0x0000,0x0000,0x0000,0x0000,0x0000,0x0000,0x0000,0x0000,0x0000,0x0000,0x0000,0x0000,0x0000,0x0000,0x0000,0x0000,
  0x0000,0x0000,0x0000,0x0000,0x0000,0x0000,0x0000,0x0000,0x0000,0x0000,0x0000,0x0000,0x0000,0x0000,0x0000,0x0000,
  0x0000,0x0000,0x0000,0x0000,0x0000,0x0000,0x0000,0x0000,0x0000,0x0000,0x0000,0x0000,0x0000,0x0000,0x0000,0x0000,
  0x0000,0x0000,0x0000,0x0000,0x0000,0x0000,0x0000,0x0000,0x0000,0x0000,0x0000,0x0000,0x0000,0x0000,0x0000,0x0000,
  0x0000,0x0000,0x0000,0x0000,0x0000,0x0000,0x0000,0x0000,0x0000,0x0000,0x0000,0x0000,0x0000,0x0000,0x0000,0x0000,
  0x0000,0x0000,0x0000,0x0000,0x0000,0x0000,0x0000,0x0000,0x0000,0x0000,0x0000,0x0000,0x0000,0x0000,0x0000,0x0000,
  0x0000,0x0000,0x0000,0x0000,0x0000,0x0000,0x0000,0x0000,0x0000,0x0000,0x0000,0x0000,0x0000,0x0000,0x0000,0x0000,
  0x0000,0x0000,0x0000,0x0000,0x0000,0x0000,0x0000,0x0000,0x0000,0x0000,0x0000,0x0000,0x0000,0x0000,0x0000,0x0000,
  0x0000,0x0000,0x0000,0x0000,0x0000,0x0000,0x0000,0x0000,0x0000,0x0000,0x0000,0x0000,0x0000,0x0000,0x0000,0x0000,
  0x0000,0x0000,0x0000,0x0000,0x0000,0x0000,0x0000,0x0000,0x0000,0x0000,0x0000,0x0000,0x0000,0x0000,0x0000,0x0000,
  0x0000,0x0000,0x0000,0x0000,0x0000,0x0000,0x0000,0x0000,0x0000,0x0000,0x0000,0x0000,0x0000,0x0000,0x0000,0x0000,
  0x0000,0x0000,0x0000,0x0000,0x0000,0x0000,0x0000,0x0000,0x0000,0x0000,0x0000,0x0000,0x0000,0x0000,0x0000,0x0000,
  0x0000,0x0000,0x0000,0x0000,0x0000,0x0000,0x0000,0x0000,0x0000,0x0000,0x0000,0x0000,0x0000,0x0000,0x0000,0x0000,
  0x0000,0x0000,0x0000,0x0000,0x0000,0x0000,0x0000,0x0000,0x0000,0x0000,0x0000,0x0000,0x0000,0x0000,0x0000,0x0000,
  0x0000,0x0000,0x0000,0x0000,0x0000,0x0000,0x0000,0x0000,0x0000,0x0000,0x0000,0x0000,0x0000,0x0000,0x0000,0x0000,
  0x0000,0x0000,0x0000,0x0000,0x0000,0x0000,0x0000,0x0000,0x0000,0x0000,0x0000,0x0000,0x0000,0x0000,0x0000,0x0000,
  0x0000,0x0000,0x0000,0x0000,0x0000,0x0000,0x0000,0x0000,0x0000,0x0000,0x0000,0x0000,0x0000,0x0000,0x0000,0x0000,
  0x0000,0x0000,0x0000,0x0000,0x0000,0x0000,0x0000,0x0000,0x0000,0x0000,0x0000,0x0000,0x0000,0x0000,0x0000,0x0000,
  0x0000,0x0000,0x0000,0x0000,0x0000,0x0000,0x0000,0x0000,0x0000,0x0000,0x0000,0x0000,0x0000,0x0000,0x0000,0x0000,
  0x0000,0x0000,0x0000,0x0000,0x0000,0x0000,0x0000,0x0000,0x0000,0x0000,0x0000,0x0000,0x0000,0x0000,0x0000,0x0000,
  0x0000,0x0000,0x0000,0x0000,0x0000,0x0000,0x0000,0x0000,0x0000,0x0000,0x0000,0x0000,0x0000,0x0000,0x0000,0x0000,
  0x0000,0x0000,0x0000,0x0000,0x0000,0x0000,0x0000,0x0000,0x0000,0x0000,0x0000,0x0000,0x0000,0x0000,0x0000,0x0000,
  0x0000,0x0000,0x0000,0x0000,0x0000,0x0000,0x0000,0x0000,0x0000,0x0000,0x0000,0x0000,0x0000,0x0000,0x0000,0x0000,
  0x0000,0x0000,0x0000,0x0000,0x0000,0x0000,0x0000,0x0000,0x0000,0x0000,0x0000,0x0000,0x0000,0x0000,0x0000,0x0000,
  0x0000,0x0000,0x0000,0x0000,0x0000,0x0000,0x0000,0x0000,0x0000,0x0000,0x0000,0x0000,0x0000,0x0000,0x0000,0x0000,
  0x0000,0x0000,0x0000,0x0000,0x0000,0x0000,0x0000,0x0000,0x0000,0x0000,0x0000,0x0000,0x0000,0x0000,0x0000,0x0000,
  0x0000,0x0000,0x0000,0x0000,0x0000,0x0000,0x0000,0x0000,0x0000,0x0000,0x0000,0x0000,0x0000,0x0000,0x0000,0x0000,
  0x0000,0x0000,0x0000,0x0000,0x0000,0x0000,0x0000,0x0000,0x0000,0x0000,0x0000,0x0000,0x0000,0x0000,0x0000,0x0000,
  0x0000,0x0000,0x0000,0x0000,0x0000,0x0000,0x0000,0x0000,0x0000,0x0000,0x0000,0x0000,0x0000,0x0000,0x0000,0x0000,
  0x0000,0x0000,0x0000,0x0000,0x0000,0x0000,0x0000,0x0000,0x0000,0x0000,0x0000,0x0000,0x0000,0x0000,0x0000,0x0000,
  0x0000,0x0000,0x0000,0x0000,0x0000,0x0000,0x0000,0x0000,0x0000,0x0000,0x0000,0x0000,0x0000,0x0000,0x0000,0x0000,
  0x0000,0x0000,0x0000,0x0000,0x0000,0x0000,0x0000,0x0000,0x0000,0x0000,0x0000,0x0000,0x0000,0x0000,0x0000,0x0000,
  0x0000,0x0000,0x0000,0x0000,0x0000,0x0000,0x0000,0x0000,0x0000,0x0000,0x0000,0x0000,0x0000,0x0000,0x0000,0x0000,
  0x0000,0x0000,0x0000,0x0000,0x0000,0x0000,0x0000,0x0000,0x0000,0x0000,0x0000,0x0000,0x0000,0x0000,0x0000,0x0000,
  0x0000,0x0000,0x0000,0x0000,0x0000,0x0000,0x0000,0x0000,0x0000,0x0000,0x0000,0x0000,0x0000,0x0000,0x0000,0x0000,
  0x0000,0x0000,0x0000,0x0000,0x0000,0x0000,0x0000,0x0000,0x0000,0x0000,0x0000,0x0000,0x0000,0x0000,0x0000,0x0000,
  0x0000,0x0000,0x0000,0x0000,0x0000,0x0000,0x0000,0x0000,0x0000,0x0000,0x0000,0x0000,0x0000,0x0000,0x0000,0x0000,
  0x0000,0x0000,0x0000,0x0000,0x0000,0x0000,0x0000,0x0000,0x0000,0x0000,0x0000,0x0000,0x0000,0x0000,0x0000,0x0000,
  0x0000,0x0000,0x0000,0x0000,0x0000,0x0000,0x0000,0x0000,0x0000,0x0000,0x0000,0x0000,0x0000,0x0000,0x0000,0x0000,
  0x0000,0x0000,0x0000,0x0000,0x0000,0x0000,0x0000,0x0000,0x0000,0x0000,0x0000,0x0000,0x0000,0x0000,0x0000,0x0000,
  0x0000,0x0000,0x0000,0x0000,0x0000,0x0000,0x0000,0x0000,0x0000,0x0000,0x0000,0x0000,0x0000,0x0000,0x0000,0x0000,
  0x0000,0x0000,0x0000,0x0000,0x0000,0x0000,0x0000,0x0000,0x0000,0x0000,0x0000,0x0000,0x0000,0x0000,0x0000,0x0000,
  0x0000,0x0000,0x0000,0x0000,0x0000,0x0000,0x0000,0x0000,0x0000,0x0000,0x0000,0x0000,0x0000,0x0000,0x0000,0x0000,
  0x0000,0x0000,0x0000,0x0000,0x0000,0x0000,0x0000,0x0000,0x0000,0x0000,0x0000,0x0000,0x0000,0x0000,0x0000,0x0000,
  0x0000,0x0000,0x0000,0x0000,0x0000,0x0000,0x0000,0x0000,0x0000,0x0000,0x0000,0x0000,0x0000,0x0000,0x0000,0x0000,
  0x0000,0x0000,0x0000,0x0000,0x0000,0x0000,0x0000,0x0000,0x0000,0x0000,0x0000,0x0000,0x0000,0x0000,0x0000,0x0000,
  0x0000,0x0000,0x0000,0x0000,0x0000,0x0000,0x0000,0x0000,0x0000,0x0000,0x0000,0x0000,0x0000,0x0000,0x0000,0x0000,
  0x0000,0x0000,0x0000,0x0000,0x0000,0x0000,0x0000,0x0000,0x0000,0x0000,0x0000,0x0000,0x0000,0x0000,0x0000,0x0000,
  0x0000,0x0000,0x0000,0x0000,0x0000,0x0000,0x0000,0x0000,0x0000,0x0000,0x0000,0x0000,0x0000,0x0000,0x0000,0x0000,
  0x0000,0x0000,0x0000,0x0000,0x0000,0x0000,0x0000,0x0000,0x0000,0x0000,0x0000,0x0000,0x0000,0x0000,0x0000,0x0000,
  0x0000,0x0000,0x0000,0x0000,0x0000,0x0000,0x0000,0x0000,0x0000,0x0000,0x0000,0x0000,0x0000,0x0000,0x0000,0x0000,
  0x0000,0x0000,0x0000,0x0000,0x0000,0x0000,0x0000,0x0000,0x0000,0x0000,0x0000,0x0000,0x0000,0x0000,0x0000,0x0000,
  0x0000,0x0000,0x0000,0x0000,0x0000,0x0000,0x0000,0x0000,0x0000,0x0000,0x0000,0x0000,0x0000,0x0000,0x0000,0x0000,
  0x0000,0x0000,0x0000,0x0000,0x0000,0x0000,0x0000,0x0000,0x0000,0x0000,0x0000,0x0000,0x0000,0x0000,0x0000,0x0000,
  0x0000,0x0000,0x0000,0x0000,0x0000,0x0000,0x0000,0x0000,0x0000,0x0000,0x0000,0x0000,0x0000,0x0000,0x0000,0x0000,
  0x0000,0x0000,0x0000,0x0000,0x0000,0x0000,0x0000,0x0000,0x0000,0x0000,0x0000,0x0000,0x0000,0x0000,0x0000,0x0000,
  0x0000,0x0000,0x0000,0x0000,0x0000,0x0000,0x0000,0x0000,0x0000,0x0000,0x0000,0x0000,0x0000,0x0000,0x0000,0x0000,
  0x0000,0x0000,0x0000,0x0000,0x0000,0x0000,0x0000,0x0000,0x0000,0x0000,0x0000,0x0000,0x0000,0x0000,0x0000,0x0000,
  0x0000,0x0000,0x0000,0x0000,0x0000,0x0000,0x0000,0x0000,0x0000,0x0000,0x0000,0x0000,0x0000,0x0000,0x0000,0x0000,
  0x0000,0x0000,0x0000,0x0000,0x0000,0x0000,0x0000,0x0000,0x0000,0x0000,0x0000,0x0000,0x0000,0x0000,0x0000,0x0000,
  0x0000,0x0000,0x0000,0x0000,0x0000,0x0000,0x0000,0x0000,0x0000,0x0000,0x0000,0x0000,0x0000,0x0000,0x0000,0x0000,
  0x0000,0x0000,0x0000,0x0000,0x0000,0x0000,0x0000,0x0000,0x0000,0x0000,0x0000,0x0000,0x0000,0x0000,0x0000,0x0000,
  0x0000,0x0000,0x0000,0x0000,0x0000,0x0000,0x0000,0x0000,0x0000,0x0000,0x0000,0x0000,0x0000,0x0000,0x0000,0x0000,
  0x0000,0x0000,0x0000,0x0000,0x0000,0x0000,0x0000,0x0000,0x0000,0x0000,0x0000,0x0000,0x0000,0x0000,0x0000,0x0000,
  0x0000,0x0000,0x0000,0x0000,0x0000,0x0000,0x0000,0x0000,0x0000,0x0000,0x0000,0x0000,0x0000,0x0000,0x0000,0x0000,
  0x0000,0x0000,0x0000,0x0000,0x0000,0x0000,0x0000,0x0000,0x0000,0x0000,0x0000,0x0000,0x0000,0x0000,0x0000,0x0000,
  0x0000,0x0000,0x0000,0x0000,0x0000,0x0000,0x0000,0x0000,0x0000,0x0000,0x0000,0x0000,0x0000,0x0000,0x0000,0x0000,
  0x0000,0x0000,0x0000,0x0000,0x0000,0x0000,0x0000,0x0000,0x0000,0x0000,0x0000,0x0000,0x0000,0x0000,0x0000,0x0000,
  0x0000,0x0000,0x0000,0x0000,0x0000,0x0000,0x0000,0x0000,0x0000,0x0000,0x0000,0x0000,0x0000,0x0000,0x0000,0x0000,
  0x0000,0x0000,0x0000,0x0000,0x0000,0x0000,0x0000,0x0000,0x0000,0x0000,0x0000,0x0000,0x0000,0x0000,0x0000,0x0000,
  0x0000,0x0000,0x0000,0x0000,0x0000,0x0000,0x0000,0x0000,0x0000,0x0000,0x0000,0x0000,0x0000,0x0000,0x0000,0x0000,
  0x0000,0x0000,0x0000,0x0000,0x0000,0x0000,0x0000,0x0000,0x0000,0x0000,0x0000,0x0000,0x0000,0x0000,0x0000,0x0000,
  0x0000,0x0000,0x0000,0x0000,0x0000,0x0000,0x0000,0x0000,0x0000,0x0000,0x0000,0x0000,0x0000,0x0000,0x0000,0x0000,
  0x0000,0x0000,0x0000,0x0000,0x0000,0x0000,0x0000,0x0000,0x0000,0x0000,0x0000,0x0000,0x0000,0x0000,0x0000,0x0000,
  0x0000,0x0000,0x0000,0x0000,0x0000,0x0000,0x0000,0x0000,0x0000,0x0000,0x0000,0x0000,0x0000,0x0000,0x0000,0x0000,
  0x0000,0x0000,0x0000,0x0000,0x0000,0x0000,0x0000,0x0000,0x0000,0x0000,0x0000,0x0000,0x0000,0x0000,0x0000,0x0000,
  0x0000,0x0000,0x0000,0x0000,0x0000,0x0000,0x0000,0x0000,0x0000,0x0000,0x0000,0x0000,0x0000,0x0000,0x0000,0x0000,
  0x0000,0x0000,0x0000,0x0000,0x0000,0x0000,0x0000,0x0000,0x0000,0x0000,0x0000,0x0000,0x0000,0x0000,0x0000,0x0000,
  0x0000,0x0000,0x0000,0x0000,0x0000,0x0000,0x0000,0x0000,0x0000,0x0000,0x0000,0x0000,0x0000,0x0000,0x0000,0x0000,
  0x0000,0x0000,0x0000,0x0000,0x0000,0x0000,0x0000,0x0000,0x0000,0x0000,0x0000,0x0000,0x0000,0x0000,0x0000,0x0000,
  0x0000,0x0000,0x0000,0x0000,0x0000,0x0000,0x0000,0x0000,0x0000,0x0000,0x0000,0x0000,0x0000,0x0000,0x0000,0x0000,
  0x0000,0x0000,0x0000,0x0000,0x0000,0x0000,0x0000,0x0000,0x0000,0x0000,0x0000,0x0000,0x0000,0x0000,0x0000,0x0000,
  0x0000,0x0000,0x0000,0x0000,0x0000,0x0000,0x0000,0x0000,0x0000,0x0000,0x0000,0x0000,0x0000,0x0000,0x0000,0x0000,
  0x0000,0x0000,0x0000,0x0000,0x0000,0x0000,0x0000,0x0000,0x0000,0x0000,0x0000,0x0000,0x0000,0x0000,0x0000,0x0000,
  0x0000,0x0000,0x0000,0x0000,0x0000,0x0000,0x0000,0x0000,0x0000,0x0000,0x0000,0x0000,0x0000,0x0000,0x0000,0x0000,
  0x0000,0x0000,0x0000,0x0000,0x0000,0x0000,0x0000,0x0000,0x0000,0x0000,0x0000,0x0000,0x0000,0x0000,0x0000,0x0000,
  0x0000,0x0000,0x0000,0x0000,0x0000,0x0000,0x0000,0x0000,0x0000,0x0000,0x0000,0x0000,0x0000,0x0000,0x0000,0x0000,
  0x0000,0x0000,0x0000,0x0000,0x0000,0x0000,0x0000,0x0000,0x0000,0x0000,0x0000,0x0000,0x0000,0x0000,0x0000,0x0000,
  0x0000,0x0000,0x0000,0x0000,0x0000,0x0000,0x0000,0x0000,0x0000,0x0000,0x0000,0x0000,0x0000,0x0000,0x0000,0x0000,
  0x0000,0x0000,0x0000,0x0000,0x0000,0x0000,0x0000,0x0000,0x0000,0x0000,0x0000,0x0000,0x0000,0x0000,0x0000,0x0000,
  0x0000,0x0000,0x0000,0x0000,0x0000,0x0000,0x0000,0x0000,0x0000,0x0000,0x0000,0x0000,0x0000,0x0000,0x0000,0x0000,
  0x0000,0x0000,0x0000,0x0000,0x0000,0x0000,0x0000,0x0000,0x0000,0x0000,0x0000,0x0000,0x0000,0x0000,0x0000,0x0000,
  0x0000,0x0000,0x0000,0x0000,0x0000,0x0000,0x0000,0x0000,0x0000,0x0000,0x0000,0x0000,0x0000,0x0000,0x0000,0x0000,
  0x0000,0x0000,0x0000,0x0000,0x0000,0x0000,0x0000,0x0000,0x0000,0x0000,0x0000,0x0000,0x0000,0x0000,0x0000,0x0000,
  0x0000,0x0000,0x0000,0x0000,0x0000,0x0000,0x0000,0x0000,0x0000,0x0000,0x0000,0x0000,0x0000,0x0000,0x0000,0x0000,
  0x0000,0x0000,0x0000,0x0000,0x0000,0x0000,0x0000,0x0000,0x0000,0x0000,0x0000,0x0000,0x0000,0x0000,0x0000,0x0000,
  0x0000,0x0000,0x0000,0x0000,0x0000,0x0000,0x0000,0x0000,0x0000,0x0000,0x0000,0x0000,0x0000,0x0000,0x0000,0x0000,
  0x0000,0x0000,0x0000,0x0000,0x0000,0x0000,0x0000,0x0000,0x0000,0x0000,0x0000,0x0000,0x0000,0x0000,0x0000,0x0000,
  0x0000,0x0000,0x0000,0x0000,0x0000,0x0000,0x0000,0x0000,0x0000,0x0000,0x0000,0x0000,0x0000,0x0000,0x0000,0x0000,
  0x0000,0x0000,0x0000,0x0000,0x0000,0x0000,0x0000,0x0000,0x0000,0x0000,0x0000,0x0000,0x0000,0x0000,0x0000,0x0000,
  0x0000,0x0000,0x0000,0x0000,0x0000,0x0000,0x0000,0x0000,0x0000,0x0000,0x0000,0x0000,0x0000,0x0000,0x0000,0x0000,
  0x0000,0x0000,0x0000,0x0000,0x0000,0x0000,0x0000,0x0000,0x0000,0x0000,0x0000,0x0000,0x0000,0x0000,0x0000,0x0000,
  0x0000,0x0000,0x0000,0x0000,0x0000,0x0000,0x0000,0x0000,0x0000,0x0000,0x0000,0x0000,0x0000,0x0000,0x0000,0x0000,
  0x0000,0x0000,0x0000,0x0000,0x0000,0x0000,0x0000,0x0000,0x0000,0x0000,0x0000,0x0000,0x0000,0x0000,0x0000,0x0000,
  0x0000,0x0000,0x0000,0x0000,0x0000,0x0000,0x0000,0x0000,0x0000,0x0000,0x0000,0x0000,0x0000,0x0000,0x0000,0x0000,
  0x0000,0x0000,0x0000,0x0000,0x0000,0x0000,0x0000,0x0000,0x0000,0x0000,0x0000,0x0000,0x0000,0x0000,0x0000,0x0000,
  0x0000,0x0000,0x0000,0x0000,0x0000,0x0000,0x0000,0x0000,0x0000,0x0000,0x0000,0x0000,0x0000,0x0000,0x0000,0x0000,
  0x0000,0x0000,0x0000,0x0000,0x0000,0x0000,0x0000,0x0000,0x0000,0x0000,0x0000,0x0000,0x0000,0x0000,0x0000,0x0000,
  0x0000,0x0000,0x0000,0x0000,0x0000,0x0000,0x0000,0x0000,0x0000,0x0000,0x0000,0x0000,0x0000,0x0000,0x0000,0x0000,
  0x0000,0x0000,0x0000,0x0000,0x0000,0x0000,0x0000,0x0000,0x0000,0x0000,0x0000,0x0000,0x0000,0x0000,0x0000,0x0000,
  0x0000,0x0000,0x0000,0x0000,0x0000,0x0000,0x0000,0x0000,0x0000,0x0000,0x0000,0x0000,0x0000,0x0000,0x0000,0x0000,
  0x0000,0x0000,0x0000,0x0000,0x0000,0x0000,0x0000,0x0000,0x0000,0x0000,0x0000,0x0000,0x0000,0x0000,0x0000,0x0000,
  0x0000,0x0000,0x0000,0x0000,0x0000,0x0000,0x0000,0x0000,0x0000,0x0000,0x0000,0x0000,0x0000,0x0000,0x0000,0x0000,
  0x0000,0x0000,0x0000,0x0000,0x0000,0x0000,0x0000,0x0000,0x0000,0x0000,0x0000,0x0000,0x0000,0x0000,0x0000,0x0000,
  0x0000,0x0000,0x0000,0x0000,0x0000,0x0000,0x0000,0x0000,0x0000,0x0000,0x0000,0x0000,0x0000,0x0000,0x0000,0x0000,
  0x0000,0x0000,0x0000,0x0000,0x0000,0x0000,0x0000,0x0000,0x0000,0x0000,0x0000,0x0000,0x0000,0x0000,0x0000,0x0000,
  0x0000,0x0000,0x0000,0x0000,0x0000,0x0000,0x0000,0x0000,0x0000,0x0000,0x0000,0x0000,0x0000,0x0000,0x0000,0x0000,
  0x0000,0x0000,0x0000,0x0000,0x0000,0x0000,0x0000,0x0000,0x0000,0x0000,0x0000,0x0000,0x0000,0x0000,0x0000,0x0000,
  0x0000,0x0000,0x0000,0x0000,0x0000,0x0000,0x0000,0x0000,0x0000,0x0000,0x0000,0x0000,0x0000,0x0000,0x0000,0x0000,
  0x0000,0x0000,0x0000,0x0000,0x0000,0x0000,0x0000,0x0000,0x0000,0x0000,0x0000,0x0000,0x0000,0x0000,0x0000,0x0000,
  0x0000,0x0000,0x0000,0x0000,0x0000,0x0000,0x0000,0x0000,0x0000,0x0000,0x0000,0x0000,0x0000,0x0000,0x0000,0x0000,
  0x0000,0x0000,0x0000,0x0000,0x0000,0x0000,0x0000,0x0000,0x0000,0x0000,0x0000,0x0000,0x0000,0x0000,0x0000,0x0000,
  0x0000,0x0000,0x0000,0x0000,0x0000,0x0000,0x0000,0x0000,0x0000,0x0000,0x0000,0x0000,0x0000,0x0000,0x0000,0x0000,
  0x0000,0x0000,0x0000,0x0000,0x0000,0x0000,0x0000,0x0000,0x0000,0x0000,0x0000,0x0000,0x0000,0x0000,0x0000,0x0000,
  0x0000,0x0000,0x0000,0x0000,0x0000,0x0000,0x0000,0x0000,0x0000,0x0000,0x0000,0x0000,0x0000,0x0000,0x0000,0x0000,
  0x0000,0x0000,0x0000,0x0000,0x0000,0x0000,0x0000,0x0000,0x0000,0x0000,0x0000,0x0000,0x0000,0x0000,0x0000,0x0000,
  0x0000,0x0000,0x0000,0x0000,0x0000,0x0000,0x0000,0x0000,0x0000,0x0000,0x0000,0x0000,0x0000,0x0000,0x0000,0x0000,
  0x0000,0x0000,0x0000,0x0000,0x0000,0x0000,0x0000,0x0000,0x0000,0x0000,0x0000,0x0000,0x0000,0x0000,0x0000,0x0000,
  0x0000,0x0000,0x0000,0x0000,0x0000,0x0000,0x0000,0x0000,0x0000,0x0000,0x0000,0x0000,0x0000,0x0000,0x0000,0x0000,
  0x0000,0x0000,0x0000,0x0000,0x0000,0x0000,0x0000,0x0000,0x0000,0x0000,0x0000,0x0000,0x0000,0x0000,0x0000,0x0000,
  0x0000,0x0000,0x0000,0x0000,0x0000,0x0000,0x0000,0x0000,0x0000,0x0000,0x0000,0x0000,0x0000,0x0000,0x0000,0x0000,
  0x0000,0x0000,0x0000,0x0000,0x0000,0x0000,0x0000,0x0000,0x0000,0x0000,0x0000,0x0000,0x0000,0x0000,0x0000,0x0000,
  0x0000,0x0000,0x0000,0x0000,0x0000,0x0000,0x0000,0x0000,0x0000,0x0000,0x0000,0x0000,0x0000,0x0000,0x0000,0x0000,
  0x0000,0x0000,0x0000,0x0000,0x0000,0x0000,0x0000,0x0000,0x0000,0x0000,0x0000,0x0000,0x0000,0x0000,0x0000,0x0000,
  0x0000,0x0000,0x0000,0x0000,0x0000,0x0000,0x0000,0x0000,0x0000,0x0000,0x0000,0x0000,0x0000,0x0000,0x0000,0x0000,
  0x0000,0x0000,0x0000,0x0000,0x0000,0x0000,0x0000,0x0000,0x0000,0x0000,0x0000,0x0000,0x0000,0x0000,0x0000,0x0000,
  0x0000,0x0000,0x0000,0x0000,0x0000,0x0000,0x0000,0x0000,0x0000,0x0000,0x0000,0x0000,0x0000,0x0000,0x0000,0x0000,
  0x0000,0x0000,0x0000,0x0000,0x0000,0x0000,0x0000,0x0000,0x0000,0x0000,0x0000,0x0000,0x0000,0x0000,0x0000,0x0000,
  0x0000,0x0000,0x0000,0x0000,0x0000,0x0000,0x0000,0x0000,0x0000,0x0000,0x0000,0x0000,0x0000,0x0000,0x0000,0x0000,
  0x0000,0x0000,0x0000,0x0000,0x0000,0x0000,0x0000,0x0000,0x0000,0x0000,0x0000,0x0000,0x0000,0x0000,0x0000,0x0000,
  0x0000,0x0000,0x0000,0x0000,0x0000,0x0000,0x0000,0x0000,0x0000,0x0000,0x0000,0x0000,0x0000,0x0000,0x0000,0x0000,
  0x0000,0x0000,0x0000,0x0000,0x0000,0x0000,0x0000,0x0000,0x0000,0x0000,0x0000,0x0000,0x0000,0x0000,0x0000,0x0000,
  0x0000,0x0000,0x0000,0x0000,0x0000,0x0000,0x0000,0x0000,0x0000,0x0000,0x0000,0x0000,0x0000,0x0000,0x0000,0x0000,
  0x0000,0x0000,0x0000,0x0000,0x0000,0x0000,0x0000,0x0000,0x0000,0x0000,0x0000,0x0000,0x0000,0x0000,0x0000,0x0000,
  0x0000,0x0000,0x0000,0x0000,0x0000,0x0000,0x0000,0x0000,0x0000,0x0000,0x0000,0x0000,0x0000,0x0000,0x0000,0x0000,
  0x0000,0x0000,0x0000,0x0000,0x0000,0x0000,0x0000,0x0000,0x0000,0x0000,0x0000,0x0000,0x0000,0x0000,0x0000,0x0000,
  0x0000,0x0000,0x0000,0x0000,0x0000,0x0000,0x0000,0x0000,0x0000,0x0000,0x0000,0x0000,0x0000,0x0000,0x0000,0x0000,
  0x0000,0x0000,0x0000,0x0000,0x0000,0x0000,0x0000,0x0000,0x0000,0x0000,0x0000,0x0000,0x0000,0x0000,0x0000,0x0000,
  0x0000,0x0000,0x0000,0x0000,0x0000,0x0000,0x0000,0x0000,0x0000,0x0000,0x0000,0x0000,0x0000,0x0000,0x0000,0x0000,
  0x0000,0x0000,0x0000,0x0000,0x0000,0x0000,0x0000,0x0000,0x0000,0x0000,0x0000,0x0000,0x0000,0x0000,0x0000,0x0000,
  0x0000,0x0000,0x0000,0x0000,0x0000,0x0000,0x0000,0x0000,0x0000,0x0000,0x0000,0x0000,0x0000,0x0000,0x0000,0x0000,
  0x0000,0x0000,0x0000,0x0000,0x0000,0x0000,0x0000,0x0000,0x0000,0x0000,0x0000,0x0000,0x0000,0x0000,0x0000,0x0000,
  0x0000,0x0000,0x0000,0x0000,0x0000,0x0000,0x0000,0x0000,0x0000,0x0000,0x0000,0x0000,0x0000,0x0000,0x0000,0x0000,
  0x0000,0x0000,0x0000,0x0000,0x0000,0x0000,0x0000,0x0000,0x0000,0x0000,0x0000,0x0000,0x0000,0x0000,0x0000,0x0000,
  0x0000,0x0000,0x0000,0x0000,0x0000,0x0000,0x0000,0x0000,0x0000,0x0000,0x0000,0x0000,0x0000,0x0000,0x0000,0x0000,
  0x0000,0x0000,0x0000,0x0000,0x0000,0x0000,0x0000,0x0000,0x0000,0x0000,0x0000,0x0000,0x0000,0x0000,0x0000,0x0000,
  0x0000,0x0000,0x0000,0x0000,0x0000,0x0000,0x0000,0x0000,0x0000,0x0000,0x0000,0x0000,0x0000,0x0000,0x0000,0x0000,
  0x0000,0x0000,0x0000,0x0000,0x0000,0x0000,0x0000,0x0000,0x0000,0x0000,0x0000,0x0000,0x0000,0x0000,0x0000,0x0000,
  0x0000,0x0000,0x0000,0x0000,0x0000,0x0000,0x0000,0x0000,0x0000,0x0000,0x0000,0x0000,0x0000,0x0000,0x0000,0x0000,
  0x0000,0x0000,0x0000,0x0000,0x0000,0x0000,0x0000,0x0000,0x0000,0x0000,0x0000,0x0000,0x0000,0x0000,0x0000,0x0000,
  0x0000,0x0000,0x0000,0x0000,0x0000,0x0000,0x0000,0x0000,0x0000,0x0000,0x0000,0x0000,0x0000,0x0000,0x0000,0x0000,
  0x0000,0x0000,0x0000,0x0000,0x0000,0x0000,0x0000,0x0000,0x0000,0x0000,0x0000,0x0000,0x0000,0x0000,0x0000,0x0000,
  0x0000,0x0000,0x0000,0x0000,0x0000,0x0000,0x0000,0x0000,0x0000,0x0000,0x0000,0x0000,0x0000,0x0000,0x0000,0x0000,
  0x0000,0x0000,0x0000,0x0000,0x0000,0x0000,0x0000,0x0000,0x0000,0x0000,0x0000,0x0000,0x0000,0x0000,0x0000,0x0000,
  0x0000,0x0000,0x0000,0x0000,0x0000,0x0000,0x0000,0x0000,0x0000,0x0000,0x0000,0x0000,0x0000,0x0000,0x0000,0x0000,
  0x0000,0x0000,0x0000,0x0000,0x0000,0x0000,0x0000,0x0000,0x0000,0x0000,0x0000,0x0000,0x0000,0x0000,0x0000,0x0000,
  0x0000,0x0000,0x0000,0x0000,0x0000,0x0000,0x0000,0x0000,0x0000,0x0000,0x0000,0x0000,0x0000,0x0000,0x0000,0x0000,
  0x0000,0x0000,0x0000,0x0000,0x0000,0x0000,0x0000,0x0000,0x0000,0x0000,0x0000,0x0000,0x0000,0x0000,0x0000,0x0000,
  0x0000,0x0000,0x0000,0x0000,0x0000,0x0000,0x0000,0x0000,0x0000,0x0000,0x0000,0x0000,0x0000,0x0000,0x0000,0x0000,
  0x0000,0x0000,0x0000,0x0000,0x0000,0x0000,0x0000,0x0000,0x0000,0x0000,0x0000,0x0000,0x0000,0x0000,0x0000,0x0000,
  0x0000,0x0000,0x0000,0x0000,0x0000,0x0000,0x0000,0x0000,0x0000,0x0000,0x0000,0x0000,0x0000,0x0000,0x0000,0x0000,
  0x0000,0x0000,0x0000,0x0000,0x0000,0x0000,0x0000,0x0000,0x0000,0x0000,0x0000,0x0000,0x0000,0x0000,0x0000,0x0000,
  0x0000,0x0000,0x0000,0x0000,0x0000,0x0000,0x0000,0x0000,0x0000,0x0000,0x0000,0x0000,0x0000,0x0000,0x0000,0x0000,
  0x0000,0x0000,0x0000,0x0000,0x0000,0x0000,0x0000,0x0000,0x0000,0x0000,0x0000,0x0000,0x0000,0x0000,0x0000,0x0000,
  0x0000,0x0000,0x0000,0x0000,0x0000,0x0000,0x0000,0x0000,0x0000,0x0000,0x0000,0x0000,0x0000,0x0000,0x0000,0x0000,
  0x0000,0x0000,0x0000,0x0000,0x0000,0x0000,0x0000,0x0000,0x0000,0x0000,0x0000,0x0000,0x0000,0x0000,0x0000,0x0000,
  0x0000,0x0000,0x0000,0x0000,0x0000,0x0000,0x0000,0x0000,0x0000,0x0000,0x0000,0x0000,0x0000,0x0000,0x0000,0x0000,
  0x0000,0x0000,0x0000,0x0000,0x0000,0x0000,0x0000,0x0000,0x0000,0x0000,0x0000,0x0000,0x0000,0x0000,0x0000,0x0000,
  0x0000,0x0000,0x0000,0x0000,0x0000,0x0000,0x0000,0x0000,0x0000,0x0000,0x0000,0x0000,0x0000,0x0000,0x0000,0x0000,
  0x0000,0x0000,0x0000,0x0000,0x0000,0x0000,0x0000,0x0000,0x0000,0x0000,0x0000,0x0000,0x0000,0x0000,0x0000,0x0000,
  0x0000,0x0000,0x0000,0x0000,0x0000,0x0000,0x0000,0x0000,0x0000,0x0000,0x0000,0x0000,0x0000,0x0000,0x0000,0x0000,
  0x0000,0x0000,0x0000,0x0000,0x0000,0x0000,0x0000,0x0000,0x0000,0x0000,0x0000,0x0000,0x0000,0x0000,0x0000,0x0000,
  0x0000,0x0000,0x0000,0x0000,0x0000,0x0000,0x0000,0x0000,0x0000,0x0000,0x0000,0x0000,0x0000,0x0000,0x0000,0x0000,
  0x0000,0x0000,0x0000,0x0000,0x0000,0x0000,0x0000,0x0000,0x0000,0x0000,0x0000,0x0000,0x0000,0x0000,0x0000,0x0000,
  0x0000,0x0000,0x0000,0x0000,0x0000,0x0000,0x0000,0x0000,0x0000,0x0000,0x0000,0x0000,0x0000,0x0000,0x0000,0x0000,
  0x0000,0x0000,0x0000,0x0000,0x0000,0x0000,0x0000,0x0000,0x0000,0x0000,0x0000,0x0000,0x0000,0x0000,0x0000,0x0000,
  0x0000,0x0000,0x0000,0x0000,0x0000,0x0000,0x0000,0x0000,0x0000,0x0000,0x0000,0x0000,0x0000,0x0000,0x0000,0x0000,
  0x0000,0x0000,0x0000,0x0000,0x0000,0x0000,0x0000,0x0000,0x0000,0x0000,0x0000,0x0000,0x0000,0x0000,0x0000,0x0000,
  0x0000,0x0000,0x0000,0x0000,0x0000,0x0000,0x0000,0x0000,0x0000,0x0000,0x0000,0x0000,0x0000,0x0000,0x0000,0x0000,
  0x0000,0x0000,0x0000,0x0000,0x0000,0x0000,0x0000,0x0000,0x0000,0x0000,0x0000,0x0000,0x0000,0x0000,0x0000,0x0000,
  0x0000,0x0000,0x0000,0x0000,0x0000,0x0000,0x0000,0x0000,0x0000,0x0000,0x0000,0x0000,0x0000,0x0000,0x0000,0x0000,
  0x0000,0x0000,0x0000,0x0000,0x0000,0x0000,0x0000,0x0000,0x0000,0x0000,0x0000,0x0000,0x0000,0x0000,0x0000,0x0000,
  0x0000,0x0000,0x0000,0x0000,0x0000,0x0000,0x0000,0x0000,0x0000,0x0000,0x0000,0x0000,0x0000,0x0000,0x0000,0x0000,
  0x0000,0x0000,0x0000,0x0000,0x0000,0x0000,0x0000,0x0000,0x0000,0x0000,0x0000,0x0000,0x0000,0x0000,0x0000,0x0000,
  0x0000,0x0000,0x0000,0x0000,0x0000,0x0000,0x0000,0x0000,0x0000,0x0000,0x0000,0x0000,0x0000,0x0000,0x0000,0x0000,
  0x0000,0x0000,0x0000,0x0000,0x0000,0x0000,0x0000,0x0000,0x0000,0x0000,0x0000,0x0000,0x0000,0x0000,0x0000,0x0000,
  0x0000,0x0000,0x0000,0x0000,0x0000,0x0000,0x0000,0x0000,0x0000,0x0000,0x0000,0x0000,0x0000,0x0000,0x0000,0x0000,
  0x0000,0x0000,0x0000,0x0000,0x0000,0x0000,0x0000,0x0000,0x0000,0x0000,0x0000,0x0000,0x0000,0x0000,0x0000,0x0000,
  0x0000,0x0000,0x0000,0x0000,0x0000,0x0000,0x0000,0x0000,0x0000,0x0000,0x0000,0x0000,0x0000,0x0000,0x0000,0x0000,
  0x0000,0x0000,0x0000,0x0000,0x0000,0x0000,0x0000,0x0000,0x0000,0x0000,0x0000,0x0000,0x0000,0x0000,0x0000,0x0000,
  0x0000,0x0000,0x0000,0x0000,0x0000,0x0000,0x0000,0x0000,0x0000,0x0000,0x0000,0x0000,0x0000,0x0000,0x0000,0x0000,
  0x0000,0x0000,0x0000,0x0000,0x0000,0x0000,0x0000,0x0000,0x0000,0x0000,0x0000,0x0000,0x0000,0x0000,0x0000,0x0000,
  0x0000,0x0000,0x0000,0x0000,0x0000,0x0000,0x0000,0x0000,0x0000,0x0000,0x0000,0x0000,0x0000,0x0000,0x0000,0x0000,
  0x0000,0x0000,0x0000,0x0000,0x0000,0x0000,0x0000,0x0000,0x0000,0x0000,0x0000,0x0000,0x0000,0x0000,0x0000,0x0000,
  0x0000,0x0000,0x0000,0x0000,0x0000,0x0000,0x0000,0x0000,0x0000,0x0000,0x0000,0x0000,0x0000,0x0000,0x0000,0x0000,
  0x0000,0x0000,0x0000,0x0000,0x0000,0x0000,0x0000,0x0000,0x0000,0x0000,0x0000,0x0000,0x0000,0x0000,0x0000,0x0000,
  0x0000,0x0000,0x0000,0x0000,0x0000,0x0000,0x0000,0x0000,0x0000,0x0000,0x0000,0x0000,0x0000,0x0000,0x0000,0x0000,
  0x0000,0x0000,0x0000,0x0000,0x0000,0x0000,0x0000,0x0000,0x0000,0x0000,0x0000,0x0000,0x0000,0x0000,0x0000,0x0000,
  0x0000,0x0000,0x0000,0x0000,0x0000,0x0000,0x0000,0x0000,0x0000,0x0000,0x0000,0x0000,0x0000,0x0000,0x0000,0x0000,
  0x0000,0x0000,0x0000,0x0000,0x0000,0x0000,0x0000,0x0000,0x0000,0x0000,0x0000,0x0000,0x0000,0x0000,0x0000,0x0000,
  0x0000,0x0000,0x0000,0x0000,0x0000,0x0000,0x0000,0x0000,0x0000,0x0000,0x0000,0x0000,0x0000,0x0000,0x0000,0x0000,
  0x0000,0x0000,0x0000,0x0000,0x0000,0x0000,0x0000,0x0000,0x0000,0x0000,0x0000,0x0000,0x0000,0x0000,0x0000,0x0000,
  0x0000,0x0000,0x0000,0x0000,0x0000,0x0000,0x0000,0x0000,0x0000,0x0000,0x0000,0x0000,0x0000,0x0000,0x0000,0x0000,
  0x0000,0x0000,0x0000,0x0000,0x0000,0x0000,0x0000,0x0000,0x0000,0x0000,0x0000,0x0000,0x0000,0x0000,0x0000,0x0000,
  0x0000,0x0000,0x0000,0x0000,0x0000,0x0000,0x0000,0x0000,0x0000,0x0000,0x0000,0x0000,0x0000,0x0000,0x0000,0x0000,
  0x0000,0x0000,0x0000,0x0000,0x0000,0x0000,0x0000,0x0000,0x0000,0x0000,0x0000,0x0000,0x0000,0x0000,0x0000,0x0000,
  0x0000,0x0000,0x0000,0x0000,0x0000,0x0000,0x0000,0x0000,0x0000,0x0000,0x0000,0x0000,0x0000,0x0000,0x0000,0x0000,
  0x0000,0x0000,0x0000,0x0000,0x0000,0x0000,0x0000,0x0000,0x0000,0x0000,0x0000,0x0000,0x0000,0x0000,0x0000,0x0000,
  0x0000,0x0000,0x0000,0x0000,0x0000,0x0000,0x0000,0x0000,0x0000,0x0000,0x0000,0x0000,0x0000,0x0000,0x0000,0x0000,
  0x0000,0x0000,0x0000,0x0000,0x0000,0x0000,0x0000,0x0000,0x0000,0x0000,0x0000,0x0000,0x0000,0x0000,0x0000,0x0000,
  0x0000,0x0000,0x0000,0x0000,0x0000,0x0000,0x0000,0x0000,0x0000,0x0000,0x0000,0x0000,0x0000,0x0000,0x0000,0x0000,
  0x0000,0x0000,0x0000,0x0000,0x0000,0x0000,0x0000,0x0000,0x0000,0x0000,0x0000,0x0000,0x0000,0x0000,0x0000,0x0000,
  0x0000,0x0000,0x0000,0x0000,0x0000,0x0000,0x0000,0x0000,0x0000,0x0000,0x0000,0x0000,0x0000,0x0000,0x0000,0x0000,
  0x0000,0x0000,0x0000,0x0000,0x0000,0x0000,0x0000,0x0000,0x0000,0x0000,0x0000,0x0000,0x0000,0x0000,0x0000,0x0000,
  0x0000,0x0000,0x0000,0x0000,0x0000,0x0000,0x0000,0x0000,0x0000,0x0000,0x0000,0x0000,0x0000,0x0000,0x0000,0x0000,
  0x0000,0x0000,0x0000,0x0000,0x0000,0x0000,0x0000,0x0000,0x0000,0x0000,0x0000,0x0000,0x0000,0x0000,0x0000,0x0000,
  0x0000,0x0000,0x0000,0x0000,0x0000,0x0000,0x0000,0x0000,0x0000,0x0000,0x0000,0x0000,0x0000,0x0000,0x0000,0x0000,
  0x0000,0x0000,0x0000,0x0000,0x0000,0x0000,0x0000,0x0000,0x0000,0x0000,0x0000,0x0000,0x0000,0x0000,0x0000,0x0000,
  0x0000,0x0000,0x0000,0x0000,0x0000,0x0000,0x0000,0x0000,0x0000,0x0000,0x0000,0x0000,0x0000,0x0000,0x0000,0x0000,
  0x0000,0x0000,0x0000,0x0000,0x0000,0x0000,0x0000,0x0000,0x0000,0x0000,0x0000,0x0000,0x0000,0x0000,0x0000,0x0000,
  0x0000,0x0000,0x0000,0x0000,0x0000,0x0000,0x0000,0x0000,0x0000,0x0000,0x0000,0x0000,0x0000,0x0000,0x0000,0x0000,
  0x0000,0x0000,0x0000,0x0000,0x0000,0x0000,0x0000,0x0000,0x0000,0x0000,0x0000,0x0000,0x0000,0x0000,0x0000,0x0000,
  0x0000,0x0000,0x0000,0x0000,0x0000,0x0000,0x0000,0x0000,0x0000,0x0000,0x0000,0x0000,0x0000,0x0000,0x0000,0x0000,
  0x0000,0x0000,0x0000,0x0000,0x0000,0x0000,0x0000,0x0000,0x0000,0x0000,0x0000,0x0000,0x0000,0x0000,0x0000,0x0000,
  0x0000,0x0000,0x0000,0x0000,0x0000,0x0000,0x0000,0x0000,0x0000,0x0000,0x0000,0x0000,0x0000,0x0000,0x0000,0x0000,
  0x0000,0x0000,0x0000,0x0000,0x0000,0x0000,0x0000,0x0000,0x0000,0x0000,0x0000,0x0000,0x0000,0x0000,0x0000,0x0000,
  0x0000,0x0000,0x0000,0x0000,0x0000,0x0000,0x0000,0x0000,0x0000,0x0000,0x0000,0x0000,0x0000,0x0000,0x0000,0x0000,
  0x0000,0x0000,0x0000,0x0000,0x0000,0x0000,0x0000,0x0000,0x0000,0x0000,0x0000,0x0000,0x0000,0x0000,0x0000,0x0000,
  0x0000,0x0000,0x0000,0x0000,0x0000,0x0000,0x0000,0x0000,0x0000,0x0000,0x0000,0x0000,0x0000,0x0000,0x0000,0x0000,
  0x0000,0x0000,0x0000,0x0000,0x0000,0x0000,0x0000,0x0000,0x0000,0x0000,0x0000,0x0000,0x0000,0x0000,0x0000,0x0000,
  0x0000,0x0000,0x0000,0x0000,0x0000,0x0000,0x0000,0x0000,0x0000,0x0000,0x0000,0x0000,0x0000,0x0000,0x0000,0x0000,
  0x0000,0x0000,0x0000,0x0000,0x0000,0x0000,0x0000,0x0000,0x0000,0x0000,0x0000,0x0000,0x0000,0x0000,0x0000,0x0000,
  0x0000,0x0000,0x0000,0x0000,0x0000,0x0000,0x0000,0x0000,0x0000,0x0000,0x0000,0x0000,0x0000,0x0000,0x0000,0x0000,
  0x0000,0x0000,0x0000,0x0000,0x0000,0x0000,0x0000,0x0000,0x0000,0x0000,0x0000,0x0000,0x0000,0x0000,0x0000,0x0000,
  0x0000,0x0000,0x0000,0x0000,0x0000,0x0000,0x0000,0x0000,0x0000,0x0000,0x0000,0x0000,0x0000,0x0000,0x0000,0x0000,
  0x0000,0x0000,0x0000,0x0000,0x0000,0x0000,0x0000,0x0000,0x0000,0x0000,0x0000,0x0000,0x0000,0x0000,0x0000,0x0000,
  0x0000,0x0000,0x0000,0x0000,0x0000,0x0000,0x0000,0x0000,0x0000,0x0000,0x0000,0x0000,0x0000,0x0000,0x0000,0x0000,
  0x0000,0x0000,0x0000,0x0000,0x0000,0x0000,0x0000,0x0000,0x0000,0x0000,0x0000,0x0000,0x0000,0x0000,0x0000,0x0000,
  0x0000,0x0000,0x0000,0x0000,0x0000,0x0000,0x0000,0x0000,0x0000,0x0000,0x0000,0x0000,0x0000,0x0000,0x0000,0x0000,
  0x0000,0x0000,0x0000,0x0000,0x0000,0x0000,0x0000,0x0000,0x0000,0x0000,0x0000,0x0000,0x0000,0x0000,0x0000,0x0000,
  0x0000,0x0000,0x0000,0x0000,0x0000,0x0000,0x0000,0x0000,0x0000,0x0000,0x0000,0x0000,0x0000,0x0000,0x0000,0x0000,
  0x0000,0x0000,0x0000,0x0000,0x0000,0x0000,0x0000,0x0000,0x0000,0x0000,0x0000,0x0000,0x0000,0x0000,0x0000,0x0000,
  0x0000,0x0000,0x0000,0x0000,0x0000,0x0000,0x0000,0x0000,0x0000,0x0000,0x0000,0x0000,0x0000,0x0000,0x0000,0x0000,
  0x0000,0x0000,0x0000,0x0000,0x0000,0x0000,0x0000,0x0000,0x0000,0x0000,0x0000,0x0000,0x0000,0x0000,0x0000,0x0000,
  0x0000,0x0000,0x0000,0x0000,0x0000,0x0000,0x0000,0x0000,0x0000,0x0000,0x0000,0x0000,0x0000,0x0000,0x0000,0x0000,
  0x0000,0x0000,0x0000,0x0000,0x0000,0x0000,0x0000,0x0000,0x0000,0x0000,0x0000,0x0000,0x0000,0x0000,0x0000,0x0000,
  0x0000,0x0000,0x0000,0x0000,0x0000,0x0000,0x0000,0x0000,0x0000,0x0000,0x0000,0x0000,0x0000,0x0000,0x0000,0x0000,
  0x0000,0x0000,0x0000,0x0000,0x0000,0x0000,0x0000,0x0000,0x0000,0x0000,0x0000,0x0000,0x0000,0x0000,0x0000,0x0000,
  0x0000,0x0000,0x0000,0x0000,0x0000,0x0000,0x0000,0x0000,0x0000,0x0000,0x0000,0x0000,0x0000,0x0000,0x0000,0x0000,
  0x0000,0x0000,0x0000,0x0000,0x0000,0x0000,0x0000,0x0000,0x0000,0x0000,0x0000,0x0000,0x0000,0x0000,0x0000,0x0000,
  0x0000,0x0000,0x0000,0x0000,0x0000,0x0000,0x0000,0x0000,0x0000,0x0000,0x0000,0x0000,0x0000,0x0000,0x0000,0x0000,
  0x0000,0x0000,0x0000,0x0000,0x0000,0x0000,0x0000,0x0000,0x0000,0x0000,0x0000,0x0000,0x0000,0x0000,0x0000,0x0000,
  0x0000,0x0000,0x0000,0x0000,0x0000,0x0000,0x0000,0x0000,0x0000,0x0000,0x0000,0x0000,0x0000,0x0000,0x0000,0x0000,
  0x0000,0x0000,0x0000,0x0000,0x0000,0x0000,0x0000,0x0000,0x0000,0x0000,0x0000,0x0000,0x0000,0x0000,0x0000,0x0000,
  0x0000,0x0000,0x0000,0x0000,0x0000,0x0000,0x0000,0x0000,0x0000,0x0000,0x0000,0x0000,0x0000,0x0000,0x0000,0x0000,
  0x0000,0x0000,0x0000,0x0000,0x0000,0x0000,0x0000,0x0000,0x0000,0x0000,0x0000,0x0000,0x0000,0x0000,0x0000,0x0000,
  0x0000,0x0000,0x0000,0x0000,0x0000,0x0000,0x0000,0x0000,0x0000,0x0000,0x0000,0x0000,0x0000,0x0000,0x0000,0x0000,
  0x0000,0x0000,0x0000,0x0000,0x0000,0x0000,0x0000,0x0000,0x0000,0x0000,0x0000,0x0000,0x0000,0x0000,0x0000,0x0000,
  0x0000,0x0000,0x0000,0x0000,0x0000,0x0000,0x0000,0x0000,0x0000,0x0000,0x0000,0x0000,0x0000,0x0000,0x0000,0x0000,
  0x0000,0x0000,0x0000,0x0000,0x0000,0x0000,0x0000,0x0000,0x0000,0x0000,0x0000,0x0000,0x0000,0x0000,0x0000,0x0000,
  0x0000,0x0000,0x0000,0x0000,0x0000,0x0000,0x0000,0x0000,0x0000,0x0000,0x0000,0x0000,0x0000,0x0000,0x0000,0x0000,
  0x0000,0x0000,0x0000,0x0000,0x0000,0x0000,0x0000,0x0000,0x0000,0x0000,0x0000,0x0000,0x0000,0x0000,0x0000,0x0000,
  0x0000,0x0000,0x0000,0x0000,0x0000,0x0000,0x0000,0x0000,0x0000,0x0000,0x0000,0x0000,0x0000,0x0000,0x0000,0x0000,
  0x0000,0x0000,0x0000,0x0000,0x0000,0x0000,0x0000,0x0000,0x0000,0x0000,0x0000,0x0000,0x0000,0x0000,0x0000,0x0000,
  0x0000,0x0000,0x0000,0x0000,0x0000,0x0000,0x0000,0x0000,0x0000,0x0000,0x0000,0x0000,0x0000,0x0000,0x0000,0x0000,
  0x0000,0x0000,0x0000,0x0000,0x0000,0x0000,0x0000,0x0000,0x0000,0x0000,0x0000,0x0000,0x0000,0x0000,0x0000,0x0000,
  0x0000,0x0000,0x0000,0x0000,0x0000,0x0000,0x0000,0x0000,0x0000,0x0000,0x0000,0x0000,0x0000,0x0000,0x0000,0x0000,
  0x0000,0x0000,0x0000,0x0000,0x0000,0x0000,0x0000,0x0000,0x0000,0x0000,0x0000,0x0000,0x0000,0x0000,0x0000,0x0000,
  0x0000,0x0000,0x0000,0x0000,0x0000,0x0000,0x0000,0x0000,0x0000,0x0000,0x0000,0x0000,0x0000,0x0000,0x0000,0x0000,
  0x0000,0x0000,0x0000,0x0000,0x0000,0x0000,0x0000,0x0000,0x0000,0x0000,0x0000,0x0000,0x0000,0x0000,0x0000,0x0000,
  0x0000,0x0000,0x0000,0x0000,0x0000,0x0000,0x0000,0x0000,0x0000,0x0000,0x0000,0x0000,0x0000,0x0000,0x0000,0x0000,
  0x0000,0x0000,0x0000,0x0000,0x0000,0x0000,0x0000,0x0000,0x0000,0x0000,0x0000,0x0000,0x0000,0x0000,0x0000,0x0000,
  0x0000,0x0000,0x0000,0x0000,0x0000,0x0000,0x0000,0x0000,0x0000,0x0000,0x0000,0x0000,0x0000,0x0000,0x0000,0x0000,
  0x0000,0x0000,0x0000,0x0000,0x0000,0x0000,0x0000,0x0000,0x0000,0x0000,0x0000,0x0000,0x0000,0x0000,0x0000,0x0000,
  0x0000,0x0000,0x0000,0x0000,0x0000,0x0000,0x0000,0x0000,0x0000,0x0000,0x0000,0x0000,0x0000,0x0000,0x0000,0x0000,
  0x0000,0x0000,0x0000,0x0000,0x0000,0x0000,0x0000,0x0000,0x0000,0x0000,0x0000,0x0000,0x0000,0x0000,0x0000,0x0000,
  0x0000,0x0000,0x0000,0x0000,0x0000,0x0000,0x0000,0x0000,0x0000,0x0000,0x0000,0x0000,0x0000,0x0000,0x0000,0x0000,
  0x0000,0x0000,0x0000,0x0000,0x0000,0x0000,0x0000,0x0000,0x0000,0x0000,0x0000,0x0000,0x0000,0x0000,0x0000,0x0000,
  0x0000,0x0000,0x0000,0x0000,0x0000,0x0000,0x0000,0x0000,0x0000,0x0000,0x0000,0x0000,0x0000,0x0000,0x0000,0x0000,
  0x0000,0x0000,0x0000,0x0000,0x0000,0x0000,0x0000,0x0000,0x0000,0x0000,0x0000,0x0000,0x0000,0x0000,0x0000,0x0000,
  0x0000,0x0000,0x0000,0x0000,0x0000,0x0000,0x0000,0x0000,0x0000,0x0000,0x0000,0x0000,0x0000,0x0000,0x0000,0x0000,
  0x0000,0x0000,0x0000,0x0000,0x0000,0x0000,0x0000,0x0000,0x0000,0x0000,0x0000,0x0000,0x0000,0x0000,0x0000,0x0000,
  0x0000,0x0000,0x0000,0x0000,0x0000,0x0000,0x0000,0x0000,0x0000,0x0000,0x0000,0x0000,0x0000,0x0000,0x0000,0x0000,
  0x0000,0x0000,0x0000,0x0000,0x0000,0x0000,0x0000,0x0000,0x0000,0x0000,0x0000,0x0000,0x0000,0x0000,0x0000,0x0000,
  0x0000,0x0000,0x0000,0x0000,0x0000,0x0000,0x0000,0x0000,0x0000,0x0000,0x0000,0x0000,0x0000,0x0000,0x0000,0x0000,
  0x0000,0x0000,0x0000,0x0000,0x0000,0x0000,0x0000,0x0000,0x0000,0x0000,0x0000,0x0000,0x0000,0x0000,0x0000,0x0000,
  0x0000,0x0000,0x0000,0x0000,0x0000,0x0000,0x0000,0x0000,0x0000,0x0000,0x0000,0x0000,0x0000,0x0000,0x0000,0x0000,
  0x0000,0x0000,0x0000,0x0000,0x0000,0x0000,0x0000,0x0000,0x0000,0x0000,0x0000,0x0000,0x0000,0x0000,0x0000,0x0000,
  0x0000,0x0000,0x0000,0x0000,0x0000,0x0000,0x0000,0x0000,0x0000,0x0000,0x0000,0x0000,0x0000,0x0000,0x0000,0x0000,
  0x0000,0x0000,0x0000,0x0000,0x0000,0x0000,0x0000,0x0000,0x0000,0x0000,0x0000,0x0000,0x0000,0x0000,0x0000,0x0000,
  0x0000,0x0000,0x0000,0x0000,0x0000,0x0000,0x0000,0x0000,0x0000,0x0000,0x0000,0x0000,0x0000,0x0000,0x0000,0x0000,
  0x0000,0x0000,0x0000,0x0000,0x0000,0x0000,0x0000,0x0000,0x0000,0x0000,0x0000,0x0000,0x0000,0x0000,0x0000,0x0000,
  0x0000,0x0000,0x0000,0x0000,0x0000,0x0000,0x0000,0x0000,0x0000,0x0000,0x0000,0x0000,0x0000,0x0000,0x0000,0x0000,
  0x0000,0x0000,0x0000,0x0000,0x0000,0x0000,0x0000,0x0000,0x0000,0x0000,0x0000,0x0000,0x0000,0x0000,0x0000,0x0000,
  0x0000,0x0000,0x0000,0x0000,0x0000,0x0000,0x0000,0x0000,0x0000,0x0000,0x0000,0x0000,0x0000,0x0000,0x0000,0x0000,
  0x0000,0x0000,0x0000,0x0000,0x0000,0x0000,0x0000,0x0000,0x0000,0x0000,0x0000,0x0000,0x0000,0x0000,0x0000,0x0000,
  0x0000,0x0000,0x0000,0x0000,0x0000,0x0000,0x0000,0x0000,0x0000,0x0000,0x0000,0x0000,0x0000,0x0000,0x0000,0x0000,
  0x0000,0x0000,0x0000,0x0000,0x0000,0x0000,0x0000,0x0000,0x0000,0x0000,0x0000,0x0000,0x0000,0x0000,0x0000,0x0000,
  0x0000,0x0000,0x0000,0x0000,0x0000,0x0000,0x0000,0x0000,0x0000,0x0000,0x0000,0x0000,0x0000,0x0000,0x0000,0x0000,
  0x0000,0x0000,0x0000,0x0000,0x0000,0x0000,0x0000,0x0000,0x0000,0x0000,0x0000,0x0000,0x0000,0x0000,0x0000,0x0000,
  0x0000,0x0000,0x0000,0x0000,0x0000,0x0000,0x0000,0x0000,0x0000,0x0000,0x0000,0x0000,0x0000,0x0000,0x0000,0x0000,
  0x0000,0x0000,0x0000,0x0000,0x0000,0x0000,0x0000,0x0000,0x0000,0x0000,0x0000,0x0000,0x0000,0x0000,0x0000,0x0000,
  0x0000,0x0000,0x0000,0x0000,0x0000,0x0000,0x0000,0x0000,0x0000,0x0000,0x0000,0x0000,0x0000,0x0000,0x0000,0x0000,
  0x0000,0x0000,0x0000,0x0000,0x0000,0x0000,0x0000,0x0000,0x0000,0x0000,0x0000,0x0000,0x0000,0x0000,0x0000,0x0000,
  0x0000,0x0000,0x0000,0x0000,0x0000,0x0000,0x0000,0x0000,0x0000,0x0000,0x0000,0x0000,0x0000,0x0000,0x0000,0x0000,
  0x0000,0x0000,0x0000,0x0000,0x0000,0x0000,0x0000,0x0000,0x0000,0x0000,0x0000,0x0000,0x0000,0x0000,0x0000,0x0000,
  0x0000,0x0000,0x0000,0x0000,0x0000,0x0000,0x0000,0x0000,0x0000,0x0000,0x0000,0x0000,0x0000,0x0000,0x0000,0x0000,
  0x0000,0x0000,0x0000,0x0000,0x0000,0x0000,0x0000,0x0000,0x0000,0x0000,0x0000,0x0000,0x0000,0x0000,0x0000,0x0000,
  0x0000,0x0000,0x0000,0x0000,0x0000,0x0000,0x0000,0x0000,0x0000,0x0000,0x0000,0x0000,0x0000,0x0000,0x0000,0x0000,
  0x0000,0x0000,0x0000,0x0000,0x0000,0x0000,0x0000,0x0000,0x0000,0x0000,0x0000,0x0000,0x0000,0x0000,0x0000,0x0000,
  0x0000,0x0000,0x0000,0x0000,0x0000,0x0000,0x0000,0x0000,0x0000,0x0000,0x0000,0x0000,0x0000,0x0000,0x0000,0x0000,
  0x0000,0x0000,0x0000,0x0000,0x0000,0x0000,0x0000,0x0000,0x0000,0x0000,0x0000,0x0000,0x0000,0x0000,0x0000,0x0000,
  0x0000,0x0000,0x0000,0x0000,0x0000,0x0000,0x0000,0x0000,0x0000,0x0000,0x0000,0x0000,0x0000,0x0000,0x0000,0x0000,
  0x0000,0x0000,0x0000,0x0000,0x0000,0x0000,0x0000,0x0000,0x0000,0x0000,0x0000,0x0000,0x0000,0x0000,0x0000,0x0000,
  0x0000,0x0000,0x0000,0x0000,0x0000,0x0000,0x0000,0x0000,0x0000,0x0000,0x0000,0x0000,0x0000,0x0000,0x0000,0x0000,
  0x0000,0x0000,0x0000,0x0000,0x0000,0x0000,0x0000,0x0000,0x0000,0x0000,0x0000,0x0000,0x0000,0x0000,0x0000,0x0000,
  0x0000,0x0000,0x0000,0x0000,0x0000,0x0000,0x0000,0x0000,0x0000,0x0000,0x0000,0x0000,0x0000,0x0000,0x0000,0x0000,
  0x0000,0x0000,0x0000,0x0000,0x0000,0x0000,0x0000,0x0000,0x0000,0x0000,0x0000,0x0000,0x0000,0x0000,0x0000,0x0000,
  0x0000,0x0000,0x0000,0x0000,0x0000,0x0000,0x0000,0x0000,0x0000,0x0000,0x0000,0x0000,0x0000,0x0000,0x0000,0x0000,
  0x0000,0x0000,0x0000,0x0000,0x0000,0x0000,0x0000,0x0000,0x0000,0x0000,0x0000,0x0000,0x0000,0x0000,0x0000,0x0000,
  0x0000,0x0000,0x0000,0x0000,0x0000,0x0000,0x0000,0x0000,0x0000,0x0000,0x0000,0x0000,0x0000,0x0000,0x0000,0x0000,
  0x0000,0x0000,0x0000,0x0000,0x0000,0x0000,0x0000,0x0000,0x0000,0x0000,0x0000,0x0000,0x0000,0x0000,0x0000,0x0000,
  0x0000,0x0000,0x0000,0x0000,0x0000,0x0000,0x0000,0x0000,0x0000,0x0000,0x0000,0x0000,0x0000,0x0000,0x0000,0x0000,
  0x0000,0x0000,0x0000,0x0000,0x0000,0x0000,0x0000,0x0000,0x0000,0x0000,0x0000,0x0000,0x0000,0x0000,0x0000,0x0000,
  0x0000,0x0000,0x0000,0x0000,0x0000,0x0000,0x0000,0x0000,0x0000,0x0000,0x0000,0x0000,0x0000,0x0000,0x0000,0x0000,
  0x0000,0x0000,0x0000,0x0000,0x0000,0x0000,0x0000,0x0000,0x0000,0x0000,0x0000,0x0000,0x0000,0x0000,0x0000,0x0000,
  0x0000,0x0000,0x0000,0x0000,0x0000,0x0000,0x0000,0x0000,0x0000,0x0000,0x0000,0x0000,0x0000,0x0000,0x0000,0x0000,
  0x0000,0x0000,0x0000,0x0000,0x0000,0x0000,0x0000,0x0000,0x0000,0x0000,0x0000,0x0000,0x0000,0x0000,0x0000,0x0000,
  0x0000,0x0000,0x0000,0x0000,0x0000,0x0000,0x0000,0x0000,0x0000,0x0000,0x0000,0x0000,0x0000,0x0000,0x0000,0x0000,
  0x0000,0x0000,0x0000,0x0000,0x0000,0x0000,0x0000,0x0000,0x0000,0x0000,0x0000,0x0000,0x0000,0x0000,0x0000,0x0000,
  0x0000,0x0000,0x0000,0x0000,0x0000,0x0000,0x0000,0x0000,0x0000,0x0000,0x0000,0x0000,0x0000,0x0000,0x0000,0x0000,
  0x0000,0x0000,0x0000,0x0000,0x0000,0x0000,0x0000,0x0000,0x0000,0x0000,0x0000,0x0000,0x0000,0x0000,0x0000,0x0000,
  0x0000,0x0000,0x0000,0x0000,0x0000,0x0000,0x0000,0x0000,0x0000,0x0000,0x0000,0x0000,0x0000,0x0000,0x0000,0x0000,
  0x0000,0x0000,0x0000,0x0000,0x0000,0x0000,0x0000,0x0000,0x0000,0x0000,0x0000,0x0000,0x0000,0x0000,0x0000,0x0000,
  0x0000,0x0000,0x0000,0x0000,0x0000,0x0000,0x0000,0x0000,0x0000,0x0000,0x0000,0x0000,0x0000,0x0000,0x0000,0x0000,
  0x0000,0x0000,0x0000,0x0000,0x0000,0x0000,0x0000,0x0000,0x0000,0x0000,0x0000,0x0000,0x0000,0x0000,0x0000,0x0000,
  0x0000,0x0000,0x0000,0x0000,0x0000,0x0000,0x0000,0x0000,0x0000,0x0000,0x0000,0x0000,0x0000,0x0000,0x0000,0x0000,
  0x0000,0x0000,0x0000,0x0000,0x0000,0x0000,0x0000,0x0000,0x0000,0x0000,0x0000,0x0000,0x0000,0x0000,0x0000,0x0000,
  0x0000,0x0000,0x0000,0x0000,0x0000,0x0000,0x0000,0x0000,0x0000,0x0000,0x0000,0x0000,0x0000,0x0000,0x0000,0x0000,
  0x0000,0x0000,0x0000,0x0000,0x0000,0x0000,0x0000,0x0000,0x0000,0x0000,0x0000,0x0000,0x0000,0x0000,0x0000,0x0000,
  0x0000,0x0000,0x0000,0x0000,0x0000,0x0000,0x0000,0x0000,0x0000,0x0000,0x0000,0x0000,0x0000,0x0000,0x0000,0x0000,
  0x0000,0x0000,0x0000,0x0000,0x0000,0x0000,0x0000,0x0000,0x0000,0x0000,0x0000,0x0000,0x0000,0x0000,0x0000,0x0000,
  0x0000,0x0000,0x0000,0x0000,0x0000,0x0000,0x0000,0x0000,0x0000,0x0000,0x0000,0x0000,0x0000,0x0000,0x0000,0x0000,
  0x0000,0x0000,0x0000,0x0000,0x0000,0x0000,0x0000,0x0000,0x0000,0x0000,0x0000,0x0000,0x0000,0x0000,0x0000,0x0000,
  0x0000,0x0000,0x0000,0x0000,0x0000,0x0000,0x0000,0x0000,0x0000,0x0000,0x0000,0x0000,0x0000,0x0000,0x0000,0x0000,
  0x0000,0x0000,0x0000,0x0000,0x0000,0x0000,0x0000,0x0000,0x0000,0x0000,0x0000,0x0000,0x0000,0x0000,0x0000,0x0000,
  0x0000,0x0000,0x0000,0x0000,0x0000,0x0000,0x0000,0x0000,0x0000,0x0000,0x0000,0x0000,0x0000,0x0000,0x0000,0x0000,
  0x0000,0x0000,0x0000,0x0000,0x0000,0x0000,0x0000,0x0000,0x0000,0x0000,0x0000,0x0000,0x0000,0x0000,0x0000,0x0000,
  0x0000,0x0000,0x0000,0x0000,0x0000,0x0000,0x0000,0x0000,0x0000,0x0000,0x0000,0x0000,0x0000,0x0000,0x0000,0x0000,
  0x0000,0x0000,0x0000,0x0000,0x0000,0x0000,0x0000,0x0000,0x0000,0x0000,0x0000,0x0000,0x0000,0x0000,0x0000,0x0000,
  0x0000,0x0000,0x0000,0x0000,0x0000,0x0000,0x0000,0x0000,0x0000,0x0000,0x0000,0x0000,0x0000,0x0000,0x0000,0x0000,
  0x0000,0x0000,0x0000,0x0000,0x0000,0x0000,0x0000,0x0000,0x0000,0x0000,0x0000,0x0000,0x0000,0x0000,0x0000,0x0000,
  0x0000,0x0000,0x0000,0x0000,0x0000,0x0000,0x0000,0x0000,0x0000,0x0000,0x0000,0x0000,0x0000,0x0000,0x0000,0x0000,
  0x0000,0x0000,0x0000,0x0000,0x0000,0x0000,0x0000,0x0000,0x0000,0x0000,0x0000,0x0000,0x0000,0x0000,0x0000,0x0000,
  0x0000,0x0000,0x0000,0x0000,0x0000,0x0000,0x0000,0x0000,0x0000,0x0000,0x0000,0x0000,0x0000,0x0000,0x0000,0x0000,
  0x0000,0x0000,0x0000,0x0000,0x0000,0x0000,0x0000,0x0000,0x0000,0x0000,0x0000,0x0000,0x0000,0x0000,0x0000,0x0000,
  0x0000,0x0000,0x0000,0x0000,0x0000,0x0000,0x0000,0x0000,0x0000,0x0000,0x0000,0x0000,0x0000,0x0000,0x0000,0x0000,
  0x0000,0x0000,0x0000,0x0000,0x0000,0x0000,0x0000,0x0000,0x0000,0x0000,0x0000,0x0000,0x0000,0x0000,0x0000,0x0000,
  0x0000,0x0000,0x0000,0x0000,0x0000,0x0000,0x0000,0x0000,0x0000,0x0000,0x0000,0x0000,0x0000,0x0000,0x0000,0x0000,
  0x0000,0x0000,0x0000,0x0000,0x0000,0x0000,0x0000,0x0000,0x0000,0x0000,0x0000,0x0000,0x0000,0x0000,0x0000,0x0000,
  0x0000,0x0000,0x0000,0x0000,0x0000,0x0000,0x0000,0x0000,0x0000,0x0000,0x0000,0x0000,0x0000,0x0000,0x0000,0x0000,
  0x0000,0x0000,0x0000,0x0000,0x0000,0x0000,0x0000,0x0000,0x0000,0x0000,0x0000,0x0000,0x0000,0x0000,0x0000,0x0000,
  0x0000,0x0000,0x0000,0x0000,0x0000,0x0000,0x0000,0x0000,0x0000,0x0000,0x0000,0x0000,0x0000,0x0000,0x0000,0x0000,
  0x0000,0x0000,0x0000,0x0000,0x0000,0x0000,0x0000,0x0000,0x0000,0x0000,0x0000,0x0000,0x0000,0x0000,0x0000,0x0000,
  0x0000,0x0000,0x0000,0x0000,0x0000,0x0000,0x0000,0x0000,0x0000,0x0000,0x0000,0x0000,0x0000,0x0000,0x0000,0x0000,
  0x0000,0x0000,0x0000,0x0000,0x0000,0x0000,0x0000,0x0000,0x0000,0x0000,0x0000,0x0000,0x0000,0x0000,0x0000,0x0000,
  0x0000,0x0000,0x0000,0x0000,0x0000,0x0000,0x0000,0x0000,0x0000,0x0000,0x0000,0x0000,0x0000,0x0000,0x0000,0x0000,
  0x0000,0x0000,0x0000,0x0000,0x0000,0x0000,0x0000,0x0000,0x0000,0x0000,0x0000,0x0000,0x0000,0x0000,0x0000,0x0000,
  0x0000,0x0000,0x0000,0x0000,0x0000,0x0000,0x0000,0x0000,0x0000,0x0000,0x0000,0x0000,0x0000,0x0000,0x0000,0x0000,
  0x0000,0x0000,0x0000,0x0000,0x0000,0x0000,0x0000,0x0000,0x0000,0x0000,0x0000,0x0000,0x0000,0x0000,0x0000,0x0000,
  0x0000,0x0000,0x0000,0x0000,0x0000,0x0000,0x0000,0x0000,0x0000,0x0000,0x0000,0x0000,0x0000,0x0000,0x0000,0x0000,
  0x0000,0x0000,0x0000,0x0000,0x0000,0x0000,0x0000,0x0000,0x0000,0x0000,0x0000,0x0000,0x0000,0x0000,0x0000,0x0000,
  0x0000,0x0000,0x0000,0x0000,0x0000,0x0000,0x0000,0x0000,0x0000,0x0000,0x0000,0x0000,0x0000,0x0000,0x0000,0x0000,
  0x0000,0x0000,0x0000,0x0000,0x0000,0x0000,0x0000,0x0000,0x0000,0x0000,0x0000,0x0000,0x0000,0x0000,0x0000,0x0000,
  0x0000,0x0000,0x0000,0x0000,0x0000,0x0000,0x0000,0x0000,0x0000,0x0000,0x0000,0x0000,0x0000,0x0000,0x0000,0x0000,
  0x0000,0x0000,0x0000,0x0000,0x0000,0x0000,0x0000,0x0000,0x0000,0x0000,0x0000,0x0000,0x0000,0x0000,0x0000,0x0000,
  0x0000,0x0000,0x0000,0x0000,0x0000,0x0000,0x0000,0x0000,0x0000,0x0000,0x0000,0x0000,0x0000,0x0000,0x0000,0x0000,
  0x0000,0x0000,0x0000,0x0000,0x0000,0x0000,0x0000,0x0000,0x0000,0x0000,0x0000,0x0000,0x0000,0x0000,0x0000,0x0000,
  0x0000,0x0000,0x0000,0x0000,0x0000,0x0000,0x0000,0x0000,0x0000,0x0000,0x0000,0x0000,0x0000,0x0000,0x0000,0x0000,
  0x0000,0x0000,0x0000,0x0000,0x0000,0x0000,0x0000,0x0000,0x0000,0x0000,0x0000,0x0000,0x0000,0x0000,0x0000,0x0000,
  0x0000,0x0000,0x0000,0x0000,0x0000,0x0000,0x0000,0x0000,0x0000,0x0000,0x0000,0x0000,0x0000,0x0000,0x0000,0x0000,
  0x0000,0x0000,0x0000,0x0000,0x0000,0x0000,0x0000,0x0000,0x0000,0x0000,0x0000,0x0000,0x0000,0x0000,0x0000,0x0000,
  0x0000,0x0000,0x0000,0x0000,0x0000,0x0000,0x0000,0x0000,0x0000,0x0000,0x0000,0x0000,0x0000,0x0000,0x0000,0x0000,
  0x0000,0x0000,0x0000,0x0000,0x0000,0x0000,0x0000,0x0000,0x0000,0x0000,0x0000,0x0000,0x0000,0x0000,0x0000,0x0000,
  0x0000,0x0000,0x0000,0x0000,0x0000,0x0000,0x0000,0x0000,0x0000,0x0000,0x0000,0x0000,0x0000,0x0000,0x0000,0x0000,
  0x0000,0x0000,0x0000,0x0000,0x0000,0x0000,0x0000,0x0000,0x0000,0x0000,0x0000,0x0000,0x0000,0x0000,0x0000,0x0000,
  0x0000,0x0000,0x0000,0x0000,0x0000,0x0000,0x0000,0x0000,0x0000,0x0000,0x0000,0x0000,0x0000,0x0000,0x0000,0x0000,
  0x0000,0x0000,0x0000,0x0000,0x0000,0x0000,0x0000,0x0000,0x0000,0x0000,0x0000,0x0000,0x0000,0x0000,0x0000,0x0000,
  0x0000,0x0000,0x0000,0x0000,0x0000,0x0000,0x0000,0x0000,0x0000,0x0000,0x0000,0x0000,0x0000,0x0000,0x0000,0x0000,
  0x0000,0x0000,0x0000,0x0000,0x0000,0x0000,0x0000,0x0000,0x0000,0x0000,0x0000,0x0000,0x0000,0x0000,0x0000,0x0000,
  0x0000,0x0000,0x0000,0x0000,0x0000,0x0000,0x0000,0x0000,0x0000,0x0000,0x0000,0x0000,0x0000,0x0000,0x0000,0x0000,
  0x0000,0x0000,0x0000,0x0000,0x0000,0x0000,0x0000,0x0000,0x0000,0x0000,0x0000,0x0000,0x0000,0x0000,0x0000,0x0000,
  0x0000,0x0000,0x0000,0x0000,0x0000,0x0000,0x0000,0x0000,0x0000,0x0000,0x0000,0x0000,0x0000,0x0000,0x0000,0x0000,
  0x0000,0x0000,0x0000,0x0000,0x0000,0x0000,0x0000,0x0000,0x0000,0x0000,0x0000,0x0000,0x0000,0x0000,0x0000,0x0000,
  0x0000,0x0000,0x0000,0x0000,0x0000,0x0000,0x0000,0x0000,0x0000,0x0000,0x0000,0x0000,0x0000,0x0000,0x0000,0x0000,
  0x0000,0x0000,0x0000,0x0000,0x0000,0x0000,0x0000,0x0000,0x0000,0x0000,0x0000,0x0000,0x0000,0x0000,0x0000,0x0000,
  0x0000,0x0000,0x0000,0x0000,0x0000,0x0000,0x0000,0x0000,0x0000,0x0000,0x0000,0x0000,0x0000,0x0000,0x0000,0x0000,
  0x0000,0x0000,0x0000,0x0000,0x0000,0x0000,0x0000,0x0000,0x0000,0x0000,0x0000,0x0000,0x0000,0x0000,0x0000,0x0000,
  0x0000,0x0000,0x0000,0x0000,0x0000,0x0000,0x0000,0x0000,0x0000,0x0000,0x0000,0x0000,0x0000,0x0000,0x0000,0x0000,
  0x0000,0x0000,0x0000,0x0000,0x0000,0x0000,0x0000,0x0000,0x0000,0x0000,0x0000,0x0000,0x0000,0x0000,0x0000,0x0000,
  0x0000,0x0000,0x0000,0x0000,0x0000,0x0000,0x0000,0x0000,0x0000,0x0000,0x0000,0x0000,0x0000,0x0000,0x0000,0x0000,
  0x0000,0x0000,0x0000,0x0000,0x0000,0x0000,0x0000,0x0000,0x0000,0x0000,0x0000,0x0000,0x0000,0x0000,0x0000,0x0000,
  0x0000,0x0000,0x0000,0x0000,0x0000,0x0000,0x0000,0x0000,0x0000,0x0000,0x0000,0x0000,0x0000,0x0000,0x0000,0x0000,
  0x0000,0x0000,0x0000,0x0000,0x0000,0x0000,0x0000,0x0000,0x0000,0x0000,0x0000,0x0000,0x0000,0x0000,0x0000,0x0000,
  0x0000,0x0000,0x0000,0x0000,0x0000,0x0000,0x0000,0x0000,0x0000,0x0000,0x0000,0x0000,0x0000,0x0000,0x0000,0x0000,
  0x0000,0x0000,0x0000,0x0000,0x0000,0x0000,0x0000,0x0000,0x0000,0x0000,0x0000,0x0000,0x0000,0x0000,0x0000,0x0000,
  0x0000,0x0000,0x0000,0x0000,0x0000,0x0000,0x0000,0x0000,0x0000,0x0000,0x0000,0x0000,0x0000,0x0000,0x0000,0x0000,
  0x0000,0x0000,0x0000,0x0000,0x0000,0x0000,0x0000,0x0000,0x0000,0x0000,0x0000,0x0000,0x0000,0x0000,0x0000,0x0000,
  0x0000,0x0000,0x0000,0x0000,0x0000,0x0000,0x0000,0x0000,0x0000,0x0000,0x0000,0x0000,0x0000,0x0000,0x0000,0x0000,
  0x0000,0x0000,0x0000,0x0000,0x0000,0x0000,0x0000,0x0000,0x0000,0x0000,0x0000,0x0000,0x0000,0x0000,0x0000,0x0000,
  0x0000,0x0000,0x0000,0x0000,0x0000,0x0000,0x0000,0x0000,0x0000,0x0000,0x0000,0x0000,0x0000,0x0000,0x0000,0x0000,
  0x0000,0x0000,0x0000,0x0000,0x0000,0x0000,0x0000,0x0000,0x0000,0x0000,0x0000,0x0000,0x0000,0x0000,0x0000,0x0000,
  0x0000,0x0000,0x0000,0x0000,0x0000,0x0000,0x0000,0x0000,0x0000,0x0000,0x0000,0x0000,0x0000,0x0000,0x0000,0x0000,
  0x0000,0x0000,0x0000,0x0000,0x0000,0x0000,0x0000,0x0000,0x0000,0x0000,0x0000,0x0000,0x0000,0x0000,0x0000,0x0000,
  0x0000,0x0000,0x0000,0x0000,0x0000,0x0000,0x0000,0x0000,0x0000,0x0000,0x0000,0x0000,0x0000,0x0000,0x0000,0x0000,
  0x0000,0x0000,0x0000,0x0000,0x0000,0x0000,0x0000,0x0000,0x0000,0x0000,0x0000,0x0000,0x0000,0x0000,0x0000,0x0000,
  0x0000,0x0000,0x0000,0x0000,0x0000,0x0000,0x0000,0x0000,0x0000,0x0000,0x0000,0x0000,0x0000,0x0000,0x0000,0x0000,
  0x0000,0x0000,0x0000,0x0000,0x0000,0x0000,0x0000,0x0000,0x0000,0x0000,0x0000,0x0000,0x0000,0x0000,0x0000,0x0000,
  0x0000,0x0000,0x0000,0x0000,0x0000,0x0000,0x0000,0x0000,0x0000,0x0000,0x0000,0x0000,0x0000,0x0000,0x0000,0x0000,
  0x0000,0x0000,0x0000,0x0000,0x0000,0x0000,0x0000,0x0000,0x0000,0x0000,0x0000,0x0000,0x0000,0x0000,0x0000,0x0000,
  0x0000,0x0000,0x0000,0x0000,0x0000,0x0000,0x0000,0x0000,0x0000,0x0000,0x0000,0x0000,0x0000,0x0000,0x0000,0x0000,
  0x0000,0x0000,0x0000,0x0000,0x0000,0x0000,0x0000,0x0000,0x0000,0x0000,0x0000,0x0000,0x0000,0x0000,0x0000,0x0000,
  0x0000,0x0000,0x0000,0x0000,0x0000,0x0000,0x0000,0x0000,0x0000,0x0000,0x0000,0x0000,0x0000,0x0000,0x0000,0x0000,
  0x0000,0x0000,0x0000,0x0000,0x0000,0x0000,0x0000,0x0000,0x0000,0x0000,0x0000,0x0000,0x0000,0x0000,0x0000,0x0000,
  0x0000,0x0000,0x0000,0x0000,0x0000,0x0000,0x0000,0x0000,0x0000,0x0000,0x0000,0x0000,0x0000,0x0000,0x0000,0x0000,
  0x0000,0x0000,0x0000,0x0000,0x0000,0x0000,0x0000,0x0000,0x0000,0x0000,0x0000,0x0000,0x0000,0x0000,0x0000,0x0000,
  0x0000,0x0000,0x0000,0x0000,0x0000,0x0000,0x0000,0x0000,0x0000,0x0000,0x0000,0x0000,0x0000,0x0000,0x0000,0x0000,
  0x0000,0x0000,0x0000,0x0000,0x0000,0x0000,0x0000,0x0000,0x0000,0x0000,0x0000,0x0000,0x0000,0x0000,0x0000,0x0000,
  0x0000,0x0000,0x0000,0x0000,0x0000,0x0000,0x0000,0x0000,0x0000,0x0000,0x0000,0x0000,0x0000,0x0000,0x0000,0x0000,
  0x0000,0x0000,0x0000,0x0000,0x0000,0x0000,0x0000,0x0000,0x0000,0x0000,0x0000,0x0000,0x0000,0x0000,0x0000,0x0000,
  0x0000,0x0000,0x0000,0x0000,0x0000,0x0000,0x0000,0x0000,0x0000,0x0000,0x0000,0x0000,0x0000,0x0000,0x0000,0x0000,
  0x0000,0x0000,0x0000,0x0000,0x0000,0x0000,0x0000,0x0000,0x0000,0x0000,0x0000,0x0000,0x0000,0x0000,0x0000,0x0000,
  0x0000,0x0000,0x0000,0x0000,0x0000,0x0000,0x0000,0x0000,0x0000,0x0000,0x0000,0x0000,0x0000,0x0000,0x0000,0x0000,
  0x0000,0x0000,0x0000,0x0000,0x0000,0x0000,0x0000,0x0000,0x0000,0x0000,0x0000,0x0000,0x0000,0x0000,0x0000,0x0000,
  0x0000,0x0000,0x0000,0x0000,0x0000,0x0000,0x0000,0x0000,0x0000,0x0000,0x0000,0x0000,0x0000,0x0000,0x0000,0x0000,
  0x0000,0x0000,0x0000,0x0000,0x0000,0x0000,0x0000,0x0000,0x0000,0x0000,0x0000,0x0000,0x0000,0x0000,0x0000,0x0000,
  0x0000,0x0000,0x0000,0x0000,0x0000,0x0000,0x0000,0x0000,0x0000,0x0000,0x0000,0x0000,0x0000,0x0000,0x0000,0x0000,
  0x0000,0x0000,0x0000,0x0000,0x0000,0x0000,0x0000,0x0000,0x0000,0x0000,0x0000,0x0000,0x0000,0x0000,0x0000,0x0000,
  0x0000,0x0000,0x0000,0x0000,0x0000,0x0000,0x0000,0x0000,0x0000,0x0000,0x0000,0x0000,0x0000,0x0000,0x0000,0x0000,
  0x0000,0x0000,0x0000,0x0000,0x0000,0x0000,0x0000,0x0000,0x0000,0x0000,0x0000,0x0000,0x0000,0x0000,0x0000,0x0000,
  0x0000,0x0000,0x0000,0x0000,0x0000,0x0000,0x0000,0x0000,0x0000,0x0000,0x0000,0x0000,0x0000,0x0000,0x0000,0x0000,
  0x0000,0x0000,0x0000,0x0000,0x0000,0x0000,0x0000,0x0000,0x0000,0x0000,0x0000,0x0000,0x0000,0x0000,0x0000,0x0000,
  0x0000,0x0000,0x0000,0x0000,0x0000,0x0000,0x0000,0x0000,0x0000,0x0000,0x0000,0x0000,0x0000,0x0000,0x0000,0x0000,
  0x0000,0x0000,0x0000,0x0000,0x0000,0x0000,0x0000,0x0000,0x0000,0x0000,0x0000,0x0000,0x0000,0x0000,0x0000,0x0000,
  0x0000,0x0000,0x0000,0x0000,0x0000,0x0000,0x0000,0x0000,0x0000,0x0000,0x0000,0x0000,0x0000,0x0000,0x0000,0x0000,
  0x0000,0x0000,0x0000,0x0000,0x0000,0x0000,0x0000,0x0000,0x0000,0x0000,0x0000,0x0000,0x0000,0x0000,0x0000,0x0000,
  0x0000,0x0000,0x0000,0x0000,0x0000,0x0000,0x0000,0x0000,0x0000,0x0000,0x0000,0x0000,0x0000,0x0000,0x0000,0x0000,
  0x0000,0x0000,0x0000,0x0000,0x0000,0x0000,0x0000,0x0000,0x0000,0x0000,0x0000,0x0000,0x0000,0x0000,0x0000,0x0000,
  0x0000,0x0000,0x0000,0x0000,0x0000,0x0000,0x0000,0x0000,0x0000,0x0000,0x0000,0x0000,0x0000,0x0000,0x0000,0x0000,
  0x0000,0x0000,0x0000,0x0000,0x0000,0x0000,0x0000,0x0000,0x0000,0x0000,0x0000,0x0000,0x0000,0x0000,0x0000,0x0000,
  0x0000,0x0000,0x0000,0x0000,0x0000,0x0000,0x0000,0x0000,0x0000,0x0000,0x0000,0x0000,0x0000,0x0000,0x0000,0x0000,
  0x0000,0x0000,0x0000,0x0000,0x0000,0x0000,0x0000,0x0000,0x0000,0x0000,0x0000,0x0000,0x0000,0x0000,0x0000,0x0000,
  0x0000,0x0000,0x0000,0x0000,0x0000,0x0000,0x0000,0x0000,0x0000,0x0000,0x0000,0x0000,0x0000,0x0000,0x0000,0x0000,
  0x0000,0x0000,0x0000,0x0000,0x0000,0x0000,0x0000,0x0000,0x0000,0x0000,0x0000,0x0000,0x0000,0x0000,0x0000,0x0000,
  0x0000,0x0000,0x0000,0x0000,0x0000,0x0000,0x0000,0x0000,0x0000,0x0000,0x0000,0x0000,0x0000,0x0000,0x0000,0x0000,
  0x0000,0x0000,0x0000,0x0000,0x0000,0x0000,0x0000,0x0000,0x0000,0x0000,0x0000,0x0000,0x0000,0x0000,0x0000,0x0000,
  0x0000,0x0000,0x0000,0x0000,0x0000,0x0000,0x0000,0x0000,0x0000,0x0000,0x0000,0x0000,0x0000,0x0000,0x0000,0x0000,
  0x0000,0x0000,0x0000,0x0000,0x0000,0x0000,0x0000,0x0000,0x0000,0x0000,0x0000,0x0000,0x0000,0x0000,0x0000,0x0000,
  0x0000,0x0000,0x0000,0x0000,0x0000,0x0000,0x0000,0x0000,0x0000,0x0000,0x0000,0x0000,0x0000,0x0000,0x0000,0x0000,
  0x0000,0x0000,0x0000,0x0000,0x0000,0x0000,0x0000,0x0000,0x0000,0x0000,0x0000,0x0000,0x0000,0x0000,0x0000,0x0000,
  0x0000,0x0000,0x0000,0x0000,0x0000,0x0000,0x0000,0x0000,0x0000,0x0000,0x0000,0x0000,0x0000,0x0000,0x0000,0x0000,
  0x0000,0x0000,0x0000,0x0000,0x0000,0x0000,0x0000,0x0000,0x0000,0x0000,0x0000,0x0000,0x0000,0x0000,0x0000,0x0000,
  0x0000,0x0000,0x0000,0x0000,0x0000,0x0000,0x0000,0x0000,0x0000,0x0000,0x0000,0x0000,0x0000,0x0000,0x0000,0x0000,
  0x0000,0x0000,0x0000,0x0000,0x0000,0x0000,0x0000,0x0000,0x0000,0x0000,0x0000,0x0000,0x0000,0x0000,0x0000,0x0000,
  0x0000,0x0000,0x0000,0x0000,0x0000,0x0000,0x0000,0x0000,0x0000,0x0000,0x0000,0x0000,0x0000,0x0000,0x0000,0x0000,
  0x0000,0x0000,0x0000,0x0000,0x0000,0x0000,0x0000,0x0000,0x0000,0x0000,0x0000,0x0000,0x0000,0x0000,0x0000,0x0000,
};
